payment_id,order_id,date_key,method,amount,status
7000000000,1000000000,20241126,CARD,63636.0,PAID
7000000001,1000000001,20240131,GATEWAY,78146.4,PENDING
7000000002,1000000002,20250226,CARD,32064.6,PAID
7000000003,1000000003,20250301,CARD,30855.0,PAID
7000000004,1000000004,20240330,CARD,53451.75,PAID
7000000005,1000000005,20240312,CASH,29040.0,PAID
7000000006,1000000006,20250715,CARD,18442.5,REFUNDED
7000000007,1000000007,20241111,CARD,17535.0,PAID
7000000008,1000000008,20240825,CARD,109011.0,PAID
7000000009,1000000009,20240330,GATEWAY,16718.25,PAID
7000000010,1000000010,20240313,TRANSFER,17787.0,REFUNDED
7000000011,1000000011,20250617,CASH,41309.4,PAID
7000000012,1000000012,20240809,CARD,42688.8,PAID
7000000013,1000000013,20250323,CASH,123283.88,PAID
7000000014,1000000014,20250818,CARD,15129.6,PAID
7000000015,1000000015,20240915,CARD,29659.2,FAILED
7000000016,1000000016,20250827,GATEWAY,28642.8,PAID
7000000017,1000000017,20250219,CARD,80912.7,PAID
7000000018,1000000018,20240714,GATEWAY,100107.9,FAILED
7000000019,1000000019,20250421,CARD,46023.24,PAID
7000000020,1000000020,20240506,CARD,59895.0,PAID
7000000021,1000000021,20250923,CARD,29659.2,PAID
7000000022,1000000022,20240331,TRANSFER,29040.0,REFUNDED
7000000023,1000000023,20250705,CASH,82764.0,PAID
7000000024,1000000024,20250302,CARD,14229.6,PAID
7000000025,1000000025,20250826,CARD,86005.88,PAID
7000000026,1000000026,20241212,CARD,17535.0,PAID
7000000027,1000000027,20241202,CARD,28488.0,PAID
7000000028,1000000028,20240517,CARD,14520.0,PAID
7000000029,1000000029,20250914,CARD,79235.4,PAID
7000000030,1000000030,20250609,CARD,41382.0,PAID
7000000031,1000000031,20250510,CASH,28459.2,PAID
7000000032,1000000032,20250315,CARD,33870.0,PAID
7000000033,1000000033,20240608,CASH,17787.0,PAID
7000000034,1000000034,20241117,CASH,103318.88,PAID
7000000035,1000000035,20240112,CARD,26136.0,PAID
7000000036,1000000036,20240924,CARD,61158.0,PAID
7000000037,1000000037,20240126,CARD,31082.16,PAID
7000000038,1000000038,20240202,CARD,14229.6,PAID
7000000039,1000000039,20240523,CARD,71583.6,PAID
7000000040,1000000040,20240304,CARD,14994.0,FAILED
7000000041,1000000041,20240114,CASH,29657.1,PAID
7000000042,1000000042,20240927,GATEWAY,13914.6,PAID
7000000043,1000000043,20240521,CARD,48816.0,PAID
7000000044,1000000044,20250902,GATEWAY,90435.0,PAID
7000000045,1000000045,20240201,GATEWAY,44460.0,PAID
7000000046,1000000046,20240112,CARD,39930.0,PAID
7000000047,1000000047,20240308,CASH,13068.0,PAID
7000000048,1000000048,20240913,CARD,28459.2,PENDING
7000000049,1000000049,20240811,TRANSFER,49005.0,PAID
7000000050,1000000050,20240725,GATEWAY,35685.0,PAID
7000000051,1000000051,20240915,CARD,38252.7,PAID
7000000052,1000000052,20241104,CARD,85377.6,PAID
7000000053,1000000053,20240810,CARD,33570.0,FAILED
7000000054,1000000054,20240316,CASH,14941.08,PAID
7000000055,1000000055,20250723,CARD,51727.5,PAID
7000000056,1000000056,20250412,CARD,87140.25,PAID
7000000057,1000000057,20250221,CASH,34394.25,PAID
7000000058,1000000058,20240921,CARD,53953.5,FAILED
7000000059,1000000059,20240701,CARD,77682.0,PAID
7000000060,1000000060,20240225,CARD,35283.6,FAILED
7000000061,1000000061,20250301,CARD,15720.0,PAID
7000000062,1000000062,20241223,TRANSFER,54450.0,PAID
7000000063,1000000063,20240530,GATEWAY,46323.24,PAID
7000000064,1000000064,20250304,GATEWAY,19168.5,PAID
7000000065,1000000065,20240917,GATEWAY,43888.8,PAID
7000000066,1000000066,20240126,GATEWAY,43888.8,FAILED
7000000067,1000000067,20250411,GATEWAY,18687.0,REFUNDED
7000000068,1000000068,20241201,CARD,102166.35,PAID
7000000069,1000000069,20240612,CARD,53361.0,PAID
7000000070,1000000070,20250725,CARD,15420.0,PAID
7000000071,1000000071,20240722,CARD,14229.6,PAID
7000000072,1000000072,20240202,GATEWAY,17018.25,PAID
7000000073,1000000073,20241207,CARD,19576.35,PAID
7000000074,1000000074,20241214,CARD,69071.4,PAID
7000000075,1000000075,20250322,CARD,36474.0,PAID
7000000076,1000000076,20240301,CARD,29659.2,PAID
7000000077,1000000077,20241204,CASH,28459.2,PAID
7000000078,1000000078,20250109,CARD,49186.5,PAID
7000000079,1000000079,20250916,GATEWAY,40404.0,PAID
7000000080,1000000080,20241111,CARD,18687.0,PAID
7000000081,1000000081,20250202,CARD,64788.0,PAID
7000000082,1000000082,20250921,CARD,42582.0,PAID
7000000083,1000000083,20240210,GATEWAY,47301.0,REFUNDED
7000000084,1000000084,20241125,GATEWAY,19050.0,PAID
7000000085,1000000085,20250301,GATEWAY,16441.08,PAID
7000000086,1000000086,20250818,GATEWAY,14268.0,PAID
7000000087,1000000087,20241213,CARD,14994.0,FAILED
7000000088,1000000088,20240203,GATEWAY,69144.0,PAID
7000000089,1000000089,20250618,CARD,18442.5,PAID
7000000090,1000000090,20240127,CARD,45458.25,PAID
7000000091,1000000091,20240217,GATEWAY,110342.92,PAID
7000000092,1000000092,20240613,GATEWAY,37200.0,PAID
7000000093,1000000093,20241114,CASH,102456.75,PAID
7000000094,1000000094,20241227,CASH,90387.0,PAID
7000000095,1000000095,20250925,GATEWAY,59897.1,PAID
7000000096,1000000096,20250523,CASH,42688.8,PAID
7000000097,1000000097,20240612,CASH,18676.35,PAID
7000000098,1000000098,20250116,CARD,44351.1,PAID
7000000099,1000000099,20240227,CARD,14520.0,PAID
7000000100,1000000100,20240730,CARD,28909.08,FAILED
7000000101,1000000101,20240330,GATEWAY,44460.0,PAID
7000000102,1000000102,20241119,CARD,43888.8,PAID
7000000103,1000000103,20240325,CASH,37243.8,PENDING
7000000104,1000000104,20240323,CARD,37500.0,REFUNDED
7000000105,1000000105,20240512,CARD,27336.0,PAID
7000000106,1000000106,20250208,GATEWAY,19050.0,PAID
7000000107,1000000107,20240522,CARD,42064.2,PAID
7000000108,1000000108,20250704,CASH,56029.05,PAID
7000000109,1000000109,20240422,CARD,39930.0,PAID
7000000110,1000000110,20250604,TRANSFER,82364.7,FAILED
7000000111,1000000111,20241220,GATEWAY,19876.35,PAID
7000000112,1000000112,20250228,CASH,92891.7,PAID
7000000113,1000000113,20240121,CARD,15652.56,FAILED
7000000114,1000000114,20240917,TRANSFER,11761.2,PAID
7000000115,1000000115,20240219,CARD,27636.0,REFUNDED
7000000116,1000000116,20240701,CARD,49116.0,PAID
7000000117,1000000117,20250119,CARD,30240.0,PAID
7000000118,1000000118,20250816,CARD,47857.68,PAID
7000000119,1000000119,20250716,CARD,17787.0,PAID
7000000120,1000000120,20240418,CARD,14229.6,PAID
7000000121,1000000121,20241220,TRANSFER,45520.2,PAID
7000000122,1000000122,20250830,CASH,43560.0,PAID
7000000123,1000000123,20250624,CARD,18987.0,FAILED
7000000124,1000000124,20240206,GATEWAY,67367.64,PAID
7000000125,1000000125,20240709,TRANSFER,62073.0,PAID
7000000126,1000000126,20240612,CASH,18150.0,PAID
7000000127,1000000127,20240228,CARD,69988.5,PAID
7000000128,1000000128,20250420,CARD,101470.2,FAILED
7000000129,1000000129,20250917,CARD,76858.8,PAID
7000000130,1000000130,20250521,CASH,14701.5,PAID
7000000131,1000000131,20240125,CASH,47916.0,PAID
7000000132,1000000132,20240726,CARD,33216.6,PAID
7000000133,1000000133,20240614,TRANSFER,18150.0,PAID
7000000134,1000000134,20240106,CASH,75358.8,PAID
7000000135,1000000135,20240530,CASH,39930.0,PAID
7000000136,1000000136,20250120,CARD,34485.0,PAID
7000000137,1000000137,20241115,GATEWAY,14229.6,PAID
7000000138,1000000138,20240103,CARD,42882.0,PAID
7000000139,1000000139,20240406,CARD,17535.0,PAID
7000000140,1000000140,20250217,CASH,16008.3,PAID
7000000141,1000000141,20241130,TRANSFER,14374.8,REFUNDED
7000000142,1000000142,20250625,CARD,62854.26,REFUNDED
7000000143,1000000143,20240606,CARD,80586.0,PAID
7000000144,1000000144,20240209,CARD,35937.0,FAILED
7000000145,1000000145,20250719,GATEWAY,37800.0,PAID
7000000146,1000000146,20240505,CARD,100951.88,PAID
7000000147,1000000147,20241207,CARD,72701.4,PAID
7000000148,1000000148,20250621,CARD,43888.8,PAID
7000000149,1000000149,20250121,GATEWAY,17235.0,PAID
7000000150,1000000150,20250530,CARD,39131.4,PAID
7000000151,1000000151,20240416,CARD,42688.8,PAID
7000000152,1000000152,20240108,CARD,11761.2,PAID
7000000153,1000000153,20250610,CARD,13068.0,FAILED
7000000154,1000000154,20240701,CASH,51455.25,PAID
7000000155,1000000155,20240212,CARD,15420.0,PAID
7000000156,1000000156,20241029,CASH,51727.5,PAID
7000000157,1000000157,20250126,TRANSFER,71692.5,FAILED
7000000158,1000000158,20240424,CARD,36300.0,PAID
7000000159,1000000159,20240714,CARD,16141.08,PAID
7000000160,1000000160,20240613,TRANSFER,35574.0,PAID
7000000161,1000000161,20241021,GATEWAY,55350.0,PAID
7000000162,1000000162,20250731,CARD,27588.0,PAID
7000000163,1000000163,20240224,CARD,27036.0,PAID
7000000164,1000000164,20250222,CARD,77130.0,PAID
7000000165,1000000165,20250827,GATEWAY,29959.2,PAID
7000000166,1000000166,20250727,GATEWAY,53744.25,PAID
7000000167,1000000167,20250118,CARD,58172.85,FAILED
7000000168,1000000168,20240226,CARD,50205.0,FAILED
7000000169,1000000169,20240708,GATEWAY,14268.0,PAID
7000000170,1000000170,20240329,TRANSFER,36300.0,PAID
7000000171,1000000171,20250227,CARD,15429.6,PENDING
7000000172,1000000172,20240507,GATEWAY,28488.0,PAID
7000000173,1000000173,20250616,CARD,39315.0,PAID
7000000174,1000000174,20240907,TRANSFER,14229.6,PAID
7000000175,1000000175,20240531,GATEWAY,15420.0,PAID
7000000176,1000000176,20250225,CASH,17968.5,PAID
7000000177,1000000177,20241123,CARD,16718.25,PAID
7000000178,1000000178,20250503,CARD,16335.0,PAID
7000000179,1000000179,20250812,GATEWAY,88746.0,PAID
7000000180,1000000180,20240521,GATEWAY,31692.0,PAID
7000000181,1000000181,20241112,CARD,29359.2,PAID
7000000182,1000000182,20240908,GATEWAY,31546.8,PAID
7000000183,1000000183,20241026,TRANSFER,32670.0,PAID
7000000184,1000000184,20250511,CASH,16335.0,PAID
7000000185,1000000185,20240718,CARD,73611.24,PAID
7000000186,1000000186,20240730,GATEWAY,14694.0,PAID
7000000187,1000000187,20250212,CARD,39204.0,REFUNDED
7000000188,1000000188,20250823,CARD,32670.0,PAID
7000000189,1000000189,20240502,GATEWAY,45723.24,PAID
7000000190,1000000190,20240605,CARD,14229.6,PAID
7000000191,1000000191,20250916,CARD,106896.24,FAILED
7000000192,1000000192,20240308,CASH,14520.0,PAID
7000000193,1000000193,20240215,CARD,40404.0,PAID
7000000194,1000000194,20250913,GATEWAY,54450.0,PAID
7000000195,1000000195,20250228,CARD,56666.4,PAID
7000000196,1000000196,20250814,GATEWAY,37500.0,PAID
7000000197,1000000197,20240409,GATEWAY,14268.0,PAID
7000000198,1000000198,20240203,CARD,36183.6,PAID
7000000199,1000000199,20250319,GATEWAY,59280.0,PAID
7000000200,1000000200,20240925,GATEWAY,27036.0,PAID
7000000201,1000000201,20241116,GATEWAY,50749.5,REFUNDED
7000000202,1000000202,20250327,CARD,43560.0,PAID
7000000203,1000000203,20241117,CARD,39204.0,PAID
7000000204,1000000204,20250127,GATEWAY,50205.0,FAILED
7000000205,1000000205,20240930,CARD,17787.0,PAID
7000000206,1000000206,20250726,CARD,29659.2,PAID
7000000207,1000000207,20250507,GATEWAY,15841.08,PAID
7000000208,1000000208,20250411,CASH,53905.5,PAID
7000000209,1000000209,20250403,CARD,31692.0,PAID
7000000210,1000000210,20250320,CARD,17835.0,PAID
7000000211,1000000211,20250719,CASH,80803.8,REFUNDED
7000000212,1000000212,20250218,CARD,15129.6,PAID
7000000213,1000000213,20240416,GATEWAY,20557.5,PAID
7000000214,1000000214,20240719,GATEWAY,28342.8,PAID
7000000215,1000000215,20240129,CARD,62628.15,PAID
7000000216,1000000216,20250510,GATEWAY,19866.75,PAID
7000000217,1000000217,20240405,CARD,72554.62,PAID
7000000218,1000000218,20240704,CARD,39750.6,PAID
7000000219,1000000219,20240612,CASH,54450.0,PAID
7000000220,1000000220,20250921,CARD,14694.0,PAID
7000000221,1000000221,20250507,CARD,28459.2,PAID
7000000222,1000000222,20240830,CARD,26136.0,PAID
7000000223,1000000223,20241224,CASH,27442.8,PAID
7000000224,1000000224,20250322,CARD,50205.0,PAID
7000000225,1000000225,20250805,CARD,41164.2,PAID
7000000226,1000000226,20240716,CARD,36483.6,PAID
7000000227,1000000227,20240717,GATEWAY,43888.8,PAID
7000000228,1000000228,20250327,CARD,43588.8,PAID
7000000229,1000000229,20250410,CARD,16335.0,FAILED
7000000230,1000000230,20241229,GATEWAY,40104.0,PAID
7000000231,1000000231,20240608,GATEWAY,58072.5,PAID
7000000232,1000000232,20250221,GATEWAY,45892.56,PAID
7000000233,1000000233,20241119,CARD,19050.0,PAID
7000000234,1000000234,20250528,CARD,29659.2,PAID
7000000235,1000000235,20241002,CASH,26136.0,FAILED
7000000236,1000000236,20250104,CASH,29040.0,PAID
7000000237,1000000237,20241114,CASH,43560.0,PAID
7000000238,1000000238,20250322,CASH,25613.28,PAID
7000000239,1000000239,20240220,GATEWAY,63408.6,PAID
7000000240,1000000240,20241020,CARD,48090.0,REFUNDED
7000000241,1000000241,20241011,CASH,71874.0,PAID
7000000242,1000000242,20250815,GATEWAY,46023.24,FAILED
7000000243,1000000243,20250608,CARD,19965.0,PAID
7000000244,1000000244,20240913,CARD,24829.2,PAID
7000000245,1000000245,20250508,CASH,48823.5,REFUNDED
7000000246,1000000246,20250927,GATEWAY,74596.5,FAILED
7000000247,1000000247,20241202,GATEWAY,19576.35,PAID
7000000248,1000000248,20241026,TRANSFER,13068.0,PAID
7000000249,1000000249,20240419,CASH,47916.0,PAID
7000000250,1000000250,20240921,CARD,52955.25,PAID
7000000251,1000000251,20240315,CASH,41382.0,PAID
7000000252,1000000252,20240302,CASH,53361.0,PAID
7000000253,1000000253,20250423,GATEWAY,56018.16,REFUNDED
7000000254,1000000254,20241013,TRANSFER,25613.28,PAID
7000000255,1000000255,20240813,GATEWAY,18687.0,PAID
7000000256,1000000256,20241001,GATEWAY,29659.2,PAID
7000000257,1000000257,20250530,CARD,70059.0,PAID
7000000258,1000000258,20241226,CARD,35385.0,PAID
7000000259,1000000259,20250904,GATEWAY,32805.12,REFUNDED
7000000260,1000000260,20241212,CARD,41130.0,PAID
7000000261,1000000261,20250814,CARD,29040.0,PAID
7000000262,1000000262,20241118,CARD,43588.8,PAID
7000000263,1000000263,20241231,CARD,49905.0,PAID
7000000264,1000000264,20250819,CARD,69750.45,PAID
7000000265,1000000265,20240427,GATEWAY,64468.56,PAID
7000000266,1000000266,20250507,GATEWAY,48325.95,PAID
7000000267,1000000267,20240229,CARD,33870.0,PAID
7000000268,1000000268,20250314,CARD,13794.0,FAILED
7000000269,1000000269,20241013,CARD,83617.05,FAILED
7000000270,1000000270,20240216,CASH,14229.6,PAID
7000000271,1000000271,20240212,CARD,87448.8,REFUNDED
7000000272,1000000272,20241025,GATEWAY,33144.0,PAID
7000000273,1000000273,20240301,CARD,43588.8,PAID
7000000274,1000000274,20240928,CARD,77064.9,PAID
7000000275,1000000275,20240621,GATEWAY,27336.0,PAID
7000000276,1000000276,20250526,CARD,29040.0,PAID
7000000277,1000000277,20241014,CARD,50820.0,PAID
7000000278,1000000278,20250304,GATEWAY,27636.0,PAID
7000000279,1000000279,20250815,GATEWAY,54261.0,FAILED
7000000280,1000000280,20240720,CARD,33033.0,PAID
7000000281,1000000281,20250311,CARD,54101.28,PAID
7000000282,1000000282,20241228,GATEWAY,24422.4,PAID
7000000283,1000000283,20250721,CARD,16718.25,PAID
7000000284,1000000284,20240309,CARD,70785.0,PAID
7000000285,1000000285,20241030,CARD,19350.0,FAILED
7000000286,1000000286,20240711,CARD,37074.0,PAID
7000000287,1000000287,20250617,CASH,51727.5,PAID
7000000288,1000000288,20250201,CASH,14229.6,PAID
7000000289,1000000289,20250226,CARD,90389.1,FAILED
7000000290,1000000290,20241104,GATEWAY,105354.3,PAID
7000000291,1000000291,20241017,GATEWAY,56900.25,PAID
7000000292,1000000292,20250429,CARD,32270.7,PAID
7000000293,1000000293,20250821,CARD,27036.0,PAID
7000000294,1000000294,20240422,CARD,44460.0,FAILED
7000000295,1000000295,20250327,TRANSFER,24829.2,REFUNDED
7000000296,1000000296,20240628,CASH,18150.0,PAID
7000000297,1000000297,20250811,CASH,53361.0,REFUNDED
7000000298,1000000298,20241104,CASH,41382.0,PAID
7000000299,1000000299,20240506,CARD,43560.0,PAID
7000000300,1000000300,20241119,GATEWAY,54633.6,PAID
7000000301,1000000301,20240506,GATEWAY,29040.0,PAID
7000000302,1000000302,20250807,GATEWAY,69507.0,FAILED
7000000303,1000000303,20240316,CARD,39204.0,PAID
7000000304,1000000304,20240315,CARD,119873.77,PAID
7000000305,1000000305,20250413,CARD,31692.0,PAID
7000000306,1000000306,20240429,CARD,83671.5,PAID
7000000307,1000000307,20240912,CARD,17835.0,PAID
7000000308,1000000308,20240327,GATEWAY,17835.0,PAID
7000000309,1000000309,20240409,CASH,45738.0,FAILED
7000000310,1000000310,20250104,GATEWAY,27636.0,PAID
7000000311,1000000311,20250107,CARD,36209.25,PAID
7000000312,1000000312,20250223,CASH,36209.25,PAID
7000000313,1000000313,20250519,CARD,71692.5,PAID
7000000314,1000000314,20241015,GATEWAY,33579.6,PAID
7000000315,1000000315,20250505,CARD,54351.75,PAID
7000000316,1000000316,20250427,CARD,71601.75,PAID
7000000317,1000000317,20240816,CARD,37437.0,PAID
7000000318,1000000318,20241006,CARD,15246.0,PAID
7000000319,1000000319,20240420,CARD,15429.6,PAID
7000000320,1000000320,20250818,CARD,36592.5,PAID
7000000321,1000000321,20250802,GATEWAY,94491.0,PAID
7000000322,1000000322,20241120,CASH,37243.8,PAID
7000000323,1000000323,20250401,CARD,54711.36,PAID
7000000324,1000000324,20250111,CASH,69812.16,PAID
7000000325,1000000325,20241014,CARD,28749.6,PAID
7000000326,1000000326,20240616,CARD,84070.8,PAID
7000000327,1000000327,20250109,CARD,31082.16,PAID
7000000328,1000000328,20250210,GATEWAY,82239.75,PAID
7000000329,1000000329,20240315,CARD,44324.4,PAID
7000000330,1000000330,20241214,CASH,29040.0,PAID
7000000331,1000000331,20241224,CARD,68581.35,PAID
7000000332,1000000332,20250917,GATEWAY,62547.0,PAID
7000000333,1000000333,20241216,GATEWAY,16552.56,FAILED
7000000334,1000000334,20250507,GATEWAY,71341.2,PAID
7000000335,1000000335,20240210,CARD,73691.1,PAID
7000000336,1000000336,20240719,GATEWAY,47964.0,PAID
7000000337,1000000337,20240912,CARD,17835.0,PAID
7000000338,1000000338,20240322,GATEWAY,47146.2,REFUNDED
7000000339,1000000339,20250508,GATEWAY,54561.0,FAILED
7000000340,1000000340,20240805,GATEWAY,14268.0,PAID
7000000341,1000000341,20241221,CASH,30492.0,PAID
7000000342,1000000342,20241006,CARD,18142.5,PAID
7000000343,1000000343,20240811,CARD,27989.4,PAID
7000000344,1000000344,20240723,GATEWAY,41430.0,PAID
7000000345,1000000345,20240501,CARD,41164.2,PAID
7000000346,1000000346,20250312,TRANSFER,41382.0,PAID
7000000347,1000000347,20240818,CARD,54261.0,PAID
7000000348,1000000348,20241115,CASH,12414.6,PAID
7000000349,1000000349,20240829,CARD,44760.0,PAID
7000000350,1000000350,20240318,CASH,42688.8,PAID
7000000351,1000000351,20240503,CARD,32670.0,PAID
7000000352,1000000352,20250216,CARD,35203.5,PAID
7000000353,1000000353,20250508,CASH,41382.0,PAID
7000000354,1000000354,20250509,CARD,17172.0,PAID
7000000355,1000000355,20241209,CARD,50205.0,PAID
7000000356,1000000356,20250605,GATEWAY,53361.0,PAID
7000000357,1000000357,20240229,CARD,14229.6,PAID
7000000358,1000000358,20250708,CARD,34485.0,PAID
7000000359,1000000359,20240709,TRANSFER,35574.0,PAID
7000000360,1000000360,20240923,CASH,62871.6,PAID
7000000361,1000000361,20250119,GATEWAY,72783.6,PAID
7000000362,1000000362,20240814,CARD,43560.0,PAID
7000000363,1000000363,20240607,CARD,13794.0,PAID
7000000364,1000000364,20250818,CASH,29882.16,PAID
7000000365,1000000365,20250820,CARD,81486.0,REFUNDED
7000000366,1000000366,20250715,CARD,57529.05,PAID
7000000367,1000000367,20250419,GATEWAY,33570.0,PAID
7000000368,1000000368,20241102,CARD,27336.0,FAILED
7000000369,1000000369,20241211,CARD,39204.0,PAID
7000000370,1000000370,20250818,CASH,36209.25,PAID
7000000371,1000000371,20240115,GATEWAY,37500.0,PAID
7000000372,1000000372,20240821,GATEWAY,15383.7,PAID
7000000373,1000000373,20240218,GATEWAY,16146.0,PAID
7000000374,1000000374,20250414,CARD,53361.0,PAID
7000000375,1000000375,20250624,GATEWAY,18051.75,PAID
7000000376,1000000376,20241215,CASH,51727.5,PAID
7000000377,1000000377,20240802,CARD,36300.0,PAID
7000000378,1000000378,20250905,GATEWAY,49224.9,PAID
7000000379,1000000379,20250615,GATEWAY,13968.0,PAID
7000000380,1000000380,20240613,TRANSFER,68534.4,PAID
7000000381,1000000381,20250518,CARD,80779.2,PAID
7000000382,1000000382,20240621,CARD,37800.0,PAID
7000000383,1000000383,20241120,CARD,51455.25,PAID
7000000384,1000000384,20250608,GATEWAY,42688.8,PAID
7000000385,1000000385,20240511,TRANSFER,91294.5,PAID
7000000386,1000000386,20241023,CASH,17242.5,PAID
7000000387,1000000387,20250327,GATEWAY,44760.0,PAID
7000000388,1000000388,20240603,GATEWAY,53835.0,PAID
7000000389,1000000389,20240503,CARD,12414.6,PAID
7000000390,1000000390,20240316,CARD,19957.5,PAID
7000000391,1000000391,20240207,CARD,17235.0,REFUNDED
7000000392,1000000392,20240815,CASH,35574.0,PAID
7000000393,1000000393,20240320,CARD,14229.6,PAID
7000000394,1000000394,20250731,GATEWAY,47454.75,PAID
7000000395,1000000395,20240601,CASH,44823.24,PAID
7000000396,1000000396,20240814,GATEWAY,58045.8,PAID
7000000397,1000000397,20250705,CARD,15420.0,PAID
7000000398,1000000398,20240329,CARD,80188.8,REFUNDED
7000000399,1000000399,20241003,CASH,57354.0,PAID
7000000400,1000000400,20250313,CASH,15246.0,PAID
7000000401,1000000401,20250624,TRANSFER,49005.0,PAID
7000000402,1000000402,20241219,CARD,44324.4,PAID
7000000403,1000000403,20241214,CARD,55650.0,PAID
7000000404,1000000404,20250312,GATEWAY,46076.4,PAID
7000000405,1000000405,20240819,GATEWAY,80198.4,PAID
7000000406,1000000406,20240825,CASH,51727.5,PAID
7000000407,1000000407,20250626,CARD,31036.5,FAILED
7000000408,1000000408,20241112,CARD,38252.7,PAID
7000000409,1000000409,20250903,CARD,39204.0,FAILED
7000000410,1000000410,20250720,CARD,42688.8,PAID
7000000411,1000000411,20241108,CARD,47754.75,PAID
7000000412,1000000412,20241119,TRANSFER,28459.2,PAID
7000000413,1000000413,20240527,CARD,29040.0,FAILED
7000000414,1000000414,20250512,GATEWAY,48634.5,PAID
7000000415,1000000415,20250430,CARD,17787.0,PAID
7000000416,1000000416,20250604,CARD,39131.4,FAILED
7000000417,1000000417,20240330,TRANSFER,31944.0,PAID
7000000418,1000000418,20240627,CARD,47364.0,REFUNDED
7000000419,1000000419,20240322,GATEWAY,79436.1,PAID
7000000420,1000000420,20241209,CARD,13794.0,PAID
7000000421,1000000421,20240831,CARD,40404.0,PAID
7000000422,1000000422,20250222,CARD,68055.0,PAID
7000000423,1000000423,20250609,CASH,28459.2,PAID
7000000424,1000000424,20240709,CARD,15429.6,PAID
7000000425,1000000425,20250926,CASH,12806.64,PAID
7000000426,1000000426,20240710,CARD,43560.0,PAID
7000000427,1000000427,20240706,GATEWAY,43160.7,PAID
7000000428,1000000428,20240219,CARD,36474.0,FAILED
7000000429,1000000429,20250412,CARD,71220.6,PAID
7000000430,1000000430,20250128,CARD,46638.0,PAID
7000000431,1000000431,20250906,CARD,42664.2,PAID
7000000432,1000000432,20240120,CARD,47020.2,PAID
7000000433,1000000433,20250109,GATEWAY,14268.0,PAID
7000000434,1000000434,20240412,CARD,30540.0,REFUNDED
7000000435,1000000435,20240519,CARD,72193.2,PAID
7000000436,1000000436,20240817,CASH,43560.0,PAID
7000000437,1000000437,20241101,CARD,51727.5,PAID
7000000438,1000000438,20250503,TRANSFER,58697.1,PAID
7000000439,1000000439,20240104,CARD,27588.0,PAID
7000000440,1000000440,20241028,CARD,73616.4,PAID
7000000441,1000000441,20240318,GATEWAY,46323.24,PAID
7000000442,1000000442,20240524,CARD,53361.0,PAID
7000000443,1000000443,20250422,CARD,120969.75,FAILED
7000000444,1000000444,20250116,CARD,44324.4,PAID
7000000445,1000000445,20240723,TRANSFER,29040.0,PAID
7000000446,1000000446,20240813,CARD,43888.8,PAID
7000000447,1000000447,20241108,GATEWAY,43588.8,PAID
7000000448,1000000448,20250111,CARD,13794.0,PAID
7000000449,1000000449,20240402,GATEWAY,69516.6,PAID
7000000450,1000000450,20240906,CARD,20257.5,PAID
7000000451,1000000451,20240410,CASH,34485.0,REFUNDED
7000000452,1000000452,20250228,CARD,54313.88,PAID
7000000453,1000000453,20240414,GATEWAY,15129.6,PAID
7000000454,1000000454,20250523,CARD,40104.0,PAID
7000000455,1000000455,20240723,CARD,102694.8,FAILED
7000000456,1000000456,20240926,CASH,81783.9,PAID
7000000457,1000000457,20250927,GATEWAY,16418.25,PAID
7000000458,1000000458,20241027,CARD,48097.5,PAID
7000000459,1000000459,20241215,GATEWAY,28749.6,REFUNDED
7000000460,1000000460,20240401,CARD,18676.35,PAID
7000000461,1000000461,20240324,GATEWAY,27989.4,PAID
7000000462,1000000462,20240526,CARD,55650.0,PAID
7000000463,1000000463,20250829,CARD,13968.0,PAID
7000000464,1000000464,20240410,CASH,44823.24,FAILED
7000000465,1000000465,20240805,CARD,120334.5,FAILED
7000000466,1000000466,20250714,CARD,67447.5,PAID
7000000467,1000000467,20250102,CARD,39204.0,PAID
7000000468,1000000468,20241029,GATEWAY,47020.2,PENDING
7000000469,1000000469,20250611,GATEWAY,48924.9,PAID
7000000470,1000000470,20240208,TRANSFER,17787.0,PAID
7000000471,1000000471,20240112,CASH,41382.0,PAID
7000000472,1000000472,20250726,CARD,15841.08,PAID
7000000473,1000000473,20250227,CARD,40104.0,PAID
7000000474,1000000474,20240803,CASH,17242.5,PAID
7000000475,1000000475,20250514,CARD,27588.0,FAILED
7000000476,1000000476,20250328,CARD,72411.0,PAID
7000000477,1000000477,20250517,GATEWAY,14694.0,PAID
7000000478,1000000478,20240208,CASH,13068.0,FAILED
7000000479,1000000479,20250709,CASH,53361.0,PAID
7000000480,1000000480,20250608,CASH,43560.0,PAID
7000000481,1000000481,20240129,CASH,29221.5,PAID
7000000482,1000000482,20241207,CASH,37933.5,REFUNDED
7000000483,1000000483,20240108,GATEWAY,15720.0,PAID
7000000484,1000000484,20250806,GATEWAY,33144.0,REFUNDED
7000000485,1000000485,20240627,CARD,52927.5,PAID
7000000486,1000000486,20240724,TRANSFER,51909.0,PAID
7000000487,1000000487,20241231,CARD,29040.0,PAID
7000000488,1000000488,20240520,CARD,55350.0,REFUNDED
7000000489,1000000489,20250824,CARD,67663.2,PAID
7000000490,1000000490,20240930,CASH,30855.0,PAID
7000000491,1000000491,20241116,TRANSFER,13068.0,PAID
7000000492,1000000492,20250927,CASH,36826.35,PAID
7000000493,1000000493,20250626,GATEWAY,15429.6,PAID
7000000494,1000000494,20240725,GATEWAY,57229.05,PAID
7000000495,1000000495,20250430,CARD,83853.0,FAILED
7000000496,1000000496,20241114,GATEWAY,19287.0,PAID
7000000497,1000000497,20240903,TRANSFER,83490.0,PENDING
7000000498,1000000498,20240903,CARD,18687.0,PAID
7000000499,1000000499,20250706,CARD,18351.75,FAILED
7000000500,1000000500,20250411,GATEWAY,69744.0,FAILED
7000000501,1000000501,20240519,CASH,36300.0,PAID
7000000502,1000000502,20241003,CARD,27036.0,PAID
7000000503,1000000503,20250820,GATEWAY,43888.8,PAID
7000000504,1000000504,20250208,CARD,28488.0,PAID
7000000505,1000000505,20250414,CASH,41382.0,FAILED
7000000506,1000000506,20241206,GATEWAY,44651.1,REFUNDED
7000000507,1000000507,20250710,TRANSFER,19057.5,PAID
7000000508,1000000508,20240603,CARD,24422.4,PAID
7000000509,1000000509,20250803,GATEWAY,54861.0,PAID
7000000510,1000000510,20240902,CARD,74826.0,PAID
7000000511,1000000511,20240107,GATEWAY,59895.0,PAID
7000000512,1000000512,20250916,GATEWAY,15129.6,PAID
7000000513,1000000513,20241213,CASH,32016.6,PAID
7000000514,1000000514,20241013,CARD,93291.0,PAID
7000000515,1000000515,20240101,GATEWAY,18868.5,PAID
7000000516,1000000516,20250318,CARD,108028.8,PAID
7000000517,1000000517,20240620,CARD,30540.0,PAID
7000000518,1000000518,20250622,TRANSFER,13068.0,PAID
7000000519,1000000519,20240421,CARD,60867.6,PAID
7000000520,1000000520,20240129,GATEWAY,98638.8,PAID
7000000521,1000000521,20240827,CARD,63797.25,PAID
7000000522,1000000522,20240826,CARD,44460.0,PAID
7000000523,1000000523,20240920,CARD,28459.2,PAID
7000000524,1000000524,20240513,CASH,54450.0,PAID
7000000525,1000000525,20240113,CARD,27036.0,PAID
7000000526,1000000526,20240219,CARD,54261.0,PAID
7000000527,1000000527,20250519,TRANSFER,36300.0,PAID
7000000528,1000000528,20240222,CARD,18150.0,PAID
7000000529,1000000529,20241019,GATEWAY,58989.6,PAID
7000000530,1000000530,20240511,CARD,29959.2,PAID
7000000531,1000000531,20241209,CASH,39930.0,REFUNDED
7000000532,1000000532,20241011,CARD,17535.0,PAID
7000000533,1000000533,20250428,CARD,42882.0,PAID
7000000534,1000000534,20250221,GATEWAY,24829.2,PAID
7000000535,1000000535,20250409,GATEWAY,59541.36,PAID
7000000536,1000000536,20250302,CARD,43560.0,PAID
7000000537,1000000537,20240830,CASH,41164.2,PAID
7000000538,1000000538,20241216,CARD,30903.0,PAID
7000000539,1000000539,20250228,GATEWAY,53249.28,PAID
7000000540,1000000540,20250402,CARD,13068.0,FAILED
7000000541,1000000541,20241231,CARD,14520.0,PAID
7000000542,1000000542,20240502,CARD,46023.24,PAID
7000000543,1000000543,20240727,GATEWAY,18442.5,PAID
7000000544,1000000544,20240323,CASH,17968.5,PAID
7000000545,1000000545,20250328,CASH,29882.16,PAID
7000000546,1000000546,20241116,CARD,29949.6,PAID
7000000547,1000000547,20250602,CARD,30240.0,PAID
7000000548,1000000548,20250918,CARD,37109.25,PAID
7000000549,1000000549,20250314,CARD,27588.0,PAID
7000000550,1000000550,20250415,CARD,42664.2,PAID
7000000551,1000000551,20250929,GATEWAY,43308.0,PAID
7000000552,1000000552,20250424,CARD,26136.0,PAID
7000000553,1000000553,20240624,CASH,43560.0,PAID
7000000554,1000000554,20250525,CARD,54561.0,PAID
7000000555,1000000555,20250801,GATEWAY,17835.0,PAID
7000000556,1000000556,20250122,CARD,35283.6,PAID
7000000557,1000000557,20240408,CARD,35574.0,PAID
7000000558,1000000558,20240923,CASH,54450.0,PAID
7000000559,1000000559,20250111,CARD,70603.5,PAID
7000000560,1000000560,20250508,GATEWAY,58072.5,PAID
7000000561,1000000561,20250315,GATEWAY,41382.0,PAID
7000000562,1000000562,20250604,CARD,42282.0,PAID
7000000563,1000000563,20240320,CARD,14701.5,PAID
7000000564,1000000564,20240513,CARD,45012.0,PAID
7000000565,1000000565,20240610,GATEWAY,86505.0,FAILED
7000000566,1000000566,20250409,CARD,28788.0,PAID
7000000567,1000000567,20240805,CARD,32670.0,PAID
7000000568,1000000568,20240620,CARD,37243.8,PENDING
7000000569,1000000569,20250511,CARD,13794.0,PAID
7000000570,1000000570,20240901,CARD,34485.0,PAID
7000000571,1000000571,20240421,CASH,16335.0,PAID
7000000572,1000000572,20240901,CARD,57172.5,PAID
7000000573,1000000573,20240113,GATEWAY,43588.8,PAID
7000000574,1000000574,20240328,CARD,40704.0,PAID
7000000575,1000000575,20250429,CASH,48024.9,FAILED
7000000576,1000000576,20240531,GATEWAY,27336.0,PAID
7000000577,1000000577,20250115,CARD,43560.0,PAID
7000000578,1000000578,20241118,CASH,18104.62,PAID
7000000579,1000000579,20250501,CARD,17172.0,PAID
7000000580,1000000580,20240507,CARD,70286.16,FAILED
7000000581,1000000581,20240331,GATEWAY,17835.0,PAID
7000000582,1000000582,20241007,GATEWAY,27036.0,PAID
7000000583,1000000583,20241205,GATEWAY,43588.8,REFUNDED
7000000584,1000000584,20240617,CARD,31464.6,REFUNDED
7000000585,1000000585,20240520,CARD,31218.0,PAID
7000000586,1000000586,20250825,GATEWAY,50994.0,PAID
7000000587,1000000587,20241231,CARD,19565.7,PAID
7000000588,1000000588,20250219,CARD,81069.6,PENDING
7000000589,1000000589,20250801,CASH,30818.7,PAID
7000000590,1000000590,20240629,GATEWAY,71032.12,PAID
7000000591,1000000591,20241025,GATEWAY,29940.0,PAID
7000000592,1000000592,20240223,CASH,26136.0,FAILED
7000000593,1000000593,20240805,CARD,42688.8,PAID
7000000594,1000000594,20250312,CARD,52627.5,PAID
7000000595,1000000595,20241109,GATEWAY,31990.95,PAID
7000000596,1000000596,20240812,CARD,56900.25,PAID
7000000597,1000000597,20240225,CARD,83020.2,PAID
7000000598,1000000598,20241023,CARD,29882.16,PAID
7000000599,1000000599,20240229,CARD,55650.0,PAID
7000000600,1000000600,20250111,CARD,49005.0,PAID
7000000601,1000000601,20240905,CARD,17242.5,PAID
7000000602,1000000602,20241205,GATEWAY,52655.25,PAID
7000000603,1000000603,20250508,GATEWAY,41077.08,PAID
7000000604,1000000604,20241028,GATEWAY,59897.1,PAID
7000000605,1000000605,20240613,TRANSFER,12806.64,PAID
7000000606,1000000606,20240219,CASH,14701.5,PAID
7000000607,1000000607,20240602,CARD,36183.6,PAID
7000000608,1000000608,20241116,CASH,65340.0,PAID
7000000609,1000000609,20240525,CASH,45520.2,PAID
7000000610,1000000610,20250426,GATEWAY,87557.7,PAID
7000000611,1000000611,20240816,CARD,29959.2,PAID
7000000612,1000000612,20250515,CARD,40104.0,PAID
7000000613,1000000613,20250817,CARD,31246.8,PAID
7000000614,1000000614,20250201,CASH,90089.34,PAID
7000000615,1000000615,20240131,CASH,36300.0,PAID
7000000616,1000000616,20250423,CARD,58443.0,PAID
7000000617,1000000617,20240620,CARD,39319.92,PAID
7000000618,1000000618,20250115,GATEWAY,37200.0,PAID
7000000619,1000000619,20250727,GATEWAY,29359.2,PAID
7000000620,1000000620,20240220,CARD,43588.8,PAID
7000000621,1000000621,20241024,CARD,84753.0,PAID
7000000622,1000000622,20250617,CARD,68659.92,PAID
7000000623,1000000623,20241018,GATEWAY,104192.7,PAID
7000000624,1000000624,20240616,CARD,34485.0,PAID
7000000625,1000000625,20241105,CASH,45375.0,PAID
7000000626,1000000626,20240709,CASH,100841.4,PAID
7000000627,1000000627,20240228,TRANSFER,51455.25,PAID
7000000628,1000000628,20240702,CARD,46957.68,PAID
7000000629,1000000629,20250129,CARD,73282.44,PAID
7000000630,1000000630,20250416,CARD,33870.0,PAID
7000000631,1000000631,20240911,CASH,44558.25,PAID
7000000632,1000000632,20241014,CASH,42688.8,PAID
7000000633,1000000633,20240730,CARD,44823.24,PAID
7000000634,1000000634,20240925,CARD,48924.9,PAID
7000000635,1000000635,20250224,CARD,85493.76,REFUNDED
7000000636,1000000636,20241007,CARD,26136.0,FAILED
7000000637,1000000637,20250121,CASH,38419.92,PAID
7000000638,1000000638,20240127,TRANSFER,34303.5,PAID
7000000639,1000000639,20240220,CASH,53361.0,PAID
7000000640,1000000640,20240419,CARD,39433.5,PENDING
7000000641,1000000641,20250221,CARD,14941.08,PAID
7000000642,1000000642,20240927,CARD,77621.1,PAID
7000000643,1000000643,20241013,GATEWAY,65975.25,PAID
7000000644,1000000644,20240210,CARD,24722.4,PAID
7000000645,1000000645,20250902,CARD,113195.1,PAID
7000000646,1000000646,20250316,GATEWAY,60838.8,PAID
7000000647,1000000647,20240723,GATEWAY,18687.0,FAILED
7000000648,1000000648,20240724,GATEWAY,55650.0,REFUNDED
7000000649,1000000649,20250707,GATEWAY,48816.0,PAID
7000000650,1000000650,20250915,GATEWAY,38143.8,PAID
7000000651,1000000651,20250610,CARD,13968.0,PAID
7000000652,1000000652,20240824,CARD,28459.2,PAID
7000000653,1000000653,20250408,CARD,17835.0,PAID
7000000654,1000000654,20240820,CARD,44460.0,PAID
7000000655,1000000655,20250219,TRANSFER,34303.5,PAID
7000000656,1000000656,20250605,CARD,18687.0,PAID
7000000657,1000000657,20240609,CARD,42582.0,PAID
7000000658,1000000658,20240829,CARD,50903.25,PAID
7000000659,1000000659,20241204,CARD,30492.0,FAILED
7000000660,1000000660,20240409,CARD,106041.38,PAID
7000000661,1000000661,20240531,CARD,39433.5,PAID
7000000662,1000000662,20241113,TRANSFER,14701.5,PAID
7000000663,1000000663,20240610,CASH,14229.6,FAILED
7000000664,1000000664,20250419,CARD,55950.0,PAID
7000000665,1000000665,20250410,CARD,39131.4,PAID
7000000666,1000000666,20250527,GATEWAY,29659.2,PAID
7000000667,1000000667,20250628,CASH,32670.0,PAID
7000000668,1000000668,20240913,CARD,40704.0,FAILED
7000000669,1000000669,20240915,CARD,69807.0,PAID
7000000670,1000000670,20240619,GATEWAY,39204.0,PAID
7000000671,1000000671,20240503,CARD,30240.0,PAID
7000000672,1000000672,20240417,GATEWAY,16073.4,PAID
7000000673,1000000673,20250621,CASH,53361.0,PAID
7000000674,1000000674,20250717,CASH,49005.0,PAID
7000000675,1000000675,20250621,CARD,30540.0,PAID
7000000676,1000000676,20241027,CASH,58697.1,PAID
7000000677,1000000677,20241217,CASH,75576.6,PAID
7000000678,1000000678,20240522,CARD,31692.0,PAID
7000000679,1000000679,20240416,GATEWAY,50205.0,PAID
7000000680,1000000680,20241206,CARD,43451.1,PAID
7000000681,1000000681,20241108,CARD,55650.0,PAID
7000000682,1000000682,20240211,CASH,71383.95,PAID
7000000683,1000000683,20240330,CARD,24422.4,PAID
7000000684,1000000684,20240527,CARD,67901.25,PAID
7000000685,1000000685,20241024,GATEWAY,34170.0,PAID
7000000686,1000000686,20240829,CASH,49005.0,PAID
7000000687,1000000687,20240710,CASH,26136.0,FAILED
7000000688,1000000688,20250825,CARD,18987.0,PAID
7000000689,1000000689,20240621,GATEWAY,127025.4,PAID
7000000690,1000000690,20250916,CARD,87700.8,PAID
7000000691,1000000691,20250219,CARD,43451.1,PAID
7000000692,1000000692,20240108,TRANSFER,26136.0,PAID
7000000693,1000000693,20240213,GATEWAY,30240.0,PAID
7000000694,1000000694,20250619,CARD,42688.8,PAID
7000000695,1000000695,20240907,TRANSFER,17787.0,PAID
7000000696,1000000696,20250429,CARD,55950.0,PAID
7000000697,1000000697,20250406,TRANSFER,17242.5,PAID
7000000698,1000000698,20240222,CARD,17235.0,REFUNDED
7000000699,1000000699,20241016,CASH,59169.0,PAID
7000000700,1000000700,20250417,CARD,40031.4,PAID
7000000701,1000000701,20240309,CARD,13794.0,PAID
7000000702,1000000702,20240809,CARD,30346.8,PAID
7000000703,1000000703,20241206,CARD,18150.0,PAID
7000000704,1000000704,20240219,GATEWAY,43888.8,PAID
7000000705,1000000705,20241026,CARD,74226.0,FAILED
7000000706,1000000706,20250911,CASH,46554.75,PAID
7000000707,1000000707,20240626,GATEWAY,55213.88,PAID
7000000708,1000000708,20250314,GATEWAY,15429.6,REFUNDED
7000000709,1000000709,20250616,CARD,18150.0,REFUNDED
7000000710,1000000710,20250104,CASH,14229.6,PAID
7000000711,1000000711,20240629,CARD,83092.8,PAID
7000000712,1000000712,20240215,GATEWAY,55513.88,PAID
7000000713,1000000713,20241015,CASH,35283.6,PAID
7000000714,1000000714,20250829,GATEWAY,19287.0,PAID
7000000715,1000000715,20240105,CASH,14520.0,PAID
7000000716,1000000716,20240312,CARD,31692.0,PAID
7000000717,1000000717,20240217,CARD,49433.1,PAID
7000000718,1000000718,20240518,GATEWAY,81894.9,PAID
7000000719,1000000719,20240822,TRANSFER,31305.12,REFUNDED
7000000720,1000000720,20250815,GATEWAY,65340.0,PAID
7000000721,1000000721,20240925,CARD,44760.0,PAID
7000000722,1000000722,20241130,GATEWAY,35685.0,FAILED
7000000723,1000000723,20240414,CARD,26513.28,PAID
7000000724,1000000724,20250501,CARD,17535.0,PAID
7000000725,1000000725,20250531,CASH,15652.56,PAID
7000000726,1000000726,20240704,GATEWAY,40704.0,PAID
7000000727,1000000727,20250618,GATEWAY,29359.2,PAID
7000000728,1000000728,20241026,CARD,95344.05,PAID
7000000729,1000000729,20240804,GATEWAY,67810.5,PAID
7000000730,1000000730,20250826,CARD,60838.8,PAID
7000000731,1000000731,20250224,CASH,13068.0,PAID
7000000732,1000000732,20240109,CARD,44460.0,PAID
7000000733,1000000733,20240528,CARD,27113.28,PAID
7000000734,1000000734,20240212,CARD,38115.0,PAID
7000000735,1000000735,20250603,CARD,53361.0,PAID
7000000736,1000000736,20250807,CASH,14520.0,PAID
7000000737,1000000737,20250305,CARD,95178.6,PAID
7000000738,1000000738,20241215,CARD,13614.6,PAID
7000000739,1000000739,20240310,CASH,15518.25,PAID
7000000740,1000000740,20240419,CASH,78262.8,PAID
7000000741,1000000741,20240830,CARD,54561.0,FAILED
7000000742,1000000742,20240710,CARD,13068.0,REFUNDED
7000000743,1000000743,20240809,GATEWAY,17235.0,PAID
7000000744,1000000744,20240720,GATEWAY,52518.6,PAID
7000000745,1000000745,20250116,GATEWAY,27336.0,PAID
7000000746,1000000746,20250101,GATEWAY,56412.3,PAID
7000000747,1000000747,20240629,CARD,29040.0,PAID
7000000748,1000000748,20250224,TRANSFER,15246.0,PAID
7000000749,1000000749,20241029,GATEWAY,33444.0,PAID
7000000750,1000000750,20240926,CARD,52355.25,PAID
7000000751,1000000751,20250703,CARD,53361.0,PAID
7000000752,1000000752,20250122,CARD,40704.0,PAID
7000000753,1000000753,20250727,GATEWAY,44760.0,PAID
7000000754,1000000754,20250911,CARD,142659.0,PAID
7000000755,1000000755,20250825,CARD,74816.4,PAID
7000000756,1000000756,20250816,CARD,67779.12,PAID
7000000757,1000000757,20241231,CARD,43451.1,FAILED
7000000758,1000000758,20240817,GATEWAY,54261.0,PAID
7000000759,1000000759,20240103,CARD,34170.0,PAID
7000000760,1000000760,20241216,GATEWAY,29659.2,PAID
7000000761,1000000761,20250426,GATEWAY,16073.4,PAID
7000000762,1000000762,20250330,CARD,26029.2,PAID
7000000763,1000000763,20240507,CARD,42364.2,PAID
7000000764,1000000764,20240912,CARD,44460.0,PAID
7000000765,1000000765,20241116,GATEWAY,55350.0,PAID
7000000766,1000000766,20240906,CARD,38419.92,REFUNDED
7000000767,1000000767,20241025,GATEWAY,12414.6,PAID
7000000768,1000000768,20250928,GATEWAY,15129.6,PAID
7000000769,1000000769,20241227,GATEWAY,30240.0,PAID
7000000770,1000000770,20241225,GATEWAY,20166.75,PAID
7000000771,1000000771,20250521,TRANSFER,29040.0,PAID
7000000772,1000000772,20240722,CARD,49905.0,PAID
7000000773,1000000773,20250503,GATEWAY,29867.4,PAID
7000000774,1000000774,20241121,CARD,47916.0,PAID
7000000775,1000000775,20240229,CARD,52272.0,PAID
7000000776,1000000776,20240107,CARD,40104.0,PAID
7000000777,1000000777,20250130,CARD,34303.5,PAID
7000000778,1000000778,20240804,GATEWAY,14268.0,PAID
7000000779,1000000779,20241123,CARD,27588.0,PAID
7000000780,1000000780,20250811,TRANSFER,41382.0,FAILED
7000000781,1000000781,20250125,CARD,96673.92,PAID
7000000782,1000000782,20250211,TRANSFER,13068.0,PAID
7000000783,1000000783,20250206,GATEWAY,65731.8,REFUNDED
7000000784,1000000784,20250421,CARD,26813.28,PAID
7000000785,1000000785,20240406,CARD,51727.5,PAID
7000000786,1000000786,20240712,GATEWAY,99754.5,PAID
7000000787,1000000787,20241027,CARD,28459.2,PAID
7000000788,1000000788,20240916,CARD,106533.0,PAID
7000000789,1000000789,20250628,CARD,66249.6,PAID
7000000790,1000000790,20250629,CARD,18142.5,PAID
7000000791,1000000791,20240515,CARD,19050.0,PAID
7000000792,1000000792,20241111,GATEWAY,63636.0,PAID
7000000793,1000000793,20240814,CARD,51727.5,REFUNDED
7000000794,1000000794,20250427,TRANSFER,88209.0,PAID
7000000795,1000000795,20250902,CARD,13794.0,PAID
7000000796,1000000796,20240412,GATEWAY,96528.72,FAILED
7000000797,1000000797,20240111,CASH,72904.92,PAID
7000000798,1000000798,20250311,CASH,16335.0,PAID
7000000799,1000000799,20240205,CARD,29940.0,PAID
7000000800,1000000800,20250411,CARD,44760.0,PAID
7000000801,1000000801,20250223,CARD,27689.4,PAID
7000000802,1000000802,20250507,CASH,27588.0,PAID
7000000803,1000000803,20250918,GATEWAY,58372.5,PAID
7000000804,1000000804,20240218,GATEWAY,15129.6,PAID
7000000805,1000000805,20241018,GATEWAY,13914.6,FAILED
7000000806,1000000806,20240730,TRANSFER,32670.0,PAID
7000000807,1000000807,20250518,CASH,42688.8,FAILED
7000000808,1000000808,20240222,CASH,16335.0,PAID
7000000809,1000000809,20240720,CARD,56482.8,PAID
7000000810,1000000810,20250304,CASH,35574.0,PAID
7000000811,1000000811,20250808,CASH,28459.2,PAID
7000000812,1000000812,20250110,CARD,37074.0,PAID
7000000813,1000000813,20241009,CARD,31692.0,PAID
7000000814,1000000814,20241017,CARD,27036.0,PAID
7000000815,1000000815,20250619,CARD,40220.4,PAID
7000000816,1000000816,20250428,CARD,51727.5,PAID
7000000817,1000000817,20250217,CARD,14520.0,PAID
7000000818,1000000818,20250417,GATEWAY,55650.0,PAID
7000000819,1000000819,20250705,CASH,72926.7,PAID
7000000820,1000000820,20240304,CARD,68302.08,PAID
7000000821,1000000821,20241005,CARD,65388.0,PAID
7000000822,1000000822,20240713,GATEWAY,25729.2,PAID
7000000823,1000000823,20240112,GATEWAY,15601.5,PAID
7000000824,1000000824,20250325,GATEWAY,28642.8,PAID
7000000825,1000000825,20240126,GATEWAY,71758.65,PAID
7000000826,1000000826,20241104,CASH,45738.0,PAID
7000000827,1000000827,20241128,GATEWAY,16552.56,PAID
7000000828,1000000828,20240922,CARD,76449.9,PAID
7000000829,1000000829,20241213,CARD,71874.0,PAID
7000000830,1000000830,20240626,CASH,13068.0,PAID
7000000831,1000000831,20241004,CARD,42582.0,PAID
7000000832,1000000832,20240318,CARD,29040.0,PAID
7000000833,1000000833,20250919,CARD,48024.9,PAID
7000000834,1000000834,20240624,CARD,85154.64,PAID
7000000835,1000000835,20241215,CARD,18104.62,PAID
7000000836,1000000836,20241109,CARD,70741.2,REFUNDED
7000000837,1000000837,20241213,GATEWAY,27336.0,PAID
7000000838,1000000838,20250228,CASH,39204.0,PAID
7000000839,1000000839,20250415,CARD,55650.0,PAID
7000000840,1000000840,20250718,CARD,40331.4,PAID
7000000841,1000000841,20240223,CARD,37709.25,FAILED
7000000842,1000000842,20250604,CARD,43560.0,PAID
7000000843,1000000843,20240313,CARD,44624.4,PAID
7000000844,1000000844,20250804,CARD,16141.08,PAID
7000000845,1000000845,20240828,CARD,41926.5,PAID
7000000846,1000000846,20250826,GATEWAY,25613.28,PAID
7000000847,1000000847,20240501,CARD,29867.4,PAID
7000000848,1000000848,20250725,CARD,28642.8,PAID
7000000849,1000000849,20250223,CASH,16008.3,REFUNDED
7000000850,1000000850,20241202,GATEWAY,55350.0,FAILED
7000000851,1000000851,20240809,CARD,35685.0,PAID
7000000852,1000000852,20240327,CARD,19965.0,PAID
7000000853,1000000853,20250728,CARD,55405.5,PAID
7000000854,1000000854,20250814,CASH,26898.3,PAID
7000000855,1000000855,20240403,CARD,54450.0,PAID
7000000856,1000000856,20250513,CARD,33870.0,REFUNDED
7000000857,1000000857,20250806,CARD,33870.0,PAID
7000000858,1000000858,20240328,CARD,14268.0,PAID
7000000859,1000000859,20250816,CARD,56029.05,PAID
7000000860,1000000860,20250212,CARD,25729.2,PAID
7000000861,1000000861,20241223,CARD,14483.7,REFUNDED
7000000862,1000000862,20250606,CARD,49905.0,PAID
7000000863,1000000863,20241024,GATEWAY,54188.4,PENDING
7000000864,1000000864,20240425,CARD,138871.38,PAID
7000000865,1000000865,20250215,CARD,55650.0,PAID
7000000866,1000000866,20250618,CASH,39204.0,PAID
7000000867,1000000867,20240518,CASH,41382.0,FAILED
7000000868,1000000868,20240905,CARD,36474.0,PAID
7000000869,1000000869,20240424,GATEWAY,16718.25,PAID
7000000870,1000000870,20250223,GATEWAY,50306.64,PAID
7000000871,1000000871,20250602,TRANSFER,49821.75,PAID
7000000872,1000000872,20250423,CARD,36474.0,PAID
7000000873,1000000873,20250208,CASH,25613.28,PAID
7000000874,1000000874,20240412,CASH,14483.7,PAID
7000000875,1000000875,20250321,GATEWAY,50205.0,PAID
7000000876,1000000876,20240407,CARD,54778.8,PAID
7000000877,1000000877,20241027,CARD,32670.0,PAID
7000000878,1000000878,20240525,CASH,14520.0,PAID
7000000879,1000000879,20250401,CARD,11761.2,PAID
7000000880,1000000880,20240821,CARD,23522.4,PAID
7000000881,1000000881,20240315,CARD,53288.4,PAID
7000000882,1000000882,20240731,GATEWAY,13614.6,PAID
7000000883,1000000883,20240824,CARD,61693.42,PAID
7000000884,1000000884,20250709,GATEWAY,17172.0,PAID
7000000885,1000000885,20240206,CARD,27336.0,PAID
7000000886,1000000886,20241225,CARD,54316.5,PAID
7000000887,1000000887,20241221,GATEWAY,51727.5,PAID
7000000888,1000000888,20250818,CARD,19304.62,FAILED
7000000889,1000000889,20241015,TRANSFER,53361.0,PAID
7000000890,1000000890,20240813,CARD,30492.0,PAID
7000000891,1000000891,20241018,GATEWAY,40830.0,PAID
7000000892,1000000892,20250814,CARD,44460.0,PAID
7000000893,1000000893,20250609,CASH,51727.5,PENDING
7000000894,1000000894,20240123,GATEWAY,78945.0,PAID
7000000895,1000000895,20240602,CARD,28459.2,PAID
7000000896,1000000896,20250827,CARD,97284.0,PAID
7000000897,1000000897,20250929,TRANSFER,38419.92,PAID
7000000898,1000000898,20240610,CARD,31728.3,PAID
7000000899,1000000899,20240508,GATEWAY,29659.2,PAID
7000000900,1000000900,20240514,CARD,106288.5,PAID
7000000901,1000000901,20250225,CARD,13721.4,PAID
7000000902,1000000902,20240113,CASH,73652.7,PAID
7000000903,1000000903,20250915,CASH,59212.56,PAID
7000000904,1000000904,20250411,CARD,17968.5,PAID
7000000905,1000000905,20240711,CARD,83936.25,PAID
7000000906,1000000906,20250109,GATEWAY,44760.0,PAID
7000000907,1000000907,20250412,CARD,71692.5,PAID
7000000908,1000000908,20240505,CASH,13068.0,PAID
7000000909,1000000909,20250109,GATEWAY,31382.16,PAID
7000000910,1000000910,20240526,CASH,14941.08,PAID
7000000911,1000000911,20241008,CARD,16020.0,PAID
7000000912,1000000912,20240410,CARD,90546.48,REFUNDED
7000000913,1000000913,20240330,CASH,62552.16,PAID
7000000914,1000000914,20250717,GATEWAY,40830.0,FAILED
7000000915,1000000915,20240727,CARD,14520.0,PAID
7000000916,1000000916,20241227,CASH,40619.7,PAID
7000000917,1000000917,20240617,CARD,50205.0,PAID
7000000918,1000000918,20250610,CASH,44104.5,PAID
7000000919,1000000919,20250212,CARD,36892.5,PAID
7000000920,1000000920,20250729,CARD,29659.2,PAID
7000000921,1000000921,20250405,CARD,43560.0,PAID
7000000922,1000000922,20250817,CASH,13721.4,PAID
7000000923,1000000923,20250517,CARD,13068.0,PAID
7000000924,1000000924,20240831,CARD,63636.0,PAID
7000000925,1000000925,20250719,CARD,27336.0,PAID
7000000926,1000000926,20240211,GATEWAY,82303.8,PAID
7000000927,1000000927,20250413,CARD,76631.4,PAID
7000000928,1000000928,20240201,GATEWAY,27336.0,FAILED
7000000929,1000000929,20241205,CARD,44188.8,PAID
7000000930,1000000930,20241212,CARD,102885.9,PAID
7000000931,1000000931,20250405,CARD,36483.6,PAID
7000000932,1000000932,20250609,CARD,23522.4,FAILED
7000000933,1000000933,20240718,CASH,12414.6,PAID
7000000934,1000000934,20241210,GATEWAY,33570.0,PAID
7000000935,1000000935,20240817,GATEWAY,13914.6,PAID
7000000936,1000000936,20240701,GATEWAY,16335.0,PAID
7000000937,1000000937,20250318,CARD,14374.8,PAID
7000000938,1000000938,20241215,CARD,16373.4,PAID
7000000939,1000000939,20250216,CARD,30240.0,PAID
7000000940,1000000940,20240109,CASH,31744.35,PAID
7000000941,1000000941,20250530,CARD,55350.0,PAID
7000000942,1000000942,20240115,GATEWAY,44460.0,PAID
7000000943,1000000943,20250401,CASH,39204.0,PAID
7000000944,1000000944,20240606,TRANSFER,14229.6,PAID
7000000945,1000000945,20240520,CASH,14229.6,PAID
7000000946,1000000946,20240104,CARD,65811.9,PAID
7000000947,1000000947,20240423,CARD,110424.6,PENDING
7000000948,1000000948,20240131,CASH,49005.0,PAID
7000000949,1000000949,20240424,CASH,45738.0,PAID
7000000950,1000000950,20250118,CARD,55650.0,PAID
7000000951,1000000951,20241204,CASH,14520.0,PAID
7000000952,1000000952,20250723,CASH,39204.0,PAID
7000000953,1000000953,20240425,CARD,47986.78,PAID
7000000954,1000000954,20250929,CASH,50094.0,PAID
7000000955,1000000955,20250908,CASH,51727.5,PAID
7000000956,1000000956,20240610,CARD,50205.0,PAID
7000000957,1000000957,20240810,GATEWAY,28488.0,PAID
7000000958,1000000958,20250403,GATEWAY,27113.28,PAID
7000000959,1000000959,20241031,CARD,39619.92,FAILED
7000000960,1000000960,20250622,CASH,29040.0,PAID
7000000961,1000000961,20240401,CARD,28488.0,PAID
7000000962,1000000962,20250815,CASH,80368.2,PAID
7000000963,1000000963,20250428,CARD,13968.0,PAID
7000000964,1000000964,20250909,CARD,19876.35,PAID
7000000965,1000000965,20250731,CARD,14229.6,PAID
7000000966,1000000966,20241111,CARD,56029.05,PAID
7000000967,1000000967,20250710,CARD,46023.24,PAID
7000000968,1000000968,20240828,CARD,31692.0,PAID
7000000969,1000000969,20240331,CASH,72237.0,PAID
7000000970,1000000970,20240416,GATEWAY,70591.08,PAID
7000000971,1000000971,20250920,GATEWAY,37074.0,PAID
7000000972,1000000972,20240412,GATEWAY,15901.5,PAID
7000000973,1000000973,20250304,GATEWAY,29940.0,PAID
7000000974,1000000974,20250914,GATEWAY,18676.35,PAID
7000000975,1000000975,20240723,TRANSFER,53361.0,PAID
7000000976,1000000976,20240122,CARD,43560.0,PAID
7000000977,1000000977,20250604,CARD,69018.0,PAID
7000000978,1000000978,20240913,GATEWAY,35503.5,PENDING
7000000979,1000000979,20250901,CASH,36300.0,PAID
7000000980,1000000980,20250514,CARD,19004.62,PAID
7000000981,1000000981,20250513,TRANSFER,71656.2,PAID
7000000982,1000000982,20240702,CASH,13721.4,PAID
7000000983,1000000983,20240724,CARD,45738.0,REFUNDED
7000000984,1000000984,20241031,GATEWAY,42882.0,PAID
7000000985,1000000985,20250128,CASH,71556.38,FAILED
7000000986,1000000986,20240408,CARD,56929.05,PAID
7000000987,1000000987,20240413,CASH,86521.05,PAID
7000000988,1000000988,20241224,CASH,60228.96,REFUNDED
7000000989,1000000989,20240326,CARD,94438.08,PAID
7000000990,1000000990,20250803,CASH,63525.0,PAID
7000000991,1000000991,20240425,CARD,28342.8,PAID
7000000992,1000000992,20250905,CARD,24829.2,PAID
7000000993,1000000993,20250303,CASH,14374.8,PAID
7000000994,1000000994,20241017,CARD,33577.5,PAID
7000000995,1000000995,20240406,CARD,30240.0,PAID
7000000996,1000000996,20250922,CARD,54561.0,PAID
7000000997,1000000997,20240805,GATEWAY,79390.2,PAID
7000000998,1000000998,20240211,CARD,28749.6,FAILED
7000000999,1000000999,20250521,CARD,43560.0,PAID
7000001000,1000001000,20240208,GATEWAY,14994.0,PAID
7000001001,1000001001,20241207,CARD,37500.0,PAID
7000001002,1000001002,20250925,CARD,92474.25,REFUNDED
7000001003,1000001003,20240813,CARD,42282.0,PAID
7000001004,1000001004,20241201,GATEWAY,52627.5,PAID
7000001005,1000001005,20240709,CARD,18150.0,PAID
7000001006,1000001006,20240920,CARD,14568.0,PAID
7000001007,1000001007,20250725,CASH,71692.5,PAID
7000001008,1000001008,20240906,GATEWAY,72783.6,PAID
7000001009,1000001009,20250904,CASH,47124.66,PAID
7000001010,1000001010,20240913,TRANSFER,64831.8,PAID
7000001011,1000001011,20240516,GATEWAY,37200.0,PAID
7000001012,1000001012,20250728,GATEWAY,50505.0,PAID
7000001013,1000001013,20250912,CARD,34122.0,PAID
7000001014,1000001014,20240301,CASH,60258.0,PAID
7000001015,1000001015,20240209,CASH,36300.0,PAID
7000001016,1000001016,20250518,CARD,43888.8,PAID
7000001017,1000001017,20240922,CARD,29403.0,PAID
7000001018,1000001018,20241106,GATEWAY,27336.0,PAID
7000001019,1000001019,20241231,GATEWAY,86442.0,PAID
7000001020,1000001020,20240817,GATEWAY,87755.25,REFUNDED
7000001021,1000001021,20241013,CASH,29911.2,PAID
7000001022,1000001022,20250425,CARD,19287.0,PAID
7000001023,1000001023,20241111,CARD,60795.0,FAILED
7000001024,1000001024,20241210,CASH,17787.0,PAID
7000001025,1000001025,20241128,CASH,29040.0,PAID
7000001026,1000001026,20241018,GATEWAY,35574.0,PAID
7000001027,1000001027,20250622,GATEWAY,26029.2,PAID
7000001028,1000001028,20240110,GATEWAY,32236.5,PAID
7000001029,1000001029,20240719,CARD,29940.0,PENDING
7000001030,1000001030,20240105,CARD,54261.0,PAID
7000001031,1000001031,20240406,CARD,54561.0,FAILED
7000001032,1000001032,20241125,CASH,46957.68,FAILED
7000001033,1000001033,20240626,GATEWAY,62058.24,PAID
7000001034,1000001034,20250512,CARD,18676.35,REFUNDED
7000001035,1000001035,20241111,CARD,68824.8,PENDING
7000001036,1000001036,20240707,GATEWAY,29659.2,PAID
7000001037,1000001037,20240226,GATEWAY,28488.0,PAID
7000001038,1000001038,20240725,CARD,43888.8,FAILED
7000001039,1000001039,20250226,GATEWAY,104955.0,PAID
7000001040,1000001040,20250212,GATEWAY,20557.5,PAID
7000001041,1000001041,20250309,CARD,13968.0,PAID
7000001042,1000001042,20240125,CARD,50703.6,PAID
7000001043,1000001043,20250218,CARD,29649.6,PAID
7000001044,1000001044,20250210,CASH,35574.0,PAID
7000001045,1000001045,20240915,CARD,58007.4,PAID
7000001046,1000001046,20250311,CARD,74547.78,PAID
7000001047,1000001047,20250905,GATEWAY,38743.8,PAID
7000001048,1000001048,20240206,CARD,65025.0,PAID
7000001049,1000001049,20240417,CARD,43560.0,PAID
7000001050,1000001050,20240912,GATEWAY,32805.12,PAID
7000001051,1000001051,20250429,CASH,32670.0,REFUNDED
7000001052,1000001052,20241030,GATEWAY,42582.0,FAILED
7000001053,1000001053,20250211,CARD,29040.0,PAID
7000001054,1000001054,20250826,CARD,24722.4,PAID
7000001055,1000001055,20240802,CARD,29867.4,PAID
7000001056,1000001056,20250918,CARD,86248.8,PAID
7000001057,1000001057,20240130,GATEWAY,37709.25,PAID
7000001058,1000001058,20250831,GATEWAY,50277.6,FAILED
7000001059,1000001059,20240201,CARD,107756.55,PAID
7000001060,1000001060,20241021,CARD,19057.5,PAID
7000001061,1000001061,20240521,CASH,29040.0,FAILED
7000001062,1000001062,20250523,GATEWAY,14694.0,PAID
7000001063,1000001063,20240614,CARD,34666.5,PAID
7000001064,1000001064,20240221,CASH,13068.0,PAID
7000001065,1000001065,20250826,GATEWAY,18687.0,PENDING
7000001066,1000001066,20250908,GATEWAY,27336.0,FAILED
7000001067,1000001067,20240503,GATEWAY,29940.0,PAID
7000001068,1000001068,20241216,CARD,73442.16,FAILED
7000001069,1000001069,20250312,GATEWAY,37500.0,PAID
7000001070,1000001070,20250330,CARD,51001.5,PAID
7000001071,1000001071,20240707,GATEWAY,36774.0,PAID
7000001072,1000001072,20250316,GATEWAY,97821.0,PENDING
7000001073,1000001073,20240626,CARD,37744.5,PENDING
7000001074,1000001074,20240210,CARD,59895.0,PAID
7000001075,1000001075,20250110,GATEWAY,52655.25,PAID
7000001076,1000001076,20240602,GATEWAY,18442.5,PAID
7000001077,1000001077,20241121,CARD,91403.4,PAID
7000001078,1000001078,20250211,CARD,31936.5,PAID
7000001079,1000001079,20250224,CASH,49005.0,FAILED
7000001080,1000001080,20241216,CARD,14268.0,PAID
7000001081,1000001081,20240113,CARD,52165.2,PAID
7000001082,1000001082,20241026,GATEWAY,46720.2,FAILED
7000001083,1000001083,20240201,CARD,30249.6,PAID
7000001084,1000001084,20241008,GATEWAY,52627.5,PAID
7000001085,1000001085,20240220,GATEWAY,49116.0,PAID
7000001086,1000001086,20240429,GATEWAY,64788.0,PAID
7000001087,1000001087,20250823,TRANSFER,29040.0,PAID
7000001088,1000001088,20250731,CARD,50205.0,FAILED
7000001089,1000001089,20250921,GATEWAY,13614.6,PAID
7000001090,1000001090,20250914,CARD,42282.0,PAID
7000001091,1000001091,20241011,CARD,31036.5,PAID
7000001092,1000001092,20241219,CARD,31992.0,PAID
7000001093,1000001093,20250327,CARD,56918.4,PAID
7000001094,1000001094,20250418,CASH,30492.0,REFUNDED
7000001095,1000001095,20250330,CARD,15720.0,PAID
7000001096,1000001096,20240126,GATEWAY,57717.0,REFUNDED
7000001097,1000001097,20240418,TRANSFER,18150.0,PAID
7000001098,1000001098,20240720,CARD,76857.75,PAID
7000001099,1000001099,20250610,TRANSFER,13794.0,PAID
7000001100,1000001100,20250719,CARD,27588.0,PAID
7000001101,1000001101,20240329,CARD,117757.2,PAID
7000001102,1000001102,20240707,CARD,14006.64,PAID
7000001103,1000001103,20240206,GATEWAY,16552.56,PAID
7000001104,1000001104,20250702,CASH,17787.0,PAID
7000001105,1000001105,20241206,CARD,32670.0,PAID
7000001106,1000001106,20241103,CARD,55350.0,PAID
7000001107,1000001107,20240824,TRANSFER,47916.0,PAID
7000001108,1000001108,20240711,CARD,46554.75,FAILED
7000001109,1000001109,20240803,GATEWAY,30240.0,PAID
7000001110,1000001110,20240725,CARD,64817.28,PAID
7000001111,1000001111,20250308,CARD,28488.0,REFUNDED
7000001112,1000001112,20250723,CARD,18104.62,PAID
7000001113,1000001113,20250506,CASH,51727.5,REFUNDED
7000001114,1000001114,20250422,GATEWAY,59161.5,PAID
7000001115,1000001115,20240605,CASH,39131.4,PAID
7000001116,1000001116,20250806,CARD,49116.0,PAID
7000001117,1000001117,20250614,TRANSFER,27588.0,PAID
7000001118,1000001118,20250128,CASH,13721.4,PAID
7000001119,1000001119,20240216,CARD,35574.0,PAID
7000001120,1000001120,20250518,CASH,45738.0,PAID
7000001121,1000001121,20240313,TRANSFER,31944.0,PAID
7000001122,1000001122,20240822,CARD,29475.6,PAID
7000001123,1000001123,20241010,TRANSFER,15652.56,PAID
7000001124,1000001124,20250418,GATEWAY,46023.24,PAID
7000001125,1000001125,20250803,GATEWAY,19050.0,PAID
7000001126,1000001126,20241117,CARD,45723.24,PAID
7000001127,1000001127,20241011,CARD,43560.0,PAID
7000001128,1000001128,20241026,CASH,26136.0,PAID
7000001129,1000001129,20241005,TRANSFER,60025.68,PAID
7000001130,1000001130,20250913,CASH,28459.2,PAID
7000001131,1000001131,20250326,CARD,18966.75,PAID
7000001132,1000001132,20250306,CASH,13721.4,PENDING
7000001133,1000001133,20250520,GATEWAY,29882.16,PAID
7000001134,1000001134,20250928,CARD,58672.5,PAID
7000001135,1000001135,20240413,GATEWAY,17787.0,PAID
7000001136,1000001136,20241114,CARD,18150.0,PAID
7000001137,1000001137,20250618,CARD,36774.0,PAID
7000001138,1000001138,20240914,CARD,50205.0,PAID
7000001139,1000001139,20240803,CARD,36483.6,PAID
7000001140,1000001140,20250103,CARD,40404.0,PAID
7000001141,1000001141,20250625,CARD,31692.0,PAID
7000001142,1000001142,20250209,CASH,39204.0,PAID
7000001143,1000001143,20250818,CARD,42282.0,PAID
7000001144,1000001144,20250705,CASH,45520.2,PAID
7000001145,1000001145,20250912,CARD,57172.5,PAID
7000001146,1000001146,20250726,CASH,57172.5,PAID
7000001147,1000001147,20250623,GATEWAY,19050.0,PENDING
7000001148,1000001148,20250129,GATEWAY,56656.8,PAID
7000001149,1000001149,20241129,CARD,59897.1,PAID
7000001150,1000001150,20240419,CARD,33668.25,PAID
7000001151,1000001151,20240119,GATEWAY,26136.0,FAILED
7000001152,1000001152,20241003,CARD,32916.6,PAID
7000001153,1000001153,20240227,GATEWAY,39319.92,PAID
7000001154,1000001154,20241231,GATEWAY,57529.05,PAID
7000001155,1000001155,20240522,CASH,39204.0,PAID
7000001156,1000001156,20241009,GATEWAY,126135.0,PAID
7000001157,1000001157,20250511,CASH,54313.88,REFUNDED
7000001158,1000001158,20240717,CASH,45738.0,PAID
7000001159,1000001159,20250823,CARD,27588.0,PAID
7000001160,1000001160,20240415,CARD,41382.0,PAID
7000001161,1000001161,20240419,GATEWAY,44324.4,PAID
7000001162,1000001162,20250318,CARD,29040.0,PAID
7000001163,1000001163,20240410,CARD,91342.5,REFUNDED
7000001164,1000001164,20240118,CASH,14520.0,PAID
7000001165,1000001165,20240225,CARD,17787.0,REFUNDED
7000001166,1000001166,20241216,CARD,31246.8,PAID
7000001167,1000001167,20240716,GATEWAY,112578.0,PAID
7000001168,1000001168,20250219,GATEWAY,15720.0,PAID
7000001169,1000001169,20240412,CARD,44760.0,PAID
7000001170,1000001170,20240807,CARD,43560.0,PAID
7000001171,1000001171,20250430,CASH,80310.12,FAILED
7000001172,1000001172,20250622,CARD,73700.7,PAID
7000001173,1000001173,20250717,CASH,29882.16,PAID
7000001174,1000001174,20250113,CARD,40104.0,PAID
7000001175,1000001175,20250818,GATEWAY,35685.0,FAILED
7000001176,1000001176,20250527,CARD,99391.5,PAID
7000001177,1000001177,20240913,GATEWAY,55650.0,PAID
7000001178,1000001178,20240302,CARD,88209.0,PAID
7000001179,1000001179,20250621,CARD,47754.75,PAID
7000001180,1000001180,20240820,CARD,38419.92,PAID
7000001181,1000001181,20250215,CARD,19350.0,PAID
7000001182,1000001182,20240910,CARD,49005.0,PAID
7000001183,1000001183,20240705,GATEWAY,86142.0,PAID
7000001184,1000001184,20250326,GATEWAY,35985.0,PAID
7000001185,1000001185,20241115,CARD,34485.0,PAID
7000001186,1000001186,20240202,CASH,68970.0,PAID
7000001187,1000001187,20250303,GATEWAY,15729.6,PAID
7000001188,1000001188,20250806,CARD,83301.0,PAID
7000001189,1000001189,20240504,CASH,32670.0,PAID
7000001190,1000001190,20240422,CARD,41382.0,PAID
7000001191,1000001191,20250125,GATEWAY,26136.0,PAID
7000001192,1000001192,20250123,CARD,40704.0,PAID
7000001193,1000001193,20240923,CARD,83490.0,PAID
7000001194,1000001194,20240412,GATEWAY,57174.6,PAID
7000001195,1000001195,20240526,CARD,14374.8,PAID
7000001196,1000001196,20240904,CASH,94380.0,FAILED
7000001197,1000001197,20250312,CASH,38419.92,PAID
7000001198,1000001198,20250207,CARD,17535.0,REFUNDED
7000001199,1000001199,20241211,CARD,36774.0,PAID
7000001200,1000001200,20240501,CARD,19350.0,REFUNDED
7000001201,1000001201,20240130,CARD,27588.0,PENDING
7000001202,1000001202,20250729,TRANSFER,51727.5,PAID
7000001203,1000001203,20241103,CARD,47916.0,PAID
7000001204,1000001204,20241230,GATEWAY,39619.92,REFUNDED
7000001205,1000001205,20250820,CARD,27336.0,PAID
7000001206,1000001206,20241206,CARD,26136.0,FAILED
7000001207,1000001207,20240728,CARD,56874.6,PAID
7000001208,1000001208,20240128,GATEWAY,44188.8,PAID
7000001209,1000001209,20241118,CARD,18442.5,PAID
7000001210,1000001210,20250618,CARD,30467.4,PAID
7000001211,1000001211,20250624,CARD,56900.25,REFUNDED
7000001212,1000001212,20240317,CARD,64359.9,PAID
7000001213,1000001213,20240224,GATEWAY,33507.0,PAID
7000001214,1000001214,20240412,GATEWAY,18150.0,PAID
7000001215,1000001215,20250928,CASH,13721.4,PAID
7000001216,1000001216,20240704,CARD,49905.0,PAID
7000001217,1000001217,20250521,CASH,44823.24,PAID
7000001218,1000001218,20240919,GATEWAY,48924.9,PAID
7000001219,1000001219,20241005,CARD,14520.0,PAID
7000001220,1000001220,20250428,CARD,32916.6,PAID
7000001221,1000001221,20250217,CARD,20257.5,FAILED
7000001222,1000001222,20250402,GATEWAY,53361.0,PAID
7000001223,1000001223,20250225,CARD,63343.5,PAID
7000001224,1000001224,20241124,CARD,69289.2,PAID
7000001225,1000001225,20240227,CASH,80803.8,PAID
7000001226,1000001226,20241125,GATEWAY,55405.5,PAID
7000001227,1000001227,20240325,CARD,18442.5,FAILED
7000001228,1000001228,20240327,CARD,44651.1,PAID
7000001229,1000001229,20240414,CASH,42688.8,PAID
7000001230,1000001230,20240328,GATEWAY,42664.2,PAID
7000001231,1000001231,20250902,CASH,42688.8,PAID
7000001232,1000001232,20250902,CARD,60369.0,PAID
7000001233,1000001233,20250117,CARD,21065.7,PAID
7000001234,1000001234,20240914,GATEWAY,13968.0,PAID
7000001235,1000001235,20250315,CARD,31246.8,PAID
7000001236,1000001236,20241003,CASH,18966.75,FAILED
7000001237,1000001237,20250611,GATEWAY,44651.1,PAID
7000001238,1000001238,20250522,GATEWAY,45304.5,REFUNDED
7000001239,1000001239,20250831,CARD,28459.2,PAID
7000001240,1000001240,20240318,GATEWAY,37200.0,PAID
7000001241,1000001241,20241226,CARD,41164.2,FAILED
7000001242,1000001242,20240308,CARD,50195.4,FAILED
7000001243,1000001243,20250217,CARD,33371.4,PAID
7000001244,1000001244,20240606,CASH,82872.9,PAID
7000001245,1000001245,20250607,CARD,67082.4,PAID
7000001246,1000001246,20240621,GATEWAY,43888.8,PAID
7000001247,1000001247,20240628,CARD,39315.0,PAID
7000001248,1000001248,20241013,CARD,146494.38,PAID
7000001249,1000001249,20250304,CARD,18442.5,REFUNDED
7000001250,1000001250,20240127,CARD,18987.0,PAID
7000001251,1000001251,20241124,CARD,14229.6,PAID
7000001252,1000001252,20250527,CARD,15129.6,PAID
7000001253,1000001253,20240925,GATEWAY,14694.0,PAID
7000001254,1000001254,20240403,CARD,56929.05,PAID
7000001255,1000001255,20250714,GATEWAY,79825.8,PAID
7000001256,1000001256,20250114,GATEWAY,14568.0,PAID
7000001257,1000001257,20240607,CARD,29475.6,PAID
7000001258,1000001258,20240709,GATEWAY,29040.0,PAID
7000001259,1000001259,20240701,CARD,42582.0,PAID
7000001260,1000001260,20241012,CASH,28967.4,PAID
7000001261,1000001261,20240415,CARD,15129.6,PAID
7000001262,1000001262,20240725,GATEWAY,27636.0,PAID
7000001263,1000001263,20240218,TRANSFER,68244.0,FAILED
7000001264,1000001264,20240422,GATEWAY,19304.62,PAID
7000001265,1000001265,20250924,GATEWAY,44760.0,PAID
7000001266,1000001266,20250707,CARD,35574.0,FAILED
7000001267,1000001267,20240710,CARD,55393.8,PAID
7000001268,1000001268,20250226,GATEWAY,14229.6,PAID
7000001269,1000001269,20240128,GATEWAY,14306.64,PAID
7000001270,1000001270,20241105,GATEWAY,38552.7,PENDING
7000001271,1000001271,20240229,CASH,16335.0,FAILED
7000001272,1000001272,20240401,CARD,42064.2,PAID
7000001273,1000001273,20240124,CARD,19050.0,PAID
7000001274,1000001274,20240608,CARD,52320.0,PENDING
7000001275,1000001275,20250527,CARD,31218.0,PAID
7000001276,1000001276,20250614,CASH,57441.12,PAID
7000001277,1000001277,20241111,CARD,53227.5,PAID
7000001278,1000001278,20250713,GATEWAY,26755.2,FAILED
7000001279,1000001279,20250224,GATEWAY,62973.0,REFUNDED
7000001280,1000001280,20250327,CARD,44324.4,PAID
7000001281,1000001281,20240208,CARD,76563.72,PAID
7000001282,1000001282,20240415,GATEWAY,47754.75,PAID
7000001283,1000001283,20240313,CARD,19350.0,PAID
7000001284,1000001284,20250915,CARD,156816.0,PAID
7000001285,1000001285,20240514,CASH,16335.0,PAID
7000001286,1000001286,20240229,TRANSFER,43560.0,REFUNDED
7000001287,1000001287,20250424,GATEWAY,55650.0,PAID
7000001288,1000001288,20240204,GATEWAY,17472.0,PAID
7000001289,1000001289,20241120,CARD,52927.5,FAILED
7000001290,1000001290,20250928,CARD,36300.0,PAID
7000001291,1000001291,20240326,CARD,32670.0,PAID
7000001292,1000001292,20241128,GATEWAY,31392.0,PAID
7000001293,1000001293,20241220,GATEWAY,29359.2,PAID
7000001294,1000001294,20240319,CARD,12806.64,PAID
7000001295,1000001295,20240516,CARD,16441.08,PAID
7000001296,1000001296,20240222,CARD,43588.8,REFUNDED
7000001297,1000001297,20240815,TRANSFER,14520.0,PAID
7000001298,1000001298,20240602,CARD,51110.4,FAILED
7000001299,1000001299,20240517,CARD,43888.8,FAILED
7000001300,1000001300,20250410,CASH,17242.5,PAID
7000001301,1000001301,20240616,CARD,25022.4,PAID
7000001302,1000001302,20250303,CARD,43124.4,PAID
7000001303,1000001303,20240323,CARD,54261.0,PAID
7000001304,1000001304,20240221,CASH,76273.56,PAID
7000001305,1000001305,20241013,CARD,19965.0,PAID
7000001306,1000001306,20241006,CARD,13068.0,FAILED
7000001307,1000001307,20240911,CARD,11761.2,PENDING
7000001308,1000001308,20240719,CARD,31036.5,PAID
7000001309,1000001309,20240430,GATEWAY,74190.75,PAID
7000001310,1000001310,20240523,CARD,34485.0,FAILED
7000001311,1000001311,20240312,GATEWAY,71859.24,PAID
7000001312,1000001312,20240329,CARD,13068.0,PAID
7000001313,1000001313,20240711,GATEWAY,54861.0,PAID
7000001314,1000001314,20240830,GATEWAY,35985.0,PAID
7000001315,1000001315,20250909,CARD,33570.0,PAID
7000001316,1000001316,20240706,TRANSFER,35574.0,PAID
7000001317,1000001317,20250210,CARD,49551.6,FAILED
7000001318,1000001318,20241019,GATEWAY,30240.0,PENDING
7000001319,1000001319,20240317,GATEWAY,71704.2,PAID
7000001320,1000001320,20240809,GATEWAY,19650.0,PAID
7000001321,1000001321,20241229,CARD,52627.5,PAID
7000001322,1000001322,20250410,GATEWAY,74293.68,PAID
7000001323,1000001323,20240625,GATEWAY,35685.0,PAID
7000001324,1000001324,20240410,CARD,91693.8,PAID
7000001325,1000001325,20240814,CARD,33570.0,PAID
7000001326,1000001326,20250406,GATEWAY,62031.54,PAID
7000001327,1000001327,20250509,CASH,13794.0,PENDING
7000001328,1000001328,20240618,CASH,57717.0,PAID
7000001329,1000001329,20241112,CASH,41382.0,REFUNDED
7000001330,1000001330,20250927,TRANSFER,13068.0,PAID
7000001331,1000001331,20240822,CASH,34485.0,PAID
7000001332,1000001332,20250716,CASH,65811.9,PAID
7000001333,1000001333,20250915,CARD,54450.0,PAID
7000001334,1000001334,20240627,GATEWAY,12661.2,PAID
7000001335,1000001335,20250528,CASH,25613.28,PAID
7000001336,1000001336,20250912,CARD,29882.16,PAID
7000001337,1000001337,20250201,CASH,29040.0,PAID
7000001338,1000001338,20240103,CASH,46899.6,PAID
7000001339,1000001339,20250601,GATEWAY,54805.5,PAID
7000001340,1000001340,20250408,TRANSFER,14520.0,PENDING
7000001341,1000001341,20240124,CARD,40404.0,PAID
7000001342,1000001342,20250609,CASH,105088.5,PAID
7000001343,1000001343,20250223,GATEWAY,15420.0,PAID
7000001344,1000001344,20250606,GATEWAY,43588.8,PAID
7000001345,1000001345,20250516,TRANSFER,15972.0,PAID
7000001346,1000001346,20250216,GATEWAY,14994.0,PAID
7000001347,1000001347,20241109,CARD,16446.0,PAID
7000001348,1000001348,20250515,CASH,49821.75,PAID
7000001349,1000001349,20250513,CARD,40404.0,PAID
7000001350,1000001350,20240825,GATEWAY,17535.0,PAID
7000001351,1000001351,20240730,CARD,27636.0,PAID
7000001352,1000001352,20240629,CARD,65703.0,PAID
7000001353,1000001353,20250104,TRANSFER,42688.8,PAID
7000001354,1000001354,20241104,CASH,38419.92,PAID
7000001355,1000001355,20250114,CARD,13068.0,FAILED
7000001356,1000001356,20250426,CASH,38115.0,PAID
7000001357,1000001357,20250220,GATEWAY,71148.0,PAID
7000001358,1000001358,20241218,CARD,95915.49,PAID
7000001359,1000001359,20250806,CARD,44460.0,FAILED
7000001360,1000001360,20250826,GATEWAY,28488.0,PENDING
7000001361,1000001361,20241204,GATEWAY,40704.0,PAID
7000001362,1000001362,20240815,CARD,15720.0,PENDING
7000001363,1000001363,20250810,GATEWAY,39619.92,PAID
7000001364,1000001364,20250405,CARD,46638.0,PAID
7000001365,1000001365,20250512,CARD,47454.75,FAILED
7000001366,1000001366,20241130,CARD,50006.64,PAID
7000001367,1000001367,20250712,CARD,40404.0,REFUNDED
7000001368,1000001368,20240117,GATEWAY,58672.5,PAID
7000001369,1000001369,20250301,GATEWAY,41382.0,PAID
7000001370,1000001370,20250420,CARD,40104.0,PAID
7000001371,1000001371,20250409,CARD,38443.8,PAID
7000001372,1000001372,20250401,CASH,16335.0,PAID
7000001373,1000001373,20241228,CARD,32771.4,REFUNDED
7000001374,1000001374,20250208,CARD,55974.6,FAILED
7000001375,1000001375,20250321,CARD,70324.8,PAID
7000001376,1000001376,20240805,CARD,12414.6,PAID
7000001377,1000001377,20240313,CARD,42688.8,PAID
7000001378,1000001378,20240927,CARD,32670.0,PAID
7000001379,1000001379,20240708,CARD,25874.64,PAID
7000001380,1000001380,20250515,CARD,19866.75,PAID
7000001381,1000001381,20240219,CASH,49005.0,PAID
7000001382,1000001382,20250620,TRANSFER,119245.5,PAID
7000001383,1000001383,20250819,GATEWAY,13721.4,REFUNDED
7000001384,1000001384,20241006,CASH,56337.6,PAID
7000001385,1000001385,20241022,CARD,15720.0,PAID
7000001386,1000001386,20240731,CARD,19350.0,PAID
7000001387,1000001387,20240724,CARD,14994.0,PAID
7000001388,1000001388,20250214,CARD,54754.92,PAID
7000001389,1000001389,20250430,GATEWAY,13794.0,PAID
7000001390,1000001390,20250627,GATEWAY,40104.0,PAID
7000001391,1000001391,20240916,CARD,43560.0,FAILED
7000001392,1000001392,20240612,CARD,24722.4,PAID
7000001393,1000001393,20240826,CARD,30564.6,PAID
7000001394,1000001394,20240124,CASH,42688.8,REFUNDED
7000001395,1000001395,20241003,CARD,55213.88,PAID
7000001396,1000001396,20241222,CARD,16852.56,PAID
7000001397,1000001397,20250713,CASH,19057.5,PAID
7000001398,1000001398,20241108,CARD,51455.25,PAID
7000001399,1000001399,20250131,GATEWAY,71057.25,REFUNDED
7000001400,1000001400,20250101,CARD,48054.75,PAID
7000001401,1000001401,20241129,TRANSFER,59604.6,PAID
7000001402,1000001402,20240727,CARD,15129.6,PAID
7000001403,1000001403,20250802,GATEWAY,98764.8,PAID
7000001404,1000001404,20250712,GATEWAY,50205.0,PAID
7000001405,1000001405,20240409,GATEWAY,18687.0,PAID
7000001406,1000001406,20240329,CASH,102583.8,PAID
7000001407,1000001407,20250425,GATEWAY,13068.0,PAID
7000001408,1000001408,20240825,CARD,31936.5,PAID
7000001409,1000001409,20250209,CARD,52852.56,PAID
7000001410,1000001410,20240719,CARD,17835.0,PAID
7000001411,1000001411,20241106,GATEWAY,15841.08,PAID
7000001412,1000001412,20250621,GATEWAY,43888.8,PAID
7000001413,1000001413,20250713,GATEWAY,17472.0,PAID
7000001414,1000001414,20250604,CARD,18987.0,PAID
7000001415,1000001415,20240118,TRANSFER,34485.0,PAID
7000001416,1000001416,20241229,CARD,29040.0,PAID
7000001417,1000001417,20250501,TRANSFER,13794.0,REFUNDED
7000001418,1000001418,20240707,CASH,132259.05,FAILED
7000001419,1000001419,20250127,CARD,38252.7,PAID
7000001420,1000001420,20240711,GATEWAY,15294.0,PAID
7000001421,1000001421,20241215,CARD,58100.25,PAID
7000001422,1000001422,20240430,CARD,49053.0,REFUNDED
7000001423,1000001423,20240428,CASH,14520.0,PAID
7000001424,1000001424,20240511,GATEWAY,50505.0,PAID
7000001425,1000001425,20241119,TRANSFER,30346.8,PAID
7000001426,1000001426,20240730,CARD,60984.0,PAID
7000001427,1000001427,20241002,CARD,43560.0,PAID
7000001428,1000001428,20250702,CARD,76847.1,PAID
7000001429,1000001429,20240208,GATEWAY,15429.6,PAID
7000001430,1000001430,20241006,CASH,49005.0,PAID
7000001431,1000001431,20250802,GATEWAY,101785.2,REFUNDED
7000001432,1000001432,20250322,CARD,86414.25,PAID
7000001433,1000001433,20250719,GATEWAY,43560.0,PAID
7000001434,1000001434,20250928,CASH,61129.2,PAID
7000001435,1000001435,20240228,CASH,101549.25,PAID
7000001436,1000001436,20240403,CARD,27588.0,PAID
7000001437,1000001437,20240531,CARD,11761.2,PAID
7000001438,1000001438,20240108,CARD,54450.0,PAID
7000001439,1000001439,20250621,GATEWAY,18687.0,PAID
7000001440,1000001440,20241112,CARD,17235.0,PAID
7000001441,1000001441,20240917,CARD,73618.5,PAID
7000001442,1000001442,20240711,CASH,29040.0,FAILED
7000001443,1000001443,20240529,GATEWAY,72200.7,PAID
7000001444,1000001444,20250103,CARD,14921.4,FAILED
7000001445,1000001445,20241114,CARD,45520.2,PAID
7000001446,1000001446,20240309,CASH,44286.0,PAID
7000001447,1000001447,20241205,CARD,43451.1,FAILED
7000001448,1000001448,20241218,CASH,28459.2,PAID
7000001449,1000001449,20250429,CARD,15246.0,PAID
7000001450,1000001450,20240708,GATEWAY,16746.0,PAID
7000001451,1000001451,20250823,CARD,99384.24,PAID
7000001452,1000001452,20250428,CASH,100914.0,PAID
7000001453,1000001453,20250802,CARD,13794.0,PAID
7000001454,1000001454,20250224,CARD,30748.2,PAID
7000001455,1000001455,20250719,GATEWAY,50205.0,PAID
7000001456,1000001456,20240120,CARD,64817.28,PAID
7000001457,1000001457,20240322,CARD,14568.0,PAID
7000001458,1000001458,20240211,GATEWAY,55350.0,PAID
7000001459,1000001459,20240612,GATEWAY,67329.0,PAID
7000001460,1000001460,20240430,CASH,73507.5,FAILED
7000001461,1000001461,20240217,CASH,29882.16,PAID
7000001462,1000001462,20240709,CARD,76484.1,PAID
7000001463,1000001463,20250207,CARD,59851.2,PAID
7000001464,1000001464,20240414,CASH,81791.16,PAID
7000001465,1000001465,20240510,CARD,38743.8,PAID
7000001466,1000001466,20240203,GATEWAY,38253.75,FAILED
7000001467,1000001467,20240216,TRANSFER,31036.5,PAID
7000001468,1000001468,20250814,CARD,32307.0,PAID
7000001469,1000001469,20240104,GATEWAY,14268.0,PAID
7000001470,1000001470,20240929,GATEWAY,42064.2,PAID
7000001471,1000001471,20240503,CARD,17787.0,PAID
7000001472,1000001472,20240323,CASH,54722.25,PAID
7000001473,1000001473,20240716,GATEWAY,43308.0,PAID
7000001474,1000001474,20241128,GATEWAY,69018.0,PAID
7000001475,1000001475,20250614,CARD,108900.0,PAID
7000001476,1000001476,20240101,CARD,50505.0,PAID
7000001477,1000001477,20240322,CARD,29659.2,PAID
7000001478,1000001478,20250804,CARD,41188.08,PAID
7000001479,1000001479,20240103,GATEWAY,45738.0,FAILED
7000001480,1000001480,20250420,CASH,44921.25,REFUNDED
7000001481,1000001481,20240411,CASH,67881.0,PAID
7000001482,1000001482,20250213,CARD,29040.0,PAID
7000001483,1000001483,20240722,CASH,48024.9,PAID
7000001484,1000001484,20240914,CARD,78843.6,PAID
7000001485,1000001485,20241228,GATEWAY,82401.0,REFUNDED
7000001486,1000001486,20240709,CARD,52272.0,PAID
7000001487,1000001487,20240816,GATEWAY,13068.0,REFUNDED
7000001488,1000001488,20241003,CARD,16852.56,PAID
7000001489,1000001489,20250730,CARD,15972.0,PAID
7000001490,1000001490,20240517,GATEWAY,13314.6,PAID
7000001491,1000001491,20250130,CARD,92429.16,PAID
7000001492,1000001492,20240701,CASH,17242.5,PAID
7000001493,1000001493,20250520,GATEWAY,35203.5,PAID
7000001494,1000001494,20250717,GATEWAY,29867.4,PAID
7000001495,1000001495,20240323,CASH,56029.05,PAID
7000001496,1000001496,20241106,CARD,41382.0,PAID
7000001497,1000001497,20250430,CASH,16335.0,PAID
7000001498,1000001498,20240222,CARD,39930.0,PAID
7000001499,1000001499,20240822,CARD,37137.0,PAID
7000001500,1000001500,20240127,CARD,14483.7,PAID
7000001501,1000001501,20241231,CASH,101277.0,PAID
7000001502,1000001502,20241210,GATEWAY,66392.7,PAID
7000001503,1000001503,20240410,CASH,14520.0,PAID
7000001504,1000001504,20250224,CARD,39204.0,PAID
7000001505,1000001505,20250821,TRANSFER,49005.0,PAID
7000001506,1000001506,20250623,GATEWAY,30240.0,PAID
7000001507,1000001507,20250219,CARD,45723.24,FAILED
7000001508,1000001508,20241215,CASH,13068.0,PAID
7000001509,1000001509,20250930,CARD,37137.0,PAID
7000001510,1000001510,20240510,CARD,92385.6,PAID
7000001511,1000001511,20240730,CARD,30303.0,REFUNDED
7000001512,1000001512,20240327,GATEWAY,44760.0,PAID
7000001513,1000001513,20250601,TRANSFER,27951.0,PENDING
7000001514,1000001514,20250730,CARD,18142.5,PAID
7000001515,1000001515,20250831,CARD,44760.0,PAID
7000001516,1000001516,20241231,CARD,55650.0,PAID
7000001517,1000001517,20250905,CASH,51455.25,PAID
7000001518,1000001518,20240906,CARD,50205.0,PAID
7000001519,1000001519,20241126,CARD,45912.0,PAID
7000001520,1000001520,20250605,CASH,45865.05,REFUNDED
7000001521,1000001521,20240606,CASH,56628.0,PAID
7000001522,1000001522,20241120,CARD,43451.1,PAID
7000001523,1000001523,20241222,TRANSFER,45701.7,PAID
7000001524,1000001524,20250416,CARD,35574.0,PAID
7000001525,1000001525,20250311,GATEWAY,18051.75,PAID
7000001526,1000001526,20240704,CARD,27636.0,PENDING
7000001527,1000001527,20240806,CASH,41382.0,PENDING
7000001528,1000001528,20240101,CARD,80515.5,PAID
7000001529,1000001529,20240901,CARD,13794.0,PAID
7000001530,1000001530,20250127,CARD,42664.2,FAILED
7000001531,1000001531,20250407,GATEWAY,50558.4,PAID
7000001532,1000001532,20240328,CARD,36209.25,PAID
7000001533,1000001533,20250519,CARD,41382.0,PAID
7000001534,1000001534,20241110,CARD,48233.91,PAID
7000001535,1000001535,20241112,GATEWAY,83490.0,REFUNDED
7000001536,1000001536,20240410,TRANSFER,17787.0,PAID
7000001537,1000001537,20240826,CARD,13068.0,PAID
7000001538,1000001538,20240401,CARD,30129.0,PENDING
7000001539,1000001539,20250216,CASH,39131.4,PAID
7000001540,1000001540,20240407,CARD,67329.0,PAID
7000001541,1000001541,20240530,CARD,43560.0,PAID
7000001542,1000001542,20250301,GATEWAY,52627.5,REFUNDED
7000001543,1000001543,20250702,GATEWAY,50205.0,REFUNDED
7000001544,1000001544,20250616,CARD,67447.5,PAID
7000001545,1000001545,20240611,GATEWAY,18442.5,PAID
7000001546,1000001546,20240109,CARD,26136.0,PAID
7000001547,1000001547,20250615,CARD,46901.7,PAID
7000001548,1000001548,20250409,GATEWAY,50505.0,PAID
7000001549,1000001549,20240322,CASH,17242.5,PAID
7000001550,1000001550,20250106,CARD,33870.0,FAILED
7000001551,1000001551,20250201,GATEWAY,42688.8,PAID
7000001552,1000001552,20250121,GATEWAY,44460.0,PAID
7000001553,1000001553,20240820,CARD,20557.5,PAID
7000001554,1000001554,20240517,CARD,87294.0,REFUNDED
7000001555,1000001555,20250821,CARD,20257.5,PAID
7000001556,1000001556,20240702,CARD,40104.0,PAID
7000001557,1000001557,20240621,CARD,43888.8,PAID
7000001558,1000001558,20250727,CARD,57470.16,PAID
7000001559,1000001559,20240324,CASH,80586.0,PAID
7000001560,1000001560,20250416,CASH,65703.0,PAID
7000001561,1000001561,20241226,CARD,54861.0,FAILED
7000001562,1000001562,20241201,GATEWAY,64628.28,PAID
7000001563,1000001563,20240515,CARD,29040.0,PAID
7000001564,1000001564,20250226,GATEWAY,17208.3,PAID
7000001565,1000001565,20241103,CARD,28788.0,PAID
7000001566,1000001566,20250513,CARD,42688.8,PAID
7000001567,1000001567,20240620,GATEWAY,13068.0,PAID
7000001568,1000001568,20250910,CARD,42688.8,PAID
7000001569,1000001569,20240520,CARD,16020.0,REFUNDED
7000001570,1000001570,20250208,CARD,33870.0,PAID
7000001571,1000001571,20250414,CARD,46901.7,PAID
7000001572,1000001572,20250804,CASH,18104.62,PAID
7000001573,1000001573,20250417,CARD,34394.25,PAID
7000001574,1000001574,20250509,CARD,28488.0,FAILED
7000001575,1000001575,20250409,GATEWAY,18104.62,PAID
7000001576,1000001576,20240212,CARD,30240.0,PAID
7000001577,1000001577,20241021,CARD,26029.2,PAID
7000001578,1000001578,20240313,CASH,27588.0,PAID
7000001579,1000001579,20250325,TRANSFER,41382.0,PAID
7000001580,1000001580,20240712,GATEWAY,82003.8,FAILED
7000001581,1000001581,20241219,CARD,19350.0,PAID
7000001582,1000001582,20240904,CASH,16008.3,PAID
7000001583,1000001583,20250629,CARD,84942.0,PAID
7000001584,1000001584,20241228,CASH,91693.8,PAID
7000001585,1000001585,20240530,GATEWAY,55650.0,PAID
7000001586,1000001586,20250921,CASH,39204.0,PAID
7000001587,1000001587,20250613,GATEWAY,42688.8,PAID
7000001588,1000001588,20240304,CASH,42688.8,PAID
7000001589,1000001589,20240911,GATEWAY,44324.4,PAID
7000001590,1000001590,20240315,CARD,59459.4,PAID
7000001591,1000001591,20250209,CARD,33870.0,PAID
7000001592,1000001592,20240612,GATEWAY,39542.4,PAID
7000001593,1000001593,20240405,CARD,27588.0,PENDING
7000001594,1000001594,20250924,CARD,85416.0,PAID
7000001595,1000001595,20241121,CASH,17242.5,REFUNDED
7000001596,1000001596,20240125,CASH,13068.0,REFUNDED
7000001597,1000001597,20250307,GATEWAY,55513.88,FAILED
7000001598,1000001598,20250608,CASH,43923.0,FAILED
7000001599,1000001599,20250329,TRANSFER,79860.0,PAID
7000001600,1000001600,20250709,CARD,40031.4,PAID
7000001601,1000001601,20250826,CARD,67447.5,PAID
7000001602,1000001602,20250607,CASH,14941.08,PAID
7000001603,1000001603,20250812,CARD,52927.5,PAID
7000001604,1000001604,20250616,TRANSFER,82455.45,PAID
7000001605,1000001605,20250604,CARD,85305.0,PAID
7000001606,1000001606,20250314,GATEWAY,40104.0,PAID
7000001607,1000001607,20250519,CARD,85377.6,PAID
7000001608,1000001608,20250518,CARD,18351.75,PAID
7000001609,1000001609,20250126,TRANSFER,109771.2,PAID
7000001610,1000001610,20240515,CARD,45534.72,PAID
7000001611,1000001611,20250503,CASH,43560.0,PAID
7000001612,1000001612,20241214,CARD,31992.0,REFUNDED
7000001613,1000001613,20250601,GATEWAY,38552.7,PAID
7000001614,1000001614,20250912,CARD,46554.75,PAID
7000001615,1000001615,20240403,CARD,52627.5,PAID
7000001616,1000001616,20250318,GATEWAY,17208.3,PAID
7000001617,1000001617,20240302,CASH,49005.0,PAID
7000001618,1000001618,20250227,GATEWAY,61095.0,PAID
7000001619,1000001619,20250420,CARD,34303.5,FAILED
7000001620,1000001620,20250511,GATEWAY,14268.0,PAID
7000001621,1000001621,20240410,GATEWAY,42364.2,PAID
7000001622,1000001622,20250518,CARD,40404.0,PAID
7000001623,1000001623,20250312,CARD,101932.5,PAID
7000001624,1000001624,20250918,GATEWAY,53227.5,PAID
7000001625,1000001625,20240702,GATEWAY,53361.0,REFUNDED
7000001626,1000001626,20240207,CARD,29088.0,PAID
7000001627,1000001627,20240918,CARD,29659.2,PAID
7000001628,1000001628,20250712,GATEWAY,46638.0,PAID
7000001629,1000001629,20250820,GATEWAY,44760.0,PAID
7000001630,1000001630,20250729,CARD,16335.0,FAILED
7000001631,1000001631,20240705,CASH,27588.0,PAID
7000001632,1000001632,20250814,CARD,51294.0,PAID
7000001633,1000001633,20250728,CARD,53227.5,PAID
7000001634,1000001634,20250714,CARD,55350.0,PAID
7000001635,1000001635,20241118,CARD,15246.0,PAID
7000001636,1000001636,20241228,CASH,18150.0,REFUNDED
7000001637,1000001637,20250314,CARD,45520.2,PAID
7000001638,1000001638,20250702,GATEWAY,28788.0,PAID
7000001639,1000001639,20240612,GATEWAY,82875.0,PENDING
7000001640,1000001640,20240927,GATEWAY,15420.0,REFUNDED
7000001641,1000001641,20240827,GATEWAY,30240.0,PAID
7000001642,1000001642,20240429,CARD,93774.6,PAID
7000001643,1000001643,20241031,GATEWAY,44351.1,PAID
7000001644,1000001644,20240714,CASH,34485.0,PAID
7000001645,1000001645,20250326,CASH,39930.0,PAID
7000001646,1000001646,20240317,CARD,36300.0,PAID
7000001647,1000001647,20240722,GATEWAY,37437.0,PAID
7000001648,1000001648,20240209,GATEWAY,14994.0,PAID
7000001649,1000001649,20250311,TRANSFER,14229.6,PAID
7000001650,1000001650,20240112,CARD,46720.2,PAID
7000001651,1000001651,20250818,GATEWAY,27588.0,PAID
7000001652,1000001652,20240109,CARD,27636.0,PAID
7000001653,1000001653,20250430,CASH,48024.9,REFUNDED
7000001654,1000001654,20250309,CARD,42427.2,FAILED
7000001655,1000001655,20241229,CASH,35937.0,PAID
7000001656,1000001656,20250527,CASH,70422.0,PAID
7000001657,1000001657,20241203,CARD,28314.0,PAID
7000001658,1000001658,20240109,CASH,26136.0,PAID
7000001659,1000001659,20250616,CASH,76230.0,PAID
7000001660,1000001660,20240531,GATEWAY,18687.0,PENDING
7000001661,1000001661,20240126,CARD,27636.0,PAID
7000001662,1000001662,20240723,CARD,26136.0,PAID
7000001663,1000001663,20241003,CARD,58806.0,REFUNDED
7000001664,1000001664,20241115,GATEWAY,13968.0,PAID
7000001665,1000001665,20240407,GATEWAY,14994.0,PAID
7000001666,1000001666,20240216,CARD,53215.8,PAID
7000001667,1000001667,20240412,CARD,74008.2,PAID
7000001668,1000001668,20241001,GATEWAY,14568.0,PAID
7000001669,1000001669,20240514,CASH,13068.0,PAID
7000001670,1000001670,20241010,CARD,15652.56,PAID
7000001671,1000001671,20250303,CARD,35574.0,FAILED
7000001672,1000001672,20240213,GATEWAY,49905.0,PENDING
7000001673,1000001673,20241105,CARD,30346.8,PAID
7000001674,1000001674,20240326,CARD,55350.0,PAID
7000001675,1000001675,20250311,GATEWAY,52927.5,PAID
7000001676,1000001676,20250830,GATEWAY,50268.0,PAID
7000001677,1000001677,20241114,CARD,44881.08,PAID
7000001678,1000001678,20250521,CARD,71503.5,PAID
7000001679,1000001679,20250129,GATEWAY,45004.5,PAID
7000001680,1000001680,20241124,GATEWAY,30167.4,PAID
7000001681,1000001681,20240412,CARD,29940.0,PAID
7000001682,1000001682,20250717,CASH,43451.1,PAID
7000001683,1000001683,20241218,GATEWAY,33144.0,PAID
7000001684,1000001684,20240303,GATEWAY,57229.05,PAID
7000001685,1000001685,20240108,CARD,15518.25,FAILED
7000001686,1000001686,20240601,CASH,76484.1,PAID
7000001687,1000001687,20240624,TRANSFER,19965.0,REFUNDED
7000001688,1000001688,20250209,GATEWAY,69502.08,PAID
7000001689,1000001689,20240914,GATEWAY,29959.2,PAID
7000001690,1000001690,20240526,CARD,65267.4,PAID
7000001691,1000001691,20250226,CARD,18651.75,PAID
7000001692,1000001692,20240715,CARD,15246.0,PAID
7000001693,1000001693,20240905,CASH,123619.65,PAID
7000001694,1000001694,20250109,CARD,18104.62,REFUNDED
7000001695,1000001695,20240129,TRANSFER,34303.5,PAID
7000001696,1000001696,20241214,CARD,38852.7,PAID
7000001697,1000001697,20250313,GATEWAY,38552.7,PAID
7000001698,1000001698,20250401,CASH,132930.6,PAID
7000001699,1000001699,20250811,CARD,37933.5,PAID
7000001700,1000001700,20250124,CARD,67147.5,PAID
7000001701,1000001701,20240818,CARD,15294.0,PAID
7000001702,1000001702,20250729,CARD,16335.0,PAID
7000001703,1000001703,20241102,CARD,27036.0,PAID
7000001704,1000001704,20240623,CASH,28459.2,REFUNDED
7000001705,1000001705,20250212,TRANSFER,19565.7,REFUNDED
7000001706,1000001706,20250402,GATEWAY,56029.05,PAID
7000001707,1000001707,20240815,CASH,85359.45,PAID
7000001708,1000001708,20240820,TRANSFER,13794.0,PAID
7000001709,1000001709,20240624,CARD,49005.0,PAID
7000001710,1000001710,20241006,CARD,44460.0,PAID
7000001711,1000001711,20240621,CASH,70422.0,PAID
7000001712,1000001712,20241007,GATEWAY,31546.8,PAID
7000001713,1000001713,20250904,CARD,36774.0,PAID
7000001714,1000001714,20250612,CASH,14229.6,FAILED
7000001715,1000001715,20250111,CARD,71583.6,PAID
7000001716,1000001716,20241207,GATEWAY,40104.0,PAID
7000001717,1000001717,20240916,CARD,15420.0,PAID
7000001718,1000001718,20240305,CARD,86442.0,PAID
7000001719,1000001719,20241003,CARD,42688.8,PAID
7000001720,1000001720,20241008,TRANSFER,53542.5,FAILED
7000001721,1000001721,20250507,CASH,66973.5,PAID
7000001722,1000001722,20250731,CARD,27442.8,PAID
7000001723,1000001723,20250812,CARD,41382.0,PAID
7000001724,1000001724,20250722,CARD,31305.12,PAID
7000001725,1000001725,20250417,CARD,57402.0,PAID
7000001726,1000001726,20250524,CARD,29359.2,PAID
7000001727,1000001727,20240413,GATEWAY,42582.0,PAID
7000001728,1000001728,20250526,TRANSFER,28459.2,PENDING
7000001729,1000001729,20250907,CARD,97675.8,PAID
7000001730,1000001730,20250701,GATEWAY,15429.6,PAID
7000001731,1000001731,20250713,TRANSFER,34485.0,PAID
7000001732,1000001732,20250724,GATEWAY,15429.6,PAID
7000001733,1000001733,20240718,TRANSFER,83853.0,PAID
7000001734,1000001734,20240220,CARD,98677.68,PAID
7000001735,1000001735,20250513,TRANSFER,14483.7,PAID
7000001736,1000001736,20240724,GATEWAY,16446.0,PAID
7000001737,1000001737,20240614,CARD,49985.1,PAID
7000001738,1000001738,20240902,CARD,15429.6,PAID
7000001739,1000001739,20240419,CASH,30492.0,PAID
7000001740,1000001740,20241209,TRANSFER,35574.0,PAID
7000001741,1000001741,20240426,CASH,51001.5,PAID
7000001742,1000001742,20240524,CASH,53361.0,PAID
7000001743,1000001743,20240507,CARD,54450.0,PAID
7000001744,1000001744,20250820,GATEWAY,43888.8,PAID
7000001745,1000001745,20250103,GATEWAY,27551.7,PAID
7000001746,1000001746,20241001,GATEWAY,28488.0,PAID
7000001747,1000001747,20240113,CASH,14229.6,PAID
7000001748,1000001748,20240303,CARD,73800.0,PAID
7000001749,1000001749,20240502,CARD,40104.0,PAID
7000001750,1000001750,20240807,CASH,121350.9,FAILED
7000001751,1000001751,20250218,CARD,25613.28,PAID
7000001752,1000001752,20240728,CARD,88935.0,PAID
7000001753,1000001753,20250529,CARD,28788.0,PAID
7000001754,1000001754,20250805,GATEWAY,19350.0,PAID
7000001755,1000001755,20241003,GATEWAY,89298.0,PAID
7000001756,1000001756,20250513,GATEWAY,25022.4,PAID
7000001757,1000001757,20250226,CARD,14621.4,PAID
7000001758,1000001758,20240105,CARD,75867.0,PAID
7000001759,1000001759,20240704,TRANSFER,43560.0,PAID
7000001760,1000001760,20241219,CARD,29867.4,PAID
7000001761,1000001761,20250703,CARD,31944.0,PAID
7000001762,1000001762,20241201,CASH,29403.0,REFUNDED
7000001763,1000001763,20250925,CARD,85377.6,PAID
7000001764,1000001764,20250203,CARD,44760.0,PAID
7000001765,1000001765,20250220,CASH,14229.6,PAID
7000001766,1000001766,20240805,CASH,34485.0,PAID
7000001767,1000001767,20240629,CASH,43451.1,PAID
7000001768,1000001768,20240525,GATEWAY,44188.8,PAID
7000001769,1000001769,20240818,CARD,14694.0,PAID
7000001770,1000001770,20240226,TRANSFER,49005.0,PAID
7000001771,1000001771,20240924,CARD,37200.0,PAID
7000001772,1000001772,20250614,CARD,18150.0,PAID
7000001773,1000001773,20250620,GATEWAY,36774.0,PAID
7000001774,1000001774,20250106,GATEWAY,35385.0,PAID
7000001775,1000001775,20250525,CASH,29040.0,PAID
7000001776,1000001776,20240804,TRANSFER,34485.0,PAID
7000001777,1000001777,20250928,CARD,31944.0,PAID
7000001778,1000001778,20240507,GATEWAY,87712.5,FAILED
7000001779,1000001779,20241021,GATEWAY,43008.0,PAID
7000001780,1000001780,20250925,GATEWAY,73074.0,PAID
7000001781,1000001781,20250808,GATEWAY,15720.0,PAID
7000001782,1000001782,20241103,CARD,14520.0,PAID
7000001783,1000001783,20240806,GATEWAY,74889.0,PAID
7000001784,1000001784,20240427,CARD,26029.2,PAID
7000001785,1000001785,20241121,CARD,16008.3,FAILED
7000001786,1000001786,20240125,CARD,32670.0,REFUNDED
7000001787,1000001787,20241102,CASH,49803.6,PAID
7000001788,1000001788,20250717,CASH,13068.0,PAID
7000001789,1000001789,20250429,GATEWAY,30240.0,PAID
7000001790,1000001790,20250114,GATEWAY,72892.5,PAID
7000001791,1000001791,20250416,CASH,53361.0,PAID
7000001792,1000001792,20240711,GATEWAY,13914.6,PAID
7000001793,1000001793,20240722,CARD,77793.0,PAID
7000001794,1000001794,20241101,CARD,14520.0,PAID
7000001795,1000001795,20240707,CARD,33570.0,PAID
7000001796,1000001796,20241014,CARD,34485.0,PAID
7000001797,1000001797,20250202,GATEWAY,40104.0,PAID
7000001798,1000001798,20250322,CARD,39204.0,REFUNDED
7000001799,1000001799,20240113,CASH,16335.0,PAID
7000001800,1000001800,20240629,CASH,30492.0,PAID
7000001801,1000001801,20240911,GATEWAY,40104.0,PAID
7000001802,1000001802,20240204,GATEWAY,39131.4,PAID
7000001803,1000001803,20250804,CASH,13794.0,FAILED
7000001804,1000001804,20240918,CARD,33570.0,PAID
7000001805,1000001805,20250828,GATEWAY,16908.3,PAID
7000001806,1000001806,20241013,CARD,44760.0,PAID
7000001807,1000001807,20240925,GATEWAY,85570.8,PAID
7000001808,1000001808,20240229,GATEWAY,80987.4,FAILED
7000001809,1000001809,20240312,CARD,16746.0,PAID
7000001810,1000001810,20240913,GATEWAY,44188.8,PAID
7000001811,1000001811,20250805,GATEWAY,58370.16,PAID
7000001812,1000001812,20240723,CASH,39204.0,PENDING
7000001813,1000001813,20250329,CASH,26136.0,PAID
7000001814,1000001814,20241120,CARD,17787.0,PAID
7000001815,1000001815,20241203,TRANSFER,45476.64,PAID
7000001816,1000001816,20250810,CARD,70893.9,FAILED
7000001817,1000001817,20241013,CARD,50858.4,FAILED
7000001818,1000001818,20250107,TRANSFER,35937.0,PAID
7000001819,1000001819,20240602,GATEWAY,42582.0,PAID
7000001820,1000001820,20250818,CASH,50166.6,PENDING
7000001821,1000001821,20240928,CARD,33870.0,PAID
7000001822,1000001822,20250522,CARD,18150.0,PAID
7000001823,1000001823,20240724,CARD,13794.0,PAID
7000001824,1000001824,20241223,CASH,51455.25,FAILED
7000001825,1000001825,20240507,CASH,35574.0,PAID
7000001826,1000001826,20240727,CASH,53361.0,PAID
7000001827,1000001827,20240110,CARD,27442.8,PAID
7000001828,1000001828,20241016,CARD,38252.7,PAID
7000001829,1000001829,20250308,CARD,13706.64,PAID
7000001830,1000001830,20241122,GATEWAY,14483.7,REFUNDED
7000001831,1000001831,20240814,TRANSFER,39204.0,PAID
7000001832,1000001832,20250703,CASH,43560.0,PAID
7000001833,1000001833,20250902,GATEWAY,59132.7,PAID
7000001834,1000001834,20240817,CARD,69589.2,PAID
7000001835,1000001835,20250131,TRANSFER,41382.0,PAID
7000001836,1000001836,20240216,CARD,42761.4,PAID
7000001837,1000001837,20250616,CARD,13968.0,PAID
7000001838,1000001838,20240730,GATEWAY,35385.0,REFUNDED
7000001839,1000001839,20240119,CARD,36300.0,PAID
7000001840,1000001840,20250207,CARD,16852.56,PAID
7000001841,1000001841,20240203,GATEWAY,58980.0,PAID
7000001842,1000001842,20250614,CARD,44760.0,FAILED
7000001843,1000001843,20240315,CASH,116160.0,PAID
7000001844,1000001844,20240611,CARD,52627.5,PAID
7000001845,1000001845,20250113,CARD,51003.6,PAID
7000001846,1000001846,20250321,CARD,30167.4,PAID
7000001847,1000001847,20250610,CARD,57172.5,PAID
7000001848,1000001848,20250202,TRANSFER,34485.0,PAID
7000001849,1000001849,20241218,GATEWAY,49905.0,PAID
7000001850,1000001850,20240207,CARD,30240.0,FAILED
7000001851,1000001851,20240602,TRANSFER,45375.0,REFUNDED
7000001852,1000001852,20240930,CASH,42035.4,REFUNDED
7000001853,1000001853,20240727,CASH,59895.0,PAID
7000001854,1000001854,20250310,CARD,15129.6,PAID
7000001855,1000001855,20250604,CARD,69877.5,PAID
7000001856,1000001856,20240727,CASH,34485.0,PAID
7000001857,1000001857,20250609,CARD,37800.0,PAID
7000001858,1000001858,20241008,CARD,40404.0,PAID
7000001859,1000001859,20240923,CARD,37352.7,REFUNDED
7000001860,1000001860,20241227,CARD,68055.0,PAID
7000001861,1000001861,20240926,CASH,34485.0,PAID
7000001862,1000001862,20240506,GATEWAY,44460.0,PAID
7000001863,1000001863,20250314,GATEWAY,47454.75,PAID
7000001864,1000001864,20241206,TRANSFER,27588.0,PAID
7000001865,1000001865,20250204,GATEWAY,43371.0,PAID
7000001866,1000001866,20240831,CARD,42364.2,PAID
7000001867,1000001867,20240817,CARD,42688.8,PAID
7000001868,1000001868,20250114,CARD,60984.0,REFUNDED
7000001869,1000001869,20240707,CARD,19004.62,PAID
7000001870,1000001870,20240531,CARD,52927.5,FAILED
7000001871,1000001871,20250316,CARD,37500.0,PAID
7000001872,1000001872,20250628,CASH,35574.0,PAID
7000001873,1000001873,20240806,GATEWAY,20765.7,PAID
7000001874,1000001874,20250409,TRANSFER,76121.1,PAID
7000001875,1000001875,20240501,GATEWAY,14306.64,PAID
7000001876,1000001876,20240406,CASH,42688.8,PAID
7000001877,1000001877,20250720,CASH,81820.2,FAILED
7000001878,1000001878,20250710,CARD,18142.5,PAID
7000001879,1000001879,20240520,CASH,32670.0,PAID
7000001880,1000001880,20240911,CARD,17208.3,PAID
7000001881,1000001881,20241101,CARD,55176.0,PAID
7000001882,1000001882,20240804,GATEWAY,31247.85,PAID
7000001883,1000001883,20240403,CASH,37243.8,PAID
7000001884,1000001884,20241110,CASH,28459.2,PAID
7000001885,1000001885,20250307,CASH,38419.92,PAID
7000001886,1000001886,20240122,GATEWAY,30303.0,PAID
7000001887,1000001887,20240305,CARD,30346.8,PAID
7000001888,1000001888,20241103,CARD,18742.5,PAID
7000001889,1000001889,20250530,GATEWAY,14229.6,FAILED
7000001890,1000001890,20240716,CARD,31392.0,FAILED
7000001891,1000001891,20241226,CARD,58100.25,PAID
7000001892,1000001892,20240916,CARD,12661.2,PAID
7000001893,1000001893,20250512,GATEWAY,15720.0,PAID
7000001894,1000001894,20250202,CARD,28788.0,PAID
7000001895,1000001895,20241218,CASH,43560.0,PAID
7000001896,1000001896,20240410,CARD,39619.92,PAID
7000001897,1000001897,20240727,GATEWAY,16020.0,PAID
7000001898,1000001898,20250716,CARD,39204.0,PAID
7000001899,1000001899,20250205,CARD,57800.25,PAID
7000001900,1000001900,20240422,CASH,35574.0,PAID
7000001901,1000001901,20240914,CARD,36209.25,PAID
7000001902,1000001902,20250612,CASH,23522.4,PAID
7000001903,1000001903,20240530,CARD,42688.8,PENDING
7000001904,1000001904,20250806,CASH,32670.0,PAID
7000001905,1000001905,20240728,CARD,38419.92,PAID
7000001906,1000001906,20250915,CARD,33570.0,PAID
7000001907,1000001907,20240115,CASH,51727.5,PAID
7000001908,1000001908,20250609,CASH,27442.8,PAID
7000001909,1000001909,20250908,TRANSFER,27951.0,PAID
7000001910,1000001910,20250616,CASH,85755.12,REFUNDED
7000001911,1000001911,20250216,GATEWAY,35985.0,PAID
7000001912,1000001912,20240120,CARD,14568.0,PAID
7000001913,1000001913,20250921,GATEWAY,28788.0,PAID
7000001914,1000001914,20241201,CARD,42582.0,REFUNDED
7000001915,1000001915,20250507,GATEWAY,49905.0,PAID
7000001916,1000001916,20240705,CASH,54450.0,REFUNDED
7000001917,1000001917,20250601,GATEWAY,12661.2,REFUNDED
7000001918,1000001918,20250324,CASH,18966.75,FAILED
7000001919,1000001919,20240518,TRANSFER,152460.0,PAID
7000001920,1000001920,20250324,CARD,18150.0,FAILED
7000001921,1000001921,20241111,CARD,18104.62,PAID
7000001922,1000001922,20240401,CASH,28459.2,PAID
7000001923,1000001923,20250106,CARD,61821.0,PAID
7000001924,1000001924,20250117,CASH,47313.42,PAID
7000001925,1000001925,20241128,CARD,14229.6,PAID
7000001926,1000001926,20240211,CARD,18442.5,PAID
7000001927,1000001927,20250313,CASH,60258.0,PAID
7000001928,1000001928,20250310,CARD,29659.2,PAID
7000001929,1000001929,20250529,GATEWAY,14006.64,PAID
7000001930,1000001930,20240517,CARD,60831.3,PAID
7000001931,1000001931,20241006,CARD,28459.2,PAID
7000001932,1000001932,20241023,CASH,13794.0,PAID
7000001933,1000001933,20250523,CARD,32670.0,PAID
7000001934,1000001934,20250807,CASH,23522.4,PAID
7000001935,1000001935,20250809,CARD,32916.6,PAID
7000001936,1000001936,20240928,CARD,77863.5,PAID
7000001937,1000001937,20241229,CARD,62358.24,PAID
7000001938,1000001938,20240912,GATEWAY,38143.8,PAID
7000001939,1000001939,20241101,CARD,61710.0,PAID
7000001940,1000001940,20250129,GATEWAY,17535.0,PAID
7000001941,1000001941,20250417,CASH,75340.65,PAID
7000001942,1000001942,20240625,CASH,18104.62,PAID
7000001943,1000001943,20250120,CARD,45931.2,PAID
7000001944,1000001944,20240308,CARD,41382.0,PAID
7000001945,1000001945,20250331,CASH,15972.0,PAID
7000001946,1000001946,20250406,CARD,44760.0,PAID
7000001947,1000001947,20240617,CARD,97249.8,FAILED
7000001948,1000001948,20240322,GATEWAY,16073.4,FAILED
7000001949,1000001949,20250811,GATEWAY,18987.0,PAID
7000001950,1000001950,20241017,GATEWAY,27036.0,PAID
7000001951,1000001951,20240220,GATEWAY,36474.0,PAID
7000001952,1000001952,20240903,GATEWAY,14483.7,PAID
7000001953,1000001953,20240711,CARD,40704.0,PAID
7000001954,1000001954,20250422,CASH,28459.2,PAID
7000001955,1000001955,20250314,CASH,19057.5,PAID
7000001956,1000001956,20250910,CARD,14941.08,FAILED
7000001957,1000001957,20240731,CARD,40104.0,PAID
7000001958,1000001958,20240130,CARD,38833.5,FAILED
7000001959,1000001959,20250415,CARD,39619.92,PAID
7000001960,1000001960,20250301,CASH,70102.56,PAID
7000001961,1000001961,20250406,CARD,92593.8,PAID
7000001962,1000001962,20240228,CARD,45738.0,PAID
7000001963,1000001963,20250416,CARD,30249.6,PAID
7000001964,1000001964,20240901,GATEWAY,45004.5,PAID
7000001965,1000001965,20241029,CARD,77348.85,PAID
7000001966,1000001966,20240904,GATEWAY,49905.0,PAID
7000001967,1000001967,20250507,CARD,31082.16,PAID
7000001968,1000001968,20240923,GATEWAY,40404.0,PAID
7000001969,1000001969,20241025,CARD,78408.0,PAID
7000001970,1000001970,20250530,CARD,49005.0,FAILED
7000001971,1000001971,20240828,CARD,16335.0,FAILED
7000001972,1000001972,20250615,CARD,81529.8,PAID
7000001973,1000001973,20240520,CARD,76956.0,PAID
7000001974,1000001974,20240922,CARD,40404.0,PAID
7000001975,1000001975,20240526,CARD,16073.4,PAID
7000001976,1000001976,20240406,GATEWAY,14229.6,PAID
7000001977,1000001977,20240706,CARD,57172.5,PAID
7000001978,1000001978,20240322,CASH,50275.5,PAID
7000001979,1000001979,20240611,CASH,75141.0,PAID
7000001980,1000001980,20240701,GATEWAY,15429.6,PAID
7000001981,1000001981,20250727,CARD,43560.0,PAID
7000001982,1000001982,20250808,TRANSFER,53361.0,PAID
7000001983,1000001983,20240331,CASH,42471.0,PAID
7000001984,1000001984,20250304,GATEWAY,32916.6,PAID
7000001985,1000001985,20241213,GATEWAY,13968.0,PAID
7000001986,1000001986,20240314,CASH,34485.0,PAID
7000001987,1000001987,20240505,GATEWAY,48157.68,PAID
7000001988,1000001988,20241115,CARD,14941.08,PAID
7000001989,1000001989,20250731,TRANSFER,32670.0,PAID
7000001990,1000001990,20250103,CARD,18051.75,PAID
7000001991,1000001991,20240514,GATEWAY,15129.6,PAID
7000001992,1000001992,20250627,GATEWAY,16852.56,PAID
7000001993,1000001993,20241228,CARD,29359.2,PAID
7000001994,1000001994,20240327,CARD,13314.6,PAID
7000001995,1000001995,20250930,CARD,48024.9,REFUNDED
7000001996,1000001996,20241129,GATEWAY,38443.8,PAID
7000001997,1000001997,20241112,CARD,29940.0,PAID
7000001998,1000001998,20241107,CARD,33216.6,REFUNDED
7000001999,1000001999,20250908,CARD,97411.05,PAID
7000002000,1000002000,20250501,CARD,29359.2,PAID
7000002001,1000002001,20240809,CASH,35574.0,PAID
7000002002,1000002002,20250422,CARD,42582.0,PAID
7000002003,1000002003,20250704,CARD,19350.0,PAID
7000002004,1000002004,20240603,CARD,28459.2,PAID
7000002005,1000002005,20250723,TRANSFER,90005.85,PAID
7000002006,1000002006,20241101,CASH,26136.0,PAID
7000002007,1000002007,20240920,GATEWAY,43888.8,PAID
7000002008,1000002008,20250624,CARD,25022.4,PAID
7000002009,1000002009,20240823,CARD,46720.2,PAID
7000002010,1000002010,20250126,CARD,24829.2,PAID
7000002011,1000002011,20250821,CARD,34477.5,PAID
7000002012,1000002012,20241110,CARD,53716.5,PAID
7000002013,1000002013,20241202,CARD,14520.0,PAID
7000002014,1000002014,20250503,CARD,27636.0,PAID
7000002015,1000002015,20240909,CARD,82110.6,PAID
7000002016,1000002016,20240803,GATEWAY,52627.5,PAID
7000002017,1000002017,20240116,CARD,15720.0,PAID
7000002018,1000002018,20241003,CARD,37243.8,PAID
7000002019,1000002019,20250110,CARD,19350.0,PAID
7000002020,1000002020,20240616,GATEWAY,33870.0,PAID
7000002021,1000002021,20240520,CARD,41130.0,PAID
7000002022,1000002022,20240817,GATEWAY,15129.6,PAID
7000002023,1000002023,20241005,CARD,13068.0,PAID
7000002024,1000002024,20240501,GATEWAY,38833.5,PAID
7000002025,1000002025,20240902,CARD,29949.6,PAID
7000002026,1000002026,20250822,CASH,19057.5,PAID
7000002027,1000002027,20250411,GATEWAY,66948.9,PAID
7000002028,1000002028,20250308,GATEWAY,43588.8,PAID
7000002029,1000002029,20250519,CARD,29088.0,PAID
7000002030,1000002030,20250324,CARD,54558.9,REFUNDED
7000002031,1000002031,20240327,CARD,55650.0,PAID
7000002032,1000002032,20240423,CARD,37709.25,PAID
7000002033,1000002033,20240407,CARD,28788.0,PAID
7000002034,1000002034,20240927,CARD,27636.0,PAID
7000002035,1000002035,20240626,CASH,15652.56,PAID
7000002036,1000002036,20241205,CARD,95045.1,PAID
7000002037,1000002037,20240520,GATEWAY,14694.0,PENDING
7000002038,1000002038,20240118,CARD,58100.25,REFUNDED
7000002039,1000002039,20250328,TRANSFER,36300.0,PAID
7000002040,1000002040,20250424,CARD,34170.0,PAID
7000002041,1000002041,20250626,GATEWAY,28788.0,PAID
7000002042,1000002042,20240417,GATEWAY,55650.0,PAID
7000002043,1000002043,20240302,CARD,19057.5,PAID
7000002044,1000002044,20240710,CARD,13794.0,PAID
7000002045,1000002045,20240531,GATEWAY,40104.0,PAID
7000002046,1000002046,20250518,CASH,36300.0,PAID
7000002047,1000002047,20241030,GATEWAY,83281.28,PAID
7000002048,1000002048,20240707,GATEWAY,90120.48,PAID
7000002049,1000002049,20240123,CARD,40331.4,PAID
7000002050,1000002050,20240111,GATEWAY,16746.0,PAID
7000002051,1000002051,20241216,CARD,14374.8,PAID
7000002052,1000002052,20241230,CARD,41382.0,PAID
7000002053,1000002053,20240215,CASH,26136.0,PAID
7000002054,1000002054,20241210,CARD,27036.0,PAID
7000002055,1000002055,20240827,CARD,76556.7,PAID
7000002056,1000002056,20240330,CASH,35937.0,PAID
7000002057,1000002057,20240524,CARD,26136.0,PAID
7000002058,1000002058,20240219,GATEWAY,29882.16,FAILED
7000002059,1000002059,20250711,CARD,15129.6,PAID
7000002060,1000002060,20240728,CASH,59840.55,PAID
7000002061,1000002061,20240302,CARD,43888.8,PAID
7000002062,1000002062,20250326,CARD,35685.0,PAID
7000002063,1000002063,20240522,CARD,67699.5,PAID
7000002064,1000002064,20240426,CASH,66211.2,FAILED
7000002065,1000002065,20240215,CARD,16335.0,PAID
7000002066,1000002066,20250223,CARD,55105.5,FAILED
7000002067,1000002067,20250917,CARD,29659.2,PAID
7000002068,1000002068,20250328,GATEWAY,36774.0,PAID
7000002069,1000002069,20240326,GATEWAY,28459.2,REFUNDED
7000002070,1000002070,20240525,GATEWAY,44651.1,PAID
7000002071,1000002071,20250419,GATEWAY,50994.0,PAID
7000002072,1000002072,20241228,CARD,15729.6,FAILED
7000002073,1000002073,20240521,GATEWAY,16335.0,PAID
7000002074,1000002074,20240930,CASH,43560.0,PAID
7000002075,1000002075,20241227,CARD,77197.68,PAID
7000002076,1000002076,20250422,TRANSFER,41382.0,PAID
7000002077,1000002077,20250413,CARD,54313.88,FAILED
7000002078,1000002078,20241111,GATEWAY,31392.0,FAILED
7000002079,1000002079,20241101,CARD,78945.0,PAID
7000002080,1000002080,20240427,CARD,13914.6,PAID
7000002081,1000002081,20240504,CARD,30167.4,PAID
7000002082,1000002082,20241009,GATEWAY,15652.56,FAILED
7000002083,1000002083,20250329,CARD,13614.6,PAID
7000002084,1000002084,20250805,GATEWAY,30467.4,PAID
7000002085,1000002085,20240419,GATEWAY,96804.6,FAILED
7000002086,1000002086,20250313,CARD,18150.0,PAID
7000002087,1000002087,20240605,TRANSFER,36300.0,PAID
7000002088,1000002088,20250519,CARD,54624.0,PAID
7000002089,1000002089,20240721,CARD,29040.0,PAID
7000002090,1000002090,20240108,CASH,92565.0,PAID
7000002091,1000002091,20250615,CARD,15246.0,PAID
7000002092,1000002092,20240206,CARD,35985.0,PAID
7000002093,1000002093,20240622,CASH,89679.15,PAID
7000002094,1000002094,20240801,CASH,86248.8,FAILED
7000002095,1000002095,20250716,CARD,86321.4,PAID
7000002096,1000002096,20241106,CASH,15518.25,REFUNDED
7000002097,1000002097,20240325,CARD,92739.0,PAID
7000002098,1000002098,20240213,GATEWAY,48924.9,PAID
7000002099,1000002099,20250518,CARD,104146.8,REFUNDED
7000002100,1000002100,20240125,CARD,107295.3,PAID
7000002101,1000002101,20240514,CARD,16146.0,PAID
7000002102,1000002102,20240104,GATEWAY,31936.5,PAID
7000002103,1000002103,20250402,CASH,62508.6,PAID
7000002104,1000002104,20250515,CARD,15420.0,PAID
7000002105,1000002105,20240114,CASH,53361.0,PAID
7000002106,1000002106,20250818,CASH,67663.2,REFUNDED
7000002107,1000002107,20250609,CARD,71692.5,PAID
7000002108,1000002108,20250718,CARD,82854.75,PAID
7000002109,1000002109,20240518,CARD,62617.5,PAID
7000002110,1000002110,20250425,CARD,49905.0,PAID
7000002111,1000002111,20240411,CARD,21065.7,REFUNDED
7000002112,1000002112,20250506,CASH,51455.25,FAILED
7000002113,1000002113,20250222,TRANSFER,35574.0,PAID
7000002114,1000002114,20240824,CASH,56628.0,PAID
7000002115,1000002115,20240418,CARD,18987.0,FAILED
7000002116,1000002116,20240318,GATEWAY,16718.25,PAID
7000002117,1000002117,20240703,CARD,15429.6,PAID
7000002118,1000002118,20250314,TRANSFER,71148.0,REFUNDED
7000002119,1000002119,20250307,GATEWAY,43588.8,PAID
7000002120,1000002120,20240703,GATEWAY,14306.64,PAID
7000002121,1000002121,20250215,GATEWAY,46420.2,PAID
7000002122,1000002122,20250603,CASH,41382.0,PAID
7000002123,1000002123,20250808,CARD,83446.2,PAID
7000002124,1000002124,20240627,CARD,39133.5,PAID
7000002125,1000002125,20250329,CARD,61095.0,PAID
7000002126,1000002126,20250424,CARD,55350.0,PAID
7000002127,1000002127,20241130,CASH,12414.6,PENDING
7000002128,1000002128,20250620,GATEWAY,103092.0,PAID
7000002129,1000002129,20250412,CASH,13068.0,PAID
7000002130,1000002130,20250228,GATEWAY,13721.4,FAILED
7000002131,1000002131,20250625,CARD,113147.1,PAID
7000002132,1000002132,20250213,CASH,28459.2,FAILED
7000002133,1000002133,20240108,GATEWAY,33870.0,PAID
7000002134,1000002134,20250812,CARD,24829.2,PAID
7000002135,1000002135,20240604,CARD,68607.0,PAID
7000002136,1000002136,20240703,GATEWAY,44300.28,PAID
7000002137,1000002137,20240429,CARD,40404.0,PAID
7000002138,1000002138,20250109,CARD,48924.9,PAID
7000002139,1000002139,20240906,CASH,136560.6,PAID
7000002140,1000002140,20241105,GATEWAY,28642.8,FAILED
7000002141,1000002141,20250210,CARD,42282.0,PAID
7000002142,1000002142,20240423,CARD,82655.1,FAILED
7000002143,1000002143,20241122,GATEWAY,18142.5,PAID
7000002144,1000002144,20250310,CARD,48024.66,PAID
7000002145,1000002145,20250814,GATEWAY,80543.25,PAID
7000002146,1000002146,20240814,CASH,28459.2,PAID
7000002147,1000002147,20250514,GATEWAY,19050.0,PAID
7000002148,1000002148,20240927,CARD,44760.0,FAILED
7000002149,1000002149,20241210,TRANSFER,39204.0,PAID
7000002150,1000002150,20241105,CARD,28459.2,PAID
7000002151,1000002151,20240520,GATEWAY,29659.2,PAID
7000002152,1000002152,20250826,CASH,23522.4,PAID
7000002153,1000002153,20240703,CARD,17152.56,PAID
7000002154,1000002154,20241102,TRANSFER,53361.0,PAID
7000002155,1000002155,20240404,GATEWAY,87439.2,PAID
7000002156,1000002156,20250909,GATEWAY,78882.0,PAID
7000002157,1000002157,20250819,CARD,71656.2,PAID
7000002158,1000002158,20250411,GATEWAY,98121.0,PAID
7000002159,1000002159,20240411,CASH,30492.0,FAILED
7000002160,1000002160,20250225,CARD,31692.0,PAID
7000002161,1000002161,20241123,CARD,83419.5,REFUNDED
7000002162,1000002162,20240208,CARD,39930.0,PAID
7000002163,1000002163,20250831,CARD,28488.0,PAID
7000002164,1000002164,20240620,CARD,43451.1,PAID
7000002165,1000002165,20250126,GATEWAY,17787.0,PAID
7000002166,1000002166,20240202,TRANSFER,17242.5,PAID
7000002167,1000002167,20250504,CASH,15246.0,REFUNDED
7000002168,1000002168,20250122,CASH,32670.0,FAILED
7000002169,1000002169,20250913,CARD,43888.8,REFUNDED
7000002170,1000002170,20250401,GATEWAY,55650.0,PAID
7000002171,1000002171,20240226,GATEWAY,45140.62,PAID
7000002172,1000002172,20250109,CASH,16335.0,PAID
7000002173,1000002173,20240418,GATEWAY,36300.0,PAID
7000002174,1000002174,20240107,GATEWAY,15129.6,PAID
7000002175,1000002175,20240310,CARD,15518.25,PAID
7000002176,1000002176,20250717,CARD,14483.7,PAID
7000002177,1000002177,20240204,CASH,83490.0,PAID
7000002178,1000002178,20250331,GATEWAY,17235.0,PAID
7000002179,1000002179,20240620,GATEWAY,29659.2,PAID
7000002180,1000002180,20250730,CARD,43451.1,PAID
7000002181,1000002181,20250820,GATEWAY,55650.0,PAID
7000002182,1000002182,20250622,CARD,18351.75,PAID
7000002183,1000002183,20240216,CARD,27588.0,PAID
7000002184,1000002184,20250618,CARD,13794.0,REFUNDED
7000002185,1000002185,20240424,CARD,19468.5,PAID
7000002186,1000002186,20240528,TRANSFER,30201.6,PAID
7000002187,1000002187,20250123,GATEWAY,48054.75,PAID
7000002188,1000002188,20240119,CARD,27442.8,PAID
7000002189,1000002189,20240503,CARD,70930.2,PAID
7000002190,1000002190,20250412,CASH,13794.0,PAID
7000002191,1000002191,20250718,GATEWAY,47482.5,PAID
7000002192,1000002192,20241003,CARD,28314.0,FAILED
7000002193,1000002193,20240525,CASH,41164.2,PAID
7000002194,1000002194,20240925,CARD,67590.6,PAID
7000002195,1000002195,20240710,CARD,57172.5,PAID
7000002196,1000002196,20250601,GATEWAY,50205.0,FAILED
7000002197,1000002197,20250915,CARD,49905.0,PAID
7000002198,1000002198,20241204,CASH,53451.75,PAID
7000002199,1000002199,20250401,CARD,38552.7,PAID
7000002200,1000002200,20250514,CASH,43560.0,PAID
7000002201,1000002201,20250320,CASH,57426.6,PAID
7000002202,1000002202,20250124,GATEWAY,34485.0,PAID
7000002203,1000002203,20250425,CASH,79337.28,PAID
7000002204,1000002204,20240328,CARD,36209.25,PAID
7000002205,1000002205,20250220,CARD,34485.0,PAID
7000002206,1000002206,20250928,CARD,13721.4,PAID
7000002207,1000002207,20250525,GATEWAY,13721.4,PAID
7000002208,1000002208,20250228,CARD,50386.5,PAID
7000002209,1000002209,20240105,CARD,15720.0,PAID
7000002210,1000002210,20240129,CARD,18150.0,PAID
7000002211,1000002211,20250414,GATEWAY,38443.8,PAID
7000002212,1000002212,20250514,GATEWAY,15720.0,PAID
7000002213,1000002213,20240301,GATEWAY,14268.0,PAID
7000002214,1000002214,20250929,TRANSFER,107811.0,PAID
7000002215,1000002215,20250513,CASH,19565.7,PAID
7000002216,1000002216,20250115,CARD,19350.0,PAID
7000002217,1000002217,20241102,TRANSFER,75663.72,PAID
7000002218,1000002218,20241027,CARD,13968.0,PAID
7000002219,1000002219,20240606,CARD,14994.0,PAID
7000002220,1000002220,20241231,CASH,50529.6,REFUNDED
7000002221,1000002221,20240917,CARD,14520.0,PAID
7000002222,1000002222,20250429,CARD,14994.0,PAID
7000002223,1000002223,20240412,GATEWAY,91277.16,PAID
7000002224,1000002224,20250201,GATEWAY,40104.0,PAID
7000002225,1000002225,20250105,CARD,42064.2,PAID
7000002226,1000002226,20240704,CARD,14520.0,PAID
7000002227,1000002227,20250130,TRANSFER,43560.0,PAID
7000002228,1000002228,20250528,GATEWAY,29940.0,PAID
7000002229,1000002229,20250821,GATEWAY,69371.4,PAID
7000002230,1000002230,20240516,TRANSFER,68879.25,PAID
7000002231,1000002231,20240407,CASH,14229.6,PAID
7000002232,1000002232,20250514,GATEWAY,50457.0,PAID
7000002233,1000002233,20250107,CARD,28459.2,PAID
7000002234,1000002234,20240815,CARD,45520.2,PAID
7000002235,1000002235,20250214,CASH,13721.4,PAID
7000002236,1000002236,20240114,CARD,14994.0,PAID
7000002237,1000002237,20240220,GATEWAY,120036.6,PAID
7000002238,1000002238,20250316,GATEWAY,59860.8,PAID
7000002239,1000002239,20240612,CARD,17835.0,PAID
7000002240,1000002240,20241018,CARD,42064.2,REFUNDED
7000002241,1000002241,20241209,GATEWAY,50205.0,REFUNDED
7000002242,1000002242,20240303,CARD,17787.0,PAID
7000002243,1000002243,20240714,GATEWAY,129593.1,FAILED
7000002244,1000002244,20250126,GATEWAY,17172.0,PAID
7000002245,1000002245,20241012,GATEWAY,14374.8,PAID
7000002246,1000002246,20241223,CASH,31036.5,REFUNDED
7000002247,1000002247,20250315,CARD,19350.0,REFUNDED
7000002248,1000002248,20240911,CARD,55813.88,PAID
7000002249,1000002249,20250413,CARD,60112.8,PAID
7000002250,1000002250,20240406,GATEWAY,36209.25,PAID
7000002251,1000002251,20241030,GATEWAY,50505.0,PAID
7000002252,1000002252,20250913,CARD,26136.0,PAID
7000002253,1000002253,20241219,GATEWAY,58871.1,FAILED
7000002254,1000002254,20240803,CARD,79608.0,PAID
7000002255,1000002255,20240616,CARD,19050.0,PAID
7000002256,1000002256,20240816,CASH,53361.0,PAID
7000002257,1000002257,20250221,CASH,49005.0,PAID
7000002258,1000002258,20240720,CARD,50094.0,PAID
7000002259,1000002259,20240619,GATEWAY,15720.0,PAID
7000002260,1000002260,20240904,CARD,15420.0,FAILED
7000002261,1000002261,20250930,CARD,71685.0,PAID
7000002262,1000002262,20250729,GATEWAY,15420.0,PAID
7000002263,1000002263,20240311,CARD,58072.5,PAID
7000002264,1000002264,20250910,CASH,14229.6,PAID
7000002265,1000002265,20250611,GATEWAY,44760.0,PAID
7000002266,1000002266,20240413,CARD,105633.0,PAID
7000002267,1000002267,20240520,CARD,98038.8,PAID
7000002268,1000002268,20250410,GATEWAY,15720.0,PENDING
7000002269,1000002269,20240117,GATEWAY,43588.8,PAID
7000002270,1000002270,20240927,CARD,79943.25,PAID
7000002271,1000002271,20241126,CARD,110969.1,FAILED
7000002272,1000002272,20241101,CARD,32670.0,PAID
7000002273,1000002273,20250802,CARD,14520.0,PAID
7000002274,1000002274,20250324,CARD,15518.25,PAID
7000002275,1000002275,20240920,CASH,36300.0,PAID
7000002276,1000002276,20240613,CARD,64362.0,PAID
7000002277,1000002277,20240403,CARD,92980.92,PAID
7000002278,1000002278,20240820,CARD,29040.0,PAID
7000002279,1000002279,20240302,CASH,45520.2,REFUNDED
7000002280,1000002280,20240112,CARD,33570.0,REFUNDED
7000002281,1000002281,20241005,GATEWAY,14374.8,PAID
7000002282,1000002282,20241016,GATEWAY,32236.5,PAID
7000002283,1000002283,20240517,CARD,86868.0,PAID
7000002284,1000002284,20250202,GATEWAY,17535.0,PAID
7000002285,1000002285,20250521,GATEWAY,28488.0,PAID
7000002286,1000002286,20250110,CARD,28314.0,PAID
7000002287,1000002287,20240720,CASH,54313.88,FAILED
7000002288,1000002288,20241015,CARD,85597.5,PAID
7000002289,1000002289,20240831,CARD,36209.25,PAID
7000002290,1000002290,20250521,CARD,73209.6,PAID
7000002291,1000002291,20240314,CARD,67082.4,PAID
7000002292,1000002292,20241212,CARD,29088.0,FAILED
7000002293,1000002293,20240326,GATEWAY,36774.0,REFUNDED
7000002294,1000002294,20240330,CARD,17242.5,PAID
7000002295,1000002295,20240713,CASH,25613.28,PAID
7000002296,1000002296,20250530,CARD,14229.6,PAID
7000002297,1000002297,20241222,CARD,41382.0,PAID
7000002298,1000002298,20240519,GATEWAY,29359.2,PAID
7000002299,1000002299,20240304,GATEWAY,36483.6,FAILED
7000002300,1000002300,20250503,CARD,61095.0,FAILED
7000002301,1000002301,20240620,CARD,16418.25,PAID
7000002302,1000002302,20240809,CARD,39204.0,PAID
7000002303,1000002303,20250206,TRANSFER,92347.2,PENDING
7000002304,1000002304,20250324,CARD,33870.0,PAID
7000002305,1000002305,20250206,CASH,35211.0,PAID
7000002306,1000002306,20241121,CARD,49905.0,PAID
7000002307,1000002307,20240118,CARD,43671.0,REFUNDED
7000002308,1000002308,20240517,CARD,61312.8,FAILED
7000002309,1000002309,20250301,CARD,19168.5,PAID
7000002310,1000002310,20240811,CARD,29040.0,PAID
7000002311,1000002311,20250502,CARD,74215.35,PAID
7000002312,1000002312,20240414,CARD,16020.0,PAID
7000002313,1000002313,20241115,GATEWAY,71168.25,PAID
7000002314,1000002314,20240319,GATEWAY,18687.0,PAID
7000002315,1000002315,20240423,CARD,27036.0,PAID
7000002316,1000002316,20241025,CARD,16441.08,FAILED
7000002317,1000002317,20240116,GATEWAY,16446.0,PAID
7000002318,1000002318,20240408,CARD,17787.0,REFUNDED
7000002319,1000002319,20250210,CASH,17787.0,PAID
7000002320,1000002320,20250107,CARD,39204.0,PAID
7000002321,1000002321,20240422,TRANSFER,13794.0,PAID
7000002322,1000002322,20240621,GATEWAY,46638.0,PAID
7000002323,1000002323,20240901,CARD,37800.0,PAID
7000002324,1000002324,20250327,CARD,13968.0,PAID
7000002325,1000002325,20250702,GATEWAY,70694.25,PAID
7000002326,1000002326,20241114,CARD,75619.92,PAID
7000002327,1000002327,20240628,CARD,40104.0,PAID
7000002328,1000002328,20250316,CARD,32236.5,PAID
7000002329,1000002329,20241206,CARD,28749.6,FAILED
7000002330,1000002330,20250306,CARD,17152.56,PAID
7000002331,1000002331,20250623,CARD,73536.3,PAID
7000002332,1000002332,20250801,CARD,29940.0,PAID
7000002333,1000002333,20250510,CARD,37800.0,PAID
7000002334,1000002334,20250610,TRANSFER,80186.7,PAID
7000002335,1000002335,20250809,CASH,16008.3,PAID
7000002336,1000002336,20250330,CARD,63155.55,PAID
7000002337,1000002337,20241201,CARD,18442.5,PAID
7000002338,1000002338,20240209,TRANSFER,35574.0,PAID
7000002339,1000002339,20250311,CASH,32670.0,PAID
7000002340,1000002340,20241008,GATEWAY,31246.8,PAID
7000002341,1000002341,20241102,CARD,27336.0,PENDING
7000002342,1000002342,20250314,CARD,28488.0,PAID
7000002343,1000002343,20250101,CARD,93765.0,PAID
7000002344,1000002344,20241015,GATEWAY,83020.2,PAID
7000002345,1000002345,20240913,GATEWAY,14994.0,PAID
7000002346,1000002346,20240530,CARD,31246.8,PAID
7000002347,1000002347,20250824,GATEWAY,54261.0,PAID
7000002348,1000002348,20250615,CASH,43124.4,PAID
7000002349,1000002349,20250519,GATEWAY,55313.7,FAILED
7000002350,1000002350,20240511,CARD,13068.0,PAID
7000002351,1000002351,20241231,GATEWAY,47238.0,PAID
7000002352,1000002352,20240806,CARD,27036.0,PAID
7000002353,1000002353,20240630,CARD,32205.12,PAID
7000002354,1000002354,20240329,CARD,40970.28,PAID
7000002355,1000002355,20240608,GATEWAY,35385.0,PAID
7000002356,1000002356,20240529,TRANSFER,28459.2,PAID
7000002357,1000002357,20240306,CARD,29940.0,FAILED
7000002358,1000002358,20240913,CARD,45723.24,PAID
7000002359,1000002359,20250817,CARD,48279.0,PAID
7000002360,1000002360,20241201,TRANSFER,39930.0,PAID
7000002361,1000002361,20241005,CARD,43888.8,PAID
7000002362,1000002362,20240716,GATEWAY,18987.0,PAID
7000002363,1000002363,20240210,CARD,17235.0,PAID
7000002364,1000002364,20250421,GATEWAY,32672.1,PAID
7000002365,1000002365,20240905,GATEWAY,55150.35,REFUNDED
7000002366,1000002366,20250405,GATEWAY,15720.0,PAID
7000002367,1000002367,20240824,CARD,17787.0,PAID
7000002368,1000002368,20250722,CASH,14520.0,PAID
7000002369,1000002369,20250320,CARD,35685.0,PAID
7000002370,1000002370,20240823,CARD,17242.5,PAID
7000002371,1000002371,20240718,GATEWAY,46720.2,PAID
7000002372,1000002372,20240714,CARD,26813.28,PAID
7000002373,1000002373,20250130,CARD,52927.5,PAID
7000002374,1000002374,20250324,CARD,41527.2,PAID
7000002375,1000002375,20241115,CARD,33870.0,FAILED
7000002376,1000002376,20241125,CARD,71863.92,PAID
7000002377,1000002377,20241018,GATEWAY,29477.7,PAID
7000002378,1000002378,20240420,CARD,41817.6,PAID
7000002379,1000002379,20240511,CARD,51727.5,PAID
7000002380,1000002380,20240226,GATEWAY,40704.0,PAID
7000002381,1000002381,20240519,CARD,27036.0,PAID
7000002382,1000002382,20240602,CARD,15652.56,PAID
7000002383,1000002383,20250912,GATEWAY,108900.0,PAID
7000002384,1000002384,20240920,CARD,27336.0,PAID
7000002385,1000002385,20250420,GATEWAY,91476.0,PAID
7000002386,1000002386,20240410,CASH,69696.0,PAID
7000002387,1000002387,20240316,GATEWAY,78523.92,PAID
7000002388,1000002388,20250602,GATEWAY,52927.5,PAID
7000002389,1000002389,20240515,CARD,68970.0,PAID
7000002390,1000002390,20240618,CARD,69841.2,PAID
7000002391,1000002391,20250809,CARD,43588.8,PAID
7000002392,1000002392,20250831,CARD,63273.0,PAID
7000002393,1000002393,20250518,TRANSFER,32670.0,PAID
7000002394,1000002394,20250505,CARD,12806.64,PAID
7000002395,1000002395,20250915,CARD,43560.0,PAID
7000002396,1000002396,20240108,CARD,48816.0,PAID
7000002397,1000002397,20240615,CASH,42688.8,PAID
7000002398,1000002398,20240412,GATEWAY,55650.0,PAID
7000002399,1000002399,20241221,CARD,35685.0,PAID
7000002400,1000002400,20250827,CARD,31305.12,PAID
7000002401,1000002401,20240819,GATEWAY,27113.28,PAID
7000002402,1000002402,20240109,GATEWAY,40104.0,PAID
7000002403,1000002403,20241117,CARD,72418.5,PAID
7000002404,1000002404,20250226,CARD,18150.0,PAID
7000002405,1000002405,20240116,CASH,54450.0,PAID
7000002406,1000002406,20250603,CARD,54450.0,PAID
7000002407,1000002407,20240120,CASH,39204.0,PAID
7000002408,1000002408,20250325,TRANSFER,69696.0,PAID
7000002409,1000002409,20240218,CASH,43124.4,PAID
7000002410,1000002410,20250913,CARD,66017.28,PAID
7000002411,1000002411,20241210,CARD,46638.0,PAID
7000002412,1000002412,20241003,CARD,107411.7,PAID
7000002413,1000002413,20250906,CARD,34170.0,PAID
7000002414,1000002414,20240524,GATEWAY,36474.0,PAID
7000002415,1000002415,20250320,GATEWAY,55259.25,PAID
7000002416,1000002416,20240825,CARD,13794.0,PAID
7000002417,1000002417,20240424,TRANSFER,15518.25,PAID
7000002418,1000002418,20250517,CASH,29403.0,REFUNDED
7000002419,1000002419,20250308,GATEWAY,43879.2,PAID
7000002420,1000002420,20241219,CARD,25022.4,PAID
7000002421,1000002421,20241225,CARD,29403.0,PAID
7000002422,1000002422,20250725,GATEWAY,40104.0,REFUNDED
7000002423,1000002423,20240829,TRANSFER,37933.5,PAID
7000002424,1000002424,20250712,GATEWAY,52927.5,PAID
7000002425,1000002425,20240307,GATEWAY,27762.0,PAID
7000002426,1000002426,20240701,CARD,79801.92,PAID
7000002427,1000002427,20240216,CARD,68790.6,PAID
7000002428,1000002428,20250107,CARD,52836.75,PAID
7000002429,1000002429,20250717,CASH,46554.75,PAID
7000002430,1000002430,20250704,GATEWAY,43779.9,PAID
7000002431,1000002431,20250106,TRANSFER,26136.0,PAID
7000002432,1000002432,20250829,TRANSFER,13068.0,PAID
7000002433,1000002433,20241008,CARD,43588.8,PAID
7000002434,1000002434,20240127,TRANSFER,16335.0,PAID
7000002435,1000002435,20250826,CARD,29649.6,PAID
7000002436,1000002436,20240402,CASH,29040.0,PAID
7000002437,1000002437,20240717,CASH,42688.8,PAID
7000002438,1000002438,20250424,CARD,29882.16,PAID
7000002439,1000002439,20250910,CARD,33991.08,FAILED
7000002440,1000002440,20240503,CARD,18442.5,PAID
7000002441,1000002441,20240607,CASH,66792.0,PAID
7000002442,1000002442,20240322,CARD,45723.24,PAID
7000002443,1000002443,20250124,CARD,54450.0,PAID
7000002444,1000002444,20241113,GATEWAY,32781.0,FAILED
7000002445,1000002445,20250622,CARD,15429.6,PAID
7000002446,1000002446,20240505,CASH,15246.0,PAID
7000002447,1000002447,20240404,GATEWAY,55350.0,PAID
7000002448,1000002448,20240920,CARD,42282.0,PAID
7000002449,1000002449,20240926,CASH,14374.8,PAID
7000002450,1000002450,20241001,GATEWAY,63127.8,PAID
7000002451,1000002451,20240109,CASH,68244.0,PAID
7000002452,1000002452,20241201,TRANSFER,54450.0,PAID
7000002453,1000002453,20250327,GATEWAY,35283.6,PAID
7000002454,1000002454,20250719,CARD,52627.5,PAID
7000002455,1000002455,20240102,GATEWAY,108285.0,PAID
7000002456,1000002456,20240616,CASH,12806.64,PAID
7000002457,1000002457,20250427,CARD,91161.0,PAID
7000002458,1000002458,20241201,GATEWAY,17835.0,FAILED
7000002459,1000002459,20250402,CARD,29659.2,PAID
7000002460,1000002460,20240727,CASH,43560.0,PAID
7000002461,1000002461,20241127,CARD,17787.0,PAID
7000002462,1000002462,20241018,CARD,14520.0,PAID
7000002463,1000002463,20250206,CASH,30038.25,PAID
7000002464,1000002464,20250130,GATEWAY,55650.0,PAID
7000002465,1000002465,20241125,CARD,36474.0,PAID
7000002466,1000002466,20250122,CARD,73180.8,PAID
7000002467,1000002467,20250725,TRANSFER,23522.4,PAID
7000002468,1000002468,20250927,CARD,42282.0,PAID
7000002469,1000002469,20240729,GATEWAY,152498.12,PAID
7000002470,1000002470,20240628,CARD,49005.0,PAID
7000002471,1000002471,20250727,CARD,15683.7,PAID
7000002472,1000002472,20240109,GATEWAY,50205.0,PAID
7000002473,1000002473,20250823,CARD,14994.0,PAID
7000002474,1000002474,20241014,CARD,57229.05,PAID
7000002475,1000002475,20240623,CARD,54313.88,PAID
7000002476,1000002476,20250326,GATEWAY,15294.0,PAID
7000002477,1000002477,20240119,CASH,37897.2,PENDING
7000002478,1000002478,20240418,GATEWAY,13314.6,PENDING
7000002479,1000002479,20250116,CARD,77974.5,PAID
7000002480,1000002480,20240705,CARD,16020.0,PAID
7000002481,1000002481,20250924,CASH,15652.56,PAID
7000002482,1000002482,20250120,CARD,40404.0,PAID
7000002483,1000002483,20240621,GATEWAY,30240.0,PAID
7000002484,1000002484,20240928,GATEWAY,55650.0,PAID
7000002485,1000002485,20250906,CASH,50094.0,PAID
7000002486,1000002486,20241122,TRANSFER,41382.0,FAILED
7000002487,1000002487,20240405,GATEWAY,44760.0,PAID
7000002488,1000002488,20250506,CARD,36300.0,PAID
7000002489,1000002489,20240725,CARD,13261.2,PAID
7000002490,1000002490,20241019,CARD,17235.0,PAID
7000002491,1000002491,20240903,TRANSFER,14941.08,PAID
7000002492,1000002492,20250816,GATEWAY,39919.92,PAID
7000002493,1000002493,20240825,GATEWAY,19957.5,FAILED
7000002494,1000002494,20250107,CARD,37243.8,PAID
7000002495,1000002495,20240306,CARD,66066.0,PAID
7000002496,1000002496,20240131,GATEWAY,13614.6,PAID
7000002497,1000002497,20240416,CARD,58072.5,PAID
7000002498,1000002498,20240506,CARD,54450.0,PAID
7000002499,1000002499,20250612,GATEWAY,14268.0,PAID
7000002500,1000002500,20240926,GATEWAY,27036.0,PAID
7000002501,1000002501,20240926,GATEWAY,31305.12,PAID
7000002502,1000002502,20250613,CARD,18987.0,PAID
7000002503,1000002503,20250315,CARD,34303.5,PAID
7000002504,1000002504,20240406,TRANSFER,17151.75,PAID
7000002505,1000002505,20250319,CARD,160438.5,PAID
7000002506,1000002506,20250702,CARD,36483.6,PAID
7000002507,1000002507,20250831,CARD,13794.0,PAID
7000002508,1000002508,20240804,CARD,77892.3,PAID
7000002509,1000002509,20250429,CARD,29040.0,FAILED
7000002510,1000002510,20241015,CARD,14694.0,PAID
7000002511,1000002511,20240319,CARD,14229.6,PAID
7000002512,1000002512,20241216,CASH,51727.5,PAID
7000002513,1000002513,20241029,GATEWAY,14568.0,PAID
7000002514,1000002514,20240711,GATEWAY,57172.5,PAID
7000002515,1000002515,20250526,CASH,43560.0,PAID
7000002516,1000002516,20240228,GATEWAY,27636.0,PAID
7000002517,1000002517,20250215,GATEWAY,31305.12,PAID
7000002518,1000002518,20240819,CARD,15429.6,PAID
7000002519,1000002519,20240804,CASH,14520.0,PAID
7000002520,1000002520,20240624,CARD,49116.0,PAID
7000002521,1000002521,20250716,CARD,55350.0,PAID
7000002522,1000002522,20250711,CARD,16335.0,PAID
7000002523,1000002523,20240411,CASH,37352.7,PAID
7000002524,1000002524,20240229,CARD,86250.38,PAID
7000002525,1000002525,20250730,CARD,97249.8,PAID
7000002526,1000002526,20250403,GATEWAY,36837.0,PAID
7000002527,1000002527,20250615,CARD,33234.22,PAID
7000002528,1000002528,20250329,GATEWAY,36183.6,PAID
7000002529,1000002529,20240216,CARD,81529.8,PAID
7000002530,1000002530,20240908,CARD,29867.4,PAID
7000002531,1000002531,20250107,GATEWAY,26813.28,PAID
7000002532,1000002532,20250613,CARD,18351.75,PAID
7000002533,1000002533,20240609,CARD,42064.2,PAID
7000002534,1000002534,20240109,TRANSFER,29475.6,PAID
7000002535,1000002535,20240430,GATEWAY,52987.92,PAID
7000002536,1000002536,20240617,GATEWAY,16418.25,PAID
7000002537,1000002537,20250502,CARD,29359.2,PAID
7000002538,1000002538,20240207,TRANSFER,28967.4,FAILED
7000002539,1000002539,20240310,CARD,19168.5,PAID
7000002540,1000002540,20240305,CARD,48191.64,PAID
7000002541,1000002541,20241228,CASH,39204.0,REFUNDED
7000002542,1000002542,20240914,GATEWAY,26136.0,PAID
7000002543,1000002543,20241121,CARD,54450.0,PAID
7000002544,1000002544,20250522,GATEWAY,15720.0,PAID
7000002545,1000002545,20250113,GATEWAY,29403.0,PAID
7000002546,1000002546,20240209,CARD,28495.5,PAID
7000002547,1000002547,20240719,GATEWAY,35685.0,PAID
7000002548,1000002548,20250912,CARD,80070.3,PAID
7000002549,1000002549,20240505,CARD,62946.3,PAID
7000002550,1000002550,20250709,GATEWAY,47857.68,FAILED
7000002551,1000002551,20240727,GATEWAY,16141.08,PAID
7000002552,1000002552,20240918,CARD,19004.62,PAID
7000002553,1000002553,20250918,GATEWAY,43888.8,PAID
7000002554,1000002554,20240706,GATEWAY,50205.0,PAID
7000002555,1000002555,20240803,CARD,27336.0,PAID
7000002556,1000002556,20250521,CARD,11761.2,PAID
7000002557,1000002557,20240513,GATEWAY,65904.75,PAID
7000002558,1000002558,20250218,CARD,42064.2,PAID
7000002559,1000002559,20250825,GATEWAY,31082.16,PENDING
7000002560,1000002560,20250503,CARD,54450.0,PAID
7000002561,1000002561,20241201,TRANSFER,32670.0,PAID
7000002562,1000002562,20240621,CARD,42664.2,PAID
7000002563,1000002563,20241219,GATEWAY,129139.35,PAID
7000002564,1000002564,20240116,GATEWAY,44624.4,PAID
7000002565,1000002565,20240711,CARD,58399.2,PAID
7000002566,1000002566,20250517,CARD,30303.0,PAID
7000002567,1000002567,20250703,TRANSFER,35574.0,PAID
7000002568,1000002568,20250122,CARD,28488.0,PAID
7000002569,1000002569,20250509,CASH,15246.0,PAID
7000002570,1000002570,20241218,CARD,56918.4,PAID
7000002571,1000002571,20250210,CASH,45099.12,PAID
7000002572,1000002572,20250103,GATEWAY,70977.15,PAID
7000002573,1000002573,20241118,GATEWAY,52927.5,PAID
7000002574,1000002574,20250914,GATEWAY,29659.2,PAID
7000002575,1000002575,20240727,CARD,81486.0,PAID
7000002576,1000002576,20240503,CARD,42364.2,PAID
7000002577,1000002577,20240406,CARD,72600.0,PAID
7000002578,1000002578,20240911,CASH,13068.0,PENDING
7000002579,1000002579,20250921,CARD,29403.0,PAID
7000002580,1000002580,20240906,GATEWAY,70673.28,PAID
7000002581,1000002581,20240303,CARD,45229.8,PAID
7000002582,1000002582,20240223,GATEWAY,61956.6,PAID
7000002583,1000002583,20250131,CARD,56076.0,PAID
7000002584,1000002584,20250207,CARD,16335.0,PAID
7000002585,1000002585,20240624,CARD,30240.0,FAILED
7000002586,1000002586,20241220,CASH,31944.0,PAID
7000002587,1000002587,20250304,CARD,89298.0,PAID
7000002588,1000002588,20241013,CARD,27036.0,PAID
7000002589,1000002589,20241112,GATEWAY,49905.0,PAID
7000002590,1000002590,20250209,CARD,100725.0,FAILED
7000002591,1000002591,20250720,CARD,82764.0,PAID
7000002592,1000002592,20240615,GATEWAY,55103.4,PAID
7000002593,1000002593,20250524,CARD,59895.0,FAILED
7000002594,1000002594,20240924,GATEWAY,55950.0,PAID
7000002595,1000002595,20240208,GATEWAY,33870.0,PAID
7000002596,1000002596,20250626,CARD,49234.5,FAILED
7000002597,1000002597,20250622,CASH,34485.0,FAILED
7000002598,1000002598,20240420,CARD,14520.0,PAID
7000002599,1000002599,20241007,CARD,36300.0,PAID
7000002600,1000002600,20250216,CARD,56029.05,PAID
7000002601,1000002601,20240525,CARD,79497.0,FAILED
7000002602,1000002602,20250730,GATEWAY,18142.5,FAILED
7000002603,1000002603,20250705,CARD,91831.5,PAID
7000002604,1000002604,20240524,CASH,27588.0,PAID
7000002605,1000002605,20240118,GATEWAY,37500.0,PAID
7000002606,1000002606,20240115,CARD,16872.0,PAID
7000002607,1000002607,20240804,CARD,35574.0,PAID
7000002608,1000002608,20240617,CASH,43124.4,PAID
7000002609,1000002609,20250821,GATEWAY,42882.0,PAID
7000002610,1000002610,20241105,GATEWAY,27636.0,PAID
7000002611,1000002611,20241029,CARD,133399.68,PAID
7000002612,1000002612,20250718,CARD,28459.2,PAID
7000002613,1000002613,20240816,CARD,14268.0,PAID
7000002614,1000002614,20250217,TRANSFER,43981.08,PAID
7000002615,1000002615,20240925,GATEWAY,41382.0,PAID
7000002616,1000002616,20250915,CARD,66240.0,PAID
7000002617,1000002617,20250519,CARD,66429.0,PAID
7000002618,1000002618,20240619,GATEWAY,30540.0,PAID
7000002619,1000002619,20250918,CASH,12414.6,PAID
7000002620,1000002620,20240321,GATEWAY,36837.0,FAILED
7000002621,1000002621,20250411,CARD,33628.08,PAID
7000002622,1000002622,20240315,CASH,46554.75,PAID
7000002623,1000002623,20240718,GATEWAY,48457.68,PAID
7000002624,1000002624,20241104,CARD,39204.0,PAID
7000002625,1000002625,20250202,CARD,17172.0,PAID
7000002626,1000002626,20240521,CARD,84390.0,PAID
7000002627,1000002627,20241106,CASH,36300.0,PAID
7000002628,1000002628,20240411,CASH,43124.4,PAID
7000002629,1000002629,20241101,TRANSFER,15972.0,PAID
7000002630,1000002630,20250512,CARD,58191.0,PAID
7000002631,1000002631,20240127,CARD,39433.5,PAID
7000002632,1000002632,20241022,CASH,57281.4,PAID
7000002633,1000002633,20240607,CASH,42688.8,PAID
7000002634,1000002634,20240222,CASH,63234.6,PAID
7000002635,1000002635,20250424,CARD,46957.68,PAID
7000002636,1000002636,20241209,CASH,54450.0,PAID
7000002637,1000002637,20240628,TRANSFER,65340.0,PENDING
7000002638,1000002638,20250227,CASH,26136.0,PAID
7000002639,1000002639,20241109,CARD,52655.25,PAID
7000002640,1000002640,20241209,GATEWAY,15294.0,PAID
7000002641,1000002641,20240603,GATEWAY,40104.0,PAID
7000002642,1000002642,20240110,GATEWAY,39615.0,PAID
7000002643,1000002643,20250727,CARD,44600.28,PAID
7000002644,1000002644,20240901,CARD,36474.0,PAID
7000002645,1000002645,20241226,TRANSFER,96049.8,PAID
7000002646,1000002646,20250222,CARD,35385.0,PAID
7000002647,1000002647,20240511,CARD,27588.0,PAID
7000002648,1000002648,20241202,CARD,41894.64,PAID
7000002649,1000002649,20240717,GATEWAY,57891.0,PAID
7000002650,1000002650,20241110,GATEWAY,15901.5,PAID
7000002651,1000002651,20250604,CASH,76738.2,PAID
7000002652,1000002652,20250830,CARD,40704.0,PAID
7000002653,1000002653,20250202,CARD,13794.0,PAID
7000002654,1000002654,20240406,CASH,51727.5,PAID
7000002655,1000002655,20240126,CARD,81849.0,PAID
7000002656,1000002656,20240812,CASH,53361.0,PAID
7000002657,1000002657,20250509,TRANSFER,30346.8,PAID
7000002658,1000002658,20240602,CASH,102583.8,PAID
7000002659,1000002659,20250504,CARD,97794.3,PAID
7000002660,1000002660,20241224,CARD,33570.0,PENDING
7000002661,1000002661,20250314,GATEWAY,26513.28,PAID
7000002662,1000002662,20250419,CASH,32016.6,PAID
7000002663,1000002663,20240121,GATEWAY,15720.0,PAID
7000002664,1000002664,20240722,GATEWAY,35203.5,PAID
7000002665,1000002665,20250224,GATEWAY,17968.5,PAID
7000002666,1000002666,20240803,CASH,36300.0,PAID
7000002667,1000002667,20240202,CASH,16008.3,PAID
7000002668,1000002668,20250927,CARD,94672.5,PAID
7000002669,1000002669,20250103,CARD,61095.0,PAID
7000002670,1000002670,20241215,GATEWAY,48453.0,FAILED
7000002671,1000002671,20250918,CASH,25613.28,FAILED
7000002672,1000002672,20250303,CARD,37243.8,PAID
7000002673,1000002673,20240504,CASH,13068.0,PAID
7000002674,1000002674,20240911,CARD,79134.0,REFUNDED
7000002675,1000002675,20240511,GATEWAY,35385.0,PAID
7000002676,1000002676,20250106,CARD,36774.0,PAID
7000002677,1000002677,20250504,CARD,43734.0,PAID
7000002678,1000002678,20240305,CARD,79932.6,PAID
7000002679,1000002679,20250427,CARD,42688.8,PAID
7000002680,1000002680,20240630,CARD,18142.5,PAID
7000002681,1000002681,20250201,GATEWAY,48090.0,PAID
7000002682,1000002682,20241122,CARD,18104.62,PAID
7000002683,1000002683,20240113,CARD,13068.0,PAID
7000002684,1000002684,20250805,TRANSFER,16335.0,FAILED
7000002685,1000002685,20250704,CARD,54450.0,PAID
7000002686,1000002686,20241025,GATEWAY,53361.0,FAILED
7000002687,1000002687,20250627,GATEWAY,104935.8,REFUNDED
7000002688,1000002688,20240403,CARD,76631.4,PAID
7000002689,1000002689,20240617,TRANSFER,39131.4,REFUNDED
7000002690,1000002690,20240303,CARD,17242.5,PAID
7000002691,1000002691,20240305,CASH,17242.5,PAID
7000002692,1000002692,20250917,CARD,57818.4,PAID
7000002693,1000002693,20250831,GATEWAY,84109.2,PAID
7000002694,1000002694,20250921,GATEWAY,82466.1,FAILED
7000002695,1000002695,20250821,CARD,31036.5,PAID
7000002696,1000002696,20250607,CARD,37200.0,PAID
7000002697,1000002697,20250923,CARD,86386.5,FAILED
7000002698,1000002698,20240704,CASH,13068.0,PAID
7000002699,1000002699,20241208,CARD,71148.0,PAID
7000002700,1000002700,20240817,CARD,55902.0,PAID
7000002701,1000002701,20250912,CARD,77647.8,PAID
7000002702,1000002702,20241008,CARD,13314.6,PAID
7000002703,1000002703,20241207,GATEWAY,55513.88,PAID
7000002704,1000002704,20240708,CARD,58697.1,PAID
7000002705,1000002705,20250720,CASH,51618.6,PAID
7000002706,1000002706,20241220,GATEWAY,49624.2,PAID
7000002707,1000002707,20240404,CARD,43588.8,PAID
7000002708,1000002708,20240317,CARD,43560.0,PAID
7000002709,1000002709,20240704,GATEWAY,61303.2,REFUNDED
7000002710,1000002710,20250109,TRANSFER,26136.0,PAID
7000002711,1000002711,20241216,GATEWAY,29649.6,PAID
7000002712,1000002712,20250906,CARD,18676.35,PAID
7000002713,1000002713,20250831,GATEWAY,19057.5,PAID
7000002714,1000002714,20250203,CARD,21165.0,PAID
7000002715,1000002715,20240216,CASH,43287.75,PAID
7000002716,1000002716,20250125,GATEWAY,43753.2,PAID
7000002717,1000002717,20240610,CARD,67881.0,PAID
7000002718,1000002718,20250522,GATEWAY,52163.1,PAID
7000002719,1000002719,20250622,CASH,12806.64,PAID
7000002720,1000002720,20240323,CARD,27442.8,FAILED
7000002721,1000002721,20240614,CASH,106359.0,REFUNDED
7000002722,1000002722,20241116,CARD,44760.0,PAID
7000002723,1000002723,20240915,CARD,26136.0,PAID
7000002724,1000002724,20241214,CARD,37500.0,REFUNDED
7000002725,1000002725,20250816,CARD,15246.0,PAID
7000002726,1000002726,20250710,CARD,58697.1,FAILED
7000002727,1000002727,20250413,CARD,16335.0,FAILED
7000002728,1000002728,20241123,CARD,28488.0,PAID
7000002729,1000002729,20240403,CASH,41382.0,PAID
7000002730,1000002730,20250120,CASH,13794.0,REFUNDED
7000002731,1000002731,20250909,CASH,39131.4,PAID
7000002732,1000002732,20250202,CARD,76230.0,PAID
7000002733,1000002733,20250117,CARD,101315.4,PAID
7000002734,1000002734,20240706,GATEWAY,97465.5,PAID
7000002735,1000002735,20250909,CASH,53905.5,PAID
7000002736,1000002736,20250118,CARD,69696.0,PAID
7000002737,1000002737,20241014,CARD,50965.2,PAID
7000002738,1000002738,20250223,CARD,83036.25,PAID
7000002739,1000002739,20240710,CARD,41594.64,PAID
7000002740,1000002740,20240521,CARD,55030.8,PAID
7000002741,1000002741,20250907,GATEWAY,74498.25,PAID
7000002742,1000002742,20240702,TRANSFER,44104.5,PAID
7000002743,1000002743,20241026,CASH,49005.0,PAID
7000002744,1000002744,20250609,CASH,37352.7,PAID
7000002745,1000002745,20250326,GATEWAY,42882.0,PAID
7000002746,1000002746,20240114,CASH,45738.0,PAID
7000002747,1000002747,20250425,GATEWAY,79525.8,PAID
7000002748,1000002748,20241108,TRANSFER,43269.6,PAID
7000002749,1000002749,20241110,CARD,115782.48,FAILED
7000002750,1000002750,20250801,GATEWAY,38443.8,PAID
7000002751,1000002751,20250808,CASH,45287.88,PAID
7000002752,1000002752,20240606,CASH,92565.0,PAID
7000002753,1000002753,20240624,GATEWAY,99628.74,FAILED
7000002754,1000002754,20241210,CARD,51262.62,PAID
7000002755,1000002755,20240623,GATEWAY,16146.0,PAID
7000002756,1000002756,20240728,CARD,18142.5,PAID
7000002757,1000002757,20250328,GATEWAY,40404.0,PAID
7000002758,1000002758,20240623,GATEWAY,55894.5,PAID
7000002759,1000002759,20240825,CARD,53361.0,FAILED
7000002760,1000002760,20250620,CARD,36300.0,PAID
7000002761,1000002761,20250728,GATEWAY,77321.1,PAID
7000002762,1000002762,20250526,CARD,43588.8,PAID
7000002763,1000002763,20250411,GATEWAY,19350.0,PAID
7000002764,1000002764,20250901,CARD,29040.0,PAID
7000002765,1000002765,20240310,CARD,26136.0,PAID
7000002766,1000002766,20250219,CARD,39619.92,PAID
7000002767,1000002767,20240615,CARD,40704.0,PAID
7000002768,1000002768,20250411,CARD,40404.0,PAID
7000002769,1000002769,20250307,CASH,51727.5,REFUNDED
7000002770,1000002770,20240604,GATEWAY,48924.9,FAILED
7000002771,1000002771,20241115,GATEWAY,55650.0,PAID
7000002772,1000002772,20240406,CARD,78988.8,PAID
7000002773,1000002773,20250506,CARD,30603.0,FAILED
7000002774,1000002774,20250126,CARD,53678.62,PAID
7000002775,1000002775,20250410,CARD,53361.0,PAID
7000002776,1000002776,20250623,CARD,58100.25,PAID
7000002777,1000002777,20240320,CARD,26136.0,PAID
7000002778,1000002778,20250409,CARD,48024.9,PAID
7000002779,1000002779,20241005,GATEWAY,46938.0,FAILED
7000002780,1000002780,20250225,CARD,27036.0,PAID
7000002781,1000002781,20250615,GATEWAY,65378.4,PAID
7000002782,1000002782,20250512,GATEWAY,52272.0,PAID
7000002783,1000002783,20250219,TRANSFER,14520.0,PENDING
7000002784,1000002784,20250409,CASH,43451.1,PAID
7000002785,1000002785,20241018,CASH,14483.7,PAID
7000002786,1000002786,20240815,CASH,17787.0,PAID
7000002787,1000002787,20250531,CARD,18442.5,PAID
7000002788,1000002788,20250711,CARD,18987.0,PAID
7000002789,1000002789,20240114,CASH,14374.8,PAID
7000002790,1000002790,20240712,CARD,82038.0,PAID
7000002791,1000002791,20240531,CARD,18150.0,PAID
7000002792,1000002792,20250510,CASH,70694.25,REFUNDED
7000002793,1000002793,20250315,GATEWAY,32055.0,FAILED
7000002794,1000002794,20250915,GATEWAY,31846.8,PAID
7000002795,1000002795,20250825,GATEWAY,37200.0,PAID
7000002796,1000002796,20250108,GATEWAY,33870.0,PAID
7000002797,1000002797,20250317,GATEWAY,42862.8,PAID
7000002798,1000002798,20240428,GATEWAY,29359.2,PAID
7000002799,1000002799,20250902,CASH,19565.7,PAID
7000002800,1000002800,20240601,CASH,26136.0,PAID
7000002801,1000002801,20241208,CASH,27588.0,PAID
7000002802,1000002802,20240701,CARD,45465.75,FAILED
7000002803,1000002803,20250805,CARD,16020.0,PAID
7000002804,1000002804,20241005,GATEWAY,18966.75,PAID
7000002805,1000002805,20241208,CARD,13794.0,PAID
7000002806,1000002806,20240802,CARD,43560.0,PAID
7000002807,1000002807,20250111,GATEWAY,45912.0,REFUNDED
7000002808,1000002808,20241225,GATEWAY,86822.1,REFUNDED
7000002809,1000002809,20240616,CARD,91804.8,REFUNDED
7000002810,1000002810,20250511,CARD,13068.0,PAID
7000002811,1000002811,20250309,GATEWAY,40104.0,REFUNDED
7000002812,1000002812,20250216,CASH,32670.0,PAID
7000002813,1000002813,20240325,CASH,45738.0,PAID
7000002814,1000002814,20241217,CARD,85297.5,PENDING
7000002815,1000002815,20240419,GATEWAY,56222.25,PAID
7000002816,1000002816,20240807,GATEWAY,26513.28,PAID
7000002817,1000002817,20241114,TRANSFER,13068.0,REFUNDED
7000002818,1000002818,20250904,CARD,17235.0,REFUNDED
7000002819,1000002819,20240223,GATEWAY,28749.6,PAID
7000002820,1000002820,20250727,CARD,42688.8,PAID
7000002821,1000002821,20250624,CARD,89646.48,REFUNDED
7000002822,1000002822,20241215,CARD,44188.8,PAID
7000002823,1000002823,20240324,CARD,72774.0,PAID
7000002824,1000002824,20241213,CASH,86394.0,PAID
7000002825,1000002825,20240715,TRANSFER,17242.5,PAID
7000002826,1000002826,20240526,CARD,18687.0,FAILED
7000002827,1000002827,20241002,CARD,54450.0,PAID
7000002828,1000002828,20250903,TRANSFER,43560.0,FAILED
7000002829,1000002829,20250512,TRANSFER,39930.0,PAID
7000002830,1000002830,20240917,CARD,36783.6,PAID
7000002831,1000002831,20240912,CARD,39315.0,PAID
7000002832,1000002832,20241225,CARD,13968.0,PAID
7000002833,1000002833,20240407,GATEWAY,17535.0,PAID
7000002834,1000002834,20240703,CARD,48327.0,PAID
7000002835,1000002835,20250226,CARD,47020.2,PAID
7000002836,1000002836,20250926,GATEWAY,130055.4,PAID
7000002837,1000002837,20250602,CASH,118102.05,PAID
7000002838,1000002838,20240607,CARD,47916.0,FAILED
7000002839,1000002839,20241223,CASH,45738.0,FAILED
7000002840,1000002840,20241102,CARD,50205.0,PAID
7000002841,1000002841,20250804,CARD,13968.0,PAID
7000002842,1000002842,20250508,CASH,34303.5,PAID
7000002843,1000002843,20250210,CARD,53578.8,REFUNDED
7000002844,1000002844,20250918,CARD,18351.75,PAID
7000002845,1000002845,20240711,TRANSFER,57172.5,PAID
7000002846,1000002846,20241008,CARD,37800.0,PAID
7000002847,1000002847,20240502,CARD,19350.0,PAID
7000002848,1000002848,20250824,GATEWAY,15420.0,PAID
7000002849,1000002849,20240224,CARD,54561.0,PAID
7000002850,1000002850,20250629,CASH,41382.0,PAID
7000002851,1000002851,20250121,CARD,44460.0,PAID
7000002852,1000002852,20250528,TRANSFER,14229.6,FAILED
7000002853,1000002853,20250515,GATEWAY,33570.0,PAID
7000002854,1000002854,20250509,CARD,16746.0,PAID
7000002855,1000002855,20241218,GATEWAY,36183.6,PAID
7000002856,1000002856,20250627,GATEWAY,40404.0,PAID
7000002857,1000002857,20241004,CARD,115608.0,PAID
7000002858,1000002858,20250920,CARD,55350.0,PAID
7000002859,1000002859,20250625,CARD,58283.28,PAID
7000002860,1000002860,20250722,CARD,106805.25,FAILED
7000002861,1000002861,20240905,CARD,66540.0,PAID
7000002862,1000002862,20250720,CARD,67919.4,PAID
7000002863,1000002863,20240528,GATEWAY,14229.6,PAID
7000002864,1000002864,20240106,CARD,43560.0,PAID
7000002865,1000002865,20241009,GATEWAY,39319.92,PAID
7000002866,1000002866,20240821,GATEWAY,116679.9,PAID
7000002867,1000002867,20240719,CARD,42688.8,PAID
7000002868,1000002868,20240128,CARD,33216.6,FAILED
7000002869,1000002869,20240422,CASH,82764.0,PAID
7000002870,1000002870,20250302,CASH,13794.0,PENDING
7000002871,1000002871,20240222,CASH,38115.0,PAID
7000002872,1000002872,20250203,GATEWAY,65151.0,PAID
7000002873,1000002873,20250216,GATEWAY,19650.0,PAID
7000002874,1000002874,20250906,CARD,15294.0,PAID
7000002875,1000002875,20240416,CARD,35203.5,PAID
7000002876,1000002876,20250708,CARD,16335.0,PAID
7000002877,1000002877,20250902,GATEWAY,79254.6,FAILED
7000002878,1000002878,20250912,GATEWAY,60475.8,PAID
7000002879,1000002879,20240929,CARD,85297.5,PAID
7000002880,1000002880,20250714,CARD,19565.7,PAID
7000002881,1000002881,20250715,CASH,41382.0,PAID
7000002882,1000002882,20240901,TRANSFER,34485.0,PAID
7000002883,1000002883,20250303,GATEWAY,68800.2,PAID
7000002884,1000002884,20240825,CARD,58334.1,PAID
7000002885,1000002885,20250414,CARD,46554.75,PAID
7000002886,1000002886,20240823,CARD,66610.5,PAID
7000002887,1000002887,20250720,CARD,32805.12,PAID
7000002888,1000002888,20250625,CASH,46554.75,PAID
7000002889,1000002889,20250611,CARD,42282.0,PAID
7000002890,1000002890,20240719,GATEWAY,38143.8,PAID
7000002891,1000002891,20250211,CARD,30129.0,PAID
7000002892,1000002892,20250806,CARD,87011.1,PAID
7000002893,1000002893,20241007,GATEWAY,101551.35,PAID
7000002894,1000002894,20240309,CARD,58372.5,PAID
7000002895,1000002895,20250627,GATEWAY,45004.5,PAID
7000002896,1000002896,20250628,CASH,16335.0,PAID
7000002897,1000002897,20240213,CARD,64414.35,PAID
7000002898,1000002898,20250426,TRANSFER,68062.5,PAID
7000002899,1000002899,20240531,CARD,33870.0,PAID
7000002900,1000002900,20240504,GATEWAY,54488.4,PAID
7000002901,1000002901,20240702,GATEWAY,67677.48,PAID
7000002902,1000002902,20250327,GATEWAY,25729.2,PAID
7000002903,1000002903,20241006,CASH,30492.0,PAID
7000002904,1000002904,20250126,TRANSFER,35574.0,PAID
7000002905,1000002905,20240412,TRANSFER,28720.56,PAID
7000002906,1000002906,20240822,CARD,65877.0,PAID
7000002907,1000002907,20240826,CASH,47716.35,PAID
7000002908,1000002908,20241010,TRANSFER,36300.0,PAID
7000002909,1000002909,20250312,CARD,18150.0,PAID
7000002910,1000002910,20240910,CARD,49416.0,PAID
7000002911,1000002911,20240602,CARD,43560.0,PAID
7000002912,1000002912,20241027,TRANSFER,13794.0,PAID
7000002913,1000002913,20240928,CARD,38419.92,FAILED
7000002914,1000002914,20240314,CASH,13068.0,PAID
7000002915,1000002915,20240323,CASH,17787.0,REFUNDED
7000002916,1000002916,20240722,CASH,51110.4,PAID
7000002917,1000002917,20250706,CARD,83601.0,PAID
7000002918,1000002918,20240129,CARD,29040.0,PAID
7000002919,1000002919,20240215,CARD,17242.5,PAID
7000002920,1000002920,20250310,CARD,33570.0,PAID
7000002921,1000002921,20240805,CASH,13794.0,PAID
7000002922,1000002922,20250222,CARD,57646.5,PAID
7000002923,1000002923,20250425,CARD,54450.0,PAID
7000002924,1000002924,20250611,GATEWAY,29893.05,PAID
7000002925,1000002925,20240121,CARD,29403.0,PAID
7000002926,1000002926,20240130,GATEWAY,40404.0,PAID
7000002927,1000002927,20241008,CARD,110997.9,PAID
7000002928,1000002928,20240610,CASH,27036.24,PAID
7000002929,1000002929,20240312,CASH,49005.0,PAID
7000002930,1000002930,20250328,CARD,37243.8,REFUNDED
7000002931,1000002931,20250131,CASH,15972.0,PAID
7000002932,1000002932,20250408,GATEWAY,18987.0,PAID
7000002933,1000002933,20250516,GATEWAY,44941.5,PAID
7000002934,1000002934,20250402,CARD,89597.47,PAID
7000002935,1000002935,20241204,GATEWAY,30603.0,REFUNDED
7000002936,1000002936,20240515,GATEWAY,39315.0,PAID
7000002937,1000002937,20250220,CASH,14941.08,PAID
7000002938,1000002938,20241116,CASH,48024.9,PAID
7000002939,1000002939,20240902,CARD,49005.0,PAID
7000002940,1000002940,20240926,GATEWAY,26813.28,PAID
7000002941,1000002941,20250611,GATEWAY,14229.6,PAID
7000002942,1000002942,20240224,CARD,31082.16,PAID
7000002943,1000002943,20241004,GATEWAY,35884.65,PAID
7000002944,1000002944,20240128,TRANSFER,16335.0,PAID
7000002945,1000002945,20240815,GATEWAY,18442.5,FAILED
7000002946,1000002946,20240714,CARD,46720.2,PAID
7000002947,1000002947,20250629,TRANSFER,39131.4,PAID
7000002948,1000002948,20250121,TRANSFER,16335.0,PAID
7000002949,1000002949,20250924,CARD,84942.0,PAID
7000002950,1000002950,20250624,CARD,44351.1,PAID
7000002951,1000002951,20240807,GATEWAY,49005.0,PAID
7000002952,1000002952,20241030,GATEWAY,80767.5,PAID
7000002953,1000002953,20250927,GATEWAY,36837.0,PAID
7000002954,1000002954,20240901,CARD,13068.0,PAID
7000002955,1000002955,20240825,GATEWAY,28788.0,PAID
7000002956,1000002956,20250221,CASH,34485.0,REFUNDED
7000002957,1000002957,20240307,CARD,19650.0,PAID
7000002958,1000002958,20240909,CASH,49803.6,PAID
7000002959,1000002959,20250613,TRANSFER,13794.0,PAID
7000002960,1000002960,20250830,GATEWAY,19050.0,PAID
7000002961,1000002961,20250914,CASH,41382.0,PAID
7000002962,1000002962,20240204,GATEWAY,36474.0,PAID
7000002963,1000002963,20240208,CARD,44721.6,PAID
7000002964,1000002964,20250422,CARD,15683.7,PAID
7000002965,1000002965,20250429,CARD,61848.75,PAID
7000002966,1000002966,20240109,CARD,54450.0,PAID
7000002967,1000002967,20240201,CASH,17242.5,PAID
7000002968,1000002968,20250801,CARD,48024.9,PAID
7000002969,1000002969,20240908,CARD,67629.0,REFUNDED
7000002970,1000002970,20250922,GATEWAY,58072.5,PAID
7000002971,1000002971,20250510,CARD,18142.5,PAID
7000002972,1000002972,20250525,CARD,13068.0,PAID
7000002973,1000002973,20250612,GATEWAY,20166.75,PAID
7000002974,1000002974,20250205,CARD,52627.5,PAID
7000002975,1000002975,20241114,CARD,53227.5,PAID
7000002976,1000002976,20250628,CARD,18142.5,PAID
7000002977,1000002977,20250418,TRANSFER,27588.0,PAID
7000002978,1000002978,20240209,CARD,36183.6,REFUNDED
7000002979,1000002979,20240903,GATEWAY,29949.6,PAID
7000002980,1000002980,20240104,GATEWAY,42582.0,PAID
7000002981,1000002981,20250810,CASH,29403.0,PAID
7000002982,1000002982,20240605,CARD,13706.64,PAID
7000002983,1000002983,20250916,CASH,53905.5,PAID
7000002984,1000002984,20240618,CASH,41382.0,PAID
7000002985,1000002985,20240428,CARD,77682.0,FAILED
7000002986,1000002986,20240630,CARD,16418.25,PENDING
7000002987,1000002987,20241225,GATEWAY,27336.0,FAILED
7000002988,1000002988,20240214,GATEWAY,33870.0,PAID
7000002989,1000002989,20250205,CASH,54450.0,FAILED
7000002990,1000002990,20240706,GATEWAY,42688.8,PAID
7000002991,1000002991,20241023,CARD,77591.25,PAID
7000002992,1000002992,20241221,GATEWAY,58408.8,PAID
7000002993,1000002993,20241006,GATEWAY,36300.0,PAID
7000002994,1000002994,20240521,GATEWAY,40704.0,PAID
7000002995,1000002995,20240810,CARD,37500.0,REFUNDED
7000002996,1000002996,20240508,CARD,45012.0,PAID
7000002997,1000002997,20240331,GATEWAY,37500.0,PAID
7000002998,1000002998,20240306,GATEWAY,82875.0,PAID
7000002999,1000002999,20240127,CASH,44812.35,PAID
7000003000,1000003000,20240914,GATEWAY,14694.0,PAID
7000003001,1000003001,20240216,TRANSFER,67518.0,PAID
7000003002,1000003002,20240514,CARD,65811.9,PAID
7000003003,1000003003,20240430,CARD,40404.0,PAID
7000003004,1000003004,20250807,CARD,41710.8,PAID
7000003005,1000003005,20250416,CARD,70170.0,PAID
7000003006,1000003006,20250629,CARD,40607.28,PAID
7000003007,1000003007,20250121,GATEWAY,30603.0,PAID
7000003008,1000003008,20240922,CARD,75518.28,PAID
7000003009,1000003009,20250810,CARD,14268.0,PAID
7000003010,1000003010,20240313,CARD,19576.35,PAID
7000003011,1000003011,20250206,CARD,42582.0,PAID
7000003012,1000003012,20240102,CARD,39204.0,PAID
7000003013,1000003013,20250226,CARD,19050.0,PAID
7000003014,1000003014,20240510,CASH,13721.4,PAID
7000003015,1000003015,20250425,CARD,52272.0,PAID
7000003016,1000003016,20241217,GATEWAY,81822.3,PAID
7000003017,1000003017,20250314,CARD,52990.5,PAID
7000003018,1000003018,20240211,CARD,44651.1,PAID
7000003019,1000003019,20240214,GATEWAY,74634.9,PAID
7000003020,1000003020,20250719,CARD,13068.0,FAILED
7000003021,1000003021,20250621,GATEWAY,47754.75,PAID
7000003022,1000003022,20240214,CARD,84530.28,FAILED
7000003023,1000003023,20250529,TRANSFER,84488.25,FAILED
7000003024,1000003024,20240101,GATEWAY,16141.08,PAID
7000003025,1000003025,20250416,GATEWAY,28715.4,PAID
7000003026,1000003026,20250126,CASH,17242.5,PAID
7000003027,1000003027,20240419,CARD,39930.0,PAID
7000003028,1000003028,20240420,CARD,44651.1,REFUNDED
7000003029,1000003029,20250425,CASH,34485.0,PAID
7000003030,1000003030,20250531,CARD,74952.0,PAID
7000003031,1000003031,20241211,GATEWAY,50205.0,PAID
7000003032,1000003032,20241026,CARD,32670.0,PAID
7000003033,1000003033,20240509,CARD,80697.0,PAID
7000003034,1000003034,20240801,GATEWAY,44823.0,PAID
7000003035,1000003035,20241204,CARD,42979.2,PAID
7000003036,1000003036,20250623,GATEWAY,64425.0,PAID
7000003037,1000003037,20250519,CASH,29040.0,PAID
7000003038,1000003038,20250322,GATEWAY,106124.62,PAID
7000003039,1000003039,20250523,CASH,36209.25,PAID
7000003040,1000003040,20250629,GATEWAY,71323.05,PAID
7000003041,1000003041,20240626,TRANSFER,38419.92,PAID
7000003042,1000003042,20240227,CASH,41382.0,PAID
7000003043,1000003043,20250624,TRANSFER,64853.58,PAID
7000003044,1000003044,20241210,CARD,103711.2,PAID
7000003045,1000003045,20241001,CARD,35203.5,REFUNDED
7000003046,1000003046,20240101,CARD,58697.1,PAID
7000003047,1000003047,20241024,TRANSFER,31944.0,PAID
7000003048,1000003048,20241105,CASH,54450.0,PAID
7000003049,1000003049,20240822,CARD,60475.8,PAID
7000003050,1000003050,20250824,GATEWAY,31082.16,PAID
7000003051,1000003051,20250828,CARD,69514.5,PAID
7000003052,1000003052,20250706,CARD,17787.0,PAID
7000003053,1000003053,20250915,GATEWAY,16441.08,PAID
7000003054,1000003054,20241209,CARD,37243.8,PAID
7000003055,1000003055,20240914,GATEWAY,93819.45,PAID
7000003056,1000003056,20250408,GATEWAY,55950.0,PAID
7000003057,1000003057,20250216,CARD,34485.0,PAID
7000003058,1000003058,20240213,CARD,15420.0,PAID
7000003059,1000003059,20240822,CARD,42688.8,PAID
7000003060,1000003060,20250906,CARD,28967.4,PAID
7000003061,1000003061,20240212,TRANSFER,50094.0,PAID
7000003062,1000003062,20250408,GATEWAY,27336.0,PAID
7000003063,1000003063,20240124,GATEWAY,35685.0,PAID
7000003064,1000003064,20250904,GATEWAY,17172.0,PAID
7000003065,1000003065,20240214,CASH,53361.0,PAID
7000003066,1000003066,20240402,CARD,68970.0,PAID
7000003067,1000003067,20250328,GATEWAY,52927.5,PAID
7000003068,1000003068,20240415,CARD,72600.0,PAID
7000003069,1000003069,20250218,CARD,50205.0,PAID
7000003070,1000003070,20240830,CARD,50965.2,PAID
7000003071,1000003071,20240819,GATEWAY,27036.0,PAID
7000003072,1000003072,20240212,CARD,29882.16,PAID
7000003073,1000003073,20240803,CASH,42108.0,PAID
7000003074,1000003074,20250620,CASH,14520.0,FAILED
7000003075,1000003075,20240605,GATEWAY,84724.2,PAID
7000003076,1000003076,20240704,CARD,58399.2,PAID
7000003077,1000003077,20240915,GATEWAY,14520.0,PAID
7000003078,1000003078,20250604,CARD,50205.0,PAID
7000003079,1000003079,20240919,CASH,26136.0,PAID
7000003080,1000003080,20250222,GATEWAY,16020.0,PAID
7000003081,1000003081,20250430,GATEWAY,55813.88,PAID
7000003082,1000003082,20241013,CASH,106032.3,PAID
7000003083,1000003083,20241028,GATEWAY,14520.0,PAID
7000003084,1000003084,20250113,CARD,66247.5,PENDING
7000003085,1000003085,20250815,CASH,13068.0,PAID
7000003086,1000003086,20250919,GATEWAY,44460.0,PAID
7000003087,1000003087,20250309,CARD,19876.35,PAID
7000003088,1000003088,20250901,CASH,28459.2,PAID
7000003089,1000003089,20250709,GATEWAY,32505.12,FAILED
7000003090,1000003090,20240315,CARD,18687.0,PAID
7000003091,1000003091,20240715,CARD,14268.0,PAID
7000003092,1000003092,20240803,CARD,35503.5,PAID
7000003093,1000003093,20240315,CARD,43588.8,PAID
7000003094,1000003094,20240826,CARD,61975.8,PAID
7000003095,1000003095,20250725,CASH,15246.0,PAID
7000003096,1000003096,20250419,CARD,49905.0,PAID
7000003097,1000003097,20240905,CASH,14229.6,PAID
7000003098,1000003098,20250301,CARD,58072.5,PAID
7000003099,1000003099,20250124,CARD,55650.0,PAID
7000003100,1000003100,20250322,GATEWAY,35385.0,PAID
7000003101,1000003101,20240410,TRANSFER,49005.0,PAID
7000003102,1000003102,20240609,CARD,30303.0,PAID
7000003103,1000003103,20250910,CASH,86412.15,PAID
7000003104,1000003104,20240830,GATEWAY,14268.0,PAID
7000003105,1000003105,20250116,CASH,18150.0,PAID
7000003106,1000003106,20240820,CASH,15173.4,PAID
7000003107,1000003107,20250720,TRANSFER,90387.0,PAID
7000003108,1000003108,20240629,CASH,14229.6,PAID
7000003109,1000003109,20240812,CASH,36300.0,PAID
7000003110,1000003110,20240716,CARD,53227.5,PAID
7000003111,1000003111,20240607,CARD,27036.0,PAID
7000003112,1000003112,20250202,CARD,31846.8,PAID
7000003113,1000003113,20250324,CARD,13068.0,PAID
7000003114,1000003114,20240415,CARD,31936.5,PAID
7000003115,1000003115,20240810,GATEWAY,41856.0,PAID
7000003116,1000003116,20240512,CARD,54450.0,PAID
7000003117,1000003117,20240118,CARD,80477.1,PAID
7000003118,1000003118,20240830,CARD,49005.0,PAID
7000003119,1000003119,20240212,GATEWAY,26136.0,PAID
7000003120,1000003120,20250730,CARD,45723.24,FAILED
7000003121,1000003121,20241108,TRANSFER,14520.0,PAID
7000003122,1000003122,20240401,CARD,30240.0,PAID
7000003123,1000003123,20250419,CARD,67329.0,PAID
7000003124,1000003124,20240607,TRANSFER,25613.28,PAID
7000003125,1000003125,20250319,GATEWAY,12661.2,PAID
7000003126,1000003126,20241111,GATEWAY,110136.3,PAID
7000003127,1000003127,20250210,CASH,32343.3,PAID
7000003128,1000003128,20250912,CASH,70131.6,PAID
7000003129,1000003129,20250507,CARD,27036.0,PAID
7000003130,1000003130,20240202,CARD,19057.5,PAID
7000003131,1000003131,20241203,GATEWAY,45999.12,PAID
7000003132,1000003132,20240827,TRANSFER,11761.2,PAID
7000003133,1000003133,20250917,GATEWAY,46532.73,FAILED
7000003134,1000003134,20240610,GATEWAY,13968.0,PAID
7000003135,1000003135,20240204,CARD,61601.1,PAID
7000003136,1000003136,20240824,CARD,39619.92,PAID
7000003137,1000003137,20250624,CARD,26136.0,PAID
7000003138,1000003138,20250531,CARD,31082.16,PAID
7000003139,1000003139,20240724,TRANSFER,31944.0,PAID
7000003140,1000003140,20241218,CARD,19350.0,PAID
7000003141,1000003141,20250522,CASH,36300.0,FAILED
7000003142,1000003142,20240915,CARD,15683.7,PAID
7000003143,1000003143,20250914,TRANSFER,13068.0,PAID
7000003144,1000003144,20240913,GATEWAY,54924.0,PAID
7000003145,1000003145,20240213,GATEWAY,49905.0,PAID
7000003146,1000003146,20250602,CARD,73282.44,PAID
7000003147,1000003147,20240502,TRANSFER,53687.7,REFUNDED
7000003148,1000003148,20241203,GATEWAY,95287.5,FAILED
7000003149,1000003149,20240925,CARD,50205.0,PAID
7000003150,1000003150,20250731,CARD,19965.0,PAID
7000003151,1000003151,20250718,CARD,14520.0,REFUNDED
7000003152,1000003152,20250501,GATEWAY,40404.0,FAILED
7000003153,1000003153,20250423,CARD,28788.0,PAID
7000003154,1000003154,20240807,TRANSFER,30492.0,PAID
7000003155,1000003155,20250603,CASH,14520.0,PAID
7000003156,1000003156,20250324,CARD,15129.6,PAID
7000003157,1000003157,20240915,CASH,29882.16,PAID
7000003158,1000003158,20240222,CARD,43888.8,PAID
7000003159,1000003159,20240706,GATEWAY,114347.1,FAILED
7000003160,1000003160,20240717,CARD,29088.0,PAID
7000003161,1000003161,20250616,CASH,31036.5,PAID
7000003162,1000003162,20240614,CARD,18150.0,REFUNDED
7000003163,1000003163,20240530,CARD,14229.6,PAID
7000003164,1000003164,20250304,CARD,85101.48,PAID
7000003165,1000003165,20240610,CARD,28642.8,PENDING
7000003166,1000003166,20250712,GATEWAY,64425.0,PAID
7000003167,1000003167,20250413,CARD,53361.0,PAID
7000003168,1000003168,20240618,CARD,27336.0,PAID
7000003169,1000003169,20250520,GATEWAY,35385.0,PAID
7000003170,1000003170,20240515,GATEWAY,27588.0,PAID
7000003171,1000003171,20250416,CARD,13706.64,FAILED
7000003172,1000003172,20240902,CASH,17787.0,REFUNDED
7000003173,1000003173,20240623,CARD,62319.6,PENDING
7000003174,1000003174,20241218,GATEWAY,30240.0,REFUNDED
7000003175,1000003175,20240914,CARD,45304.5,PAID
7000003176,1000003176,20250804,CARD,29040.0,PAID
7000003177,1000003177,20250822,TRANSFER,26136.0,PAID
7000003178,1000003178,20241007,CARD,35283.6,PAID
7000003179,1000003179,20250213,GATEWAY,42582.0,PAID
7000003180,1000003180,20240803,CASH,36300.0,PAID
7000003181,1000003181,20250706,TRANSFER,24829.2,PAID
7000003182,1000003182,20250622,CARD,76616.88,PAID
7000003183,1000003183,20241109,CARD,39133.5,PAID
7000003184,1000003184,20250112,CARD,31980.3,FAILED
7000003185,1000003185,20250714,CASH,13794.0,PAID
7000003186,1000003186,20241016,CARD,43888.8,PAID
7000003187,1000003187,20250826,CARD,61375.8,REFUNDED
7000003188,1000003188,20250704,GATEWAY,43588.8,FAILED
7000003189,1000003189,20250613,CARD,68897.4,PAID
7000003190,1000003190,20250419,CASH,53905.5,PAID
7000003191,1000003191,20240814,GATEWAY,101932.5,PAID
7000003192,1000003192,20250313,CASH,53361.0,PAID
7000003193,1000003193,20240819,CARD,68897.16,PAID
7000003194,1000003194,20240719,CASH,35574.0,PAID
7000003195,1000003195,20240131,CARD,27336.0,PAID
7000003196,1000003196,20241029,CARD,81675.0,PAID
7000003197,1000003197,20241002,GATEWAY,58007.4,PAID
7000003198,1000003198,20250616,CARD,16146.0,PAID
7000003199,1000003199,20240525,CASH,28459.2,PAID
7000003200,1000003200,20240821,GATEWAY,66240.0,PAID
7000003201,1000003201,20240315,CASH,35574.0,FAILED
7000003202,1000003202,20250220,CARD,31692.0,PAID
7000003203,1000003203,20250613,CARD,44278.5,PAID
7000003204,1000003204,20240724,CARD,16335.0,PAID
7000003205,1000003205,20240813,CARD,39131.4,PAID
7000003206,1000003206,20250601,CARD,48924.9,PAID
7000003207,1000003207,20250215,CARD,36783.6,REFUNDED
7000003208,1000003208,20240313,GATEWAY,96187.5,PAID
7000003209,1000003209,20250902,CARD,38443.8,PAID
7000003210,1000003210,20250817,CARD,49005.0,PAID
7000003211,1000003211,20250914,GATEWAY,84264.0,PAID
7000003212,1000003212,20240607,GATEWAY,40404.0,PAID
7000003213,1000003213,20250213,CARD,33870.0,PAID
7000003214,1000003214,20241212,GATEWAY,15729.6,PAID
7000003215,1000003215,20240204,CARD,49005.0,PAID
7000003216,1000003216,20250716,CARD,14994.0,PAID
7000003217,1000003217,20240102,CARD,44760.0,PAID
7000003218,1000003218,20241215,CARD,15429.6,FAILED
7000003219,1000003219,20240711,GATEWAY,35385.0,PAID
7000003220,1000003220,20250815,GATEWAY,86785.8,PAID
7000003221,1000003221,20240824,GATEWAY,71259.0,FAILED
7000003222,1000003222,20250806,CASH,29040.0,REFUNDED
7000003223,1000003223,20240520,GATEWAY,27636.0,PAID
7000003224,1000003224,20250626,CASH,14229.6,PAID
7000003225,1000003225,20250302,CASH,26136.0,PAID
7000003226,1000003226,20240807,CARD,43560.0,PAID
7000003227,1000003227,20250207,CARD,35685.0,PAID
7000003228,1000003228,20250223,CASH,29040.0,PAID
7000003229,1000003229,20240411,GATEWAY,40404.0,PAID
7000003230,1000003230,20250602,CARD,37500.0,FAILED
7000003231,1000003231,20250623,CARD,29867.4,FAILED
7000003232,1000003232,20240417,CASH,53905.5,PAID
7000003233,1000003233,20250901,CARD,83490.0,PAID
7000003234,1000003234,20250302,CARD,27588.0,PAID
7000003235,1000003235,20250128,TRANSFER,12414.6,PAID
7000003236,1000003236,20240825,CARD,17242.5,PAID
7000003237,1000003237,20240913,CARD,14520.0,PAID
7000003238,1000003238,20240429,CARD,29040.0,PAID
7000003239,1000003239,20240225,GATEWAY,27442.8,PAID
7000003240,1000003240,20240706,CASH,41382.0,PAID
7000003241,1000003241,20240926,GATEWAY,50505.0,PAID
7000003242,1000003242,20240721,CARD,55650.0,PAID
7000003243,1000003243,20240926,GATEWAY,29088.0,FAILED
7000003244,1000003244,20250703,TRANSFER,45738.0,PAID
7000003245,1000003245,20250318,CARD,14694.0,PAID
7000003246,1000003246,20240121,CASH,45520.2,PAID
7000003247,1000003247,20240606,CARD,27588.0,PAID
7000003248,1000003248,20250420,CARD,36474.0,PAID
7000003249,1000003249,20250522,CARD,36774.0,PAID
7000003250,1000003250,20241125,TRANSFER,14520.0,PAID
7000003251,1000003251,20240801,CARD,50747.4,FAILED
7000003252,1000003252,20240506,CARD,15420.0,PAID
7000003253,1000003253,20240125,CARD,27588.0,PAID
7000003254,1000003254,20250828,GATEWAY,57172.5,PAID
7000003255,1000003255,20240602,CARD,42582.0,FAILED
7000003256,1000003256,20240504,CASH,72091.8,PAID
7000003257,1000003257,20250521,CARD,48157.68,PAID
7000003258,1000003258,20240201,CARD,26136.0,REFUNDED
7000003259,1000003259,20250218,GATEWAY,24422.4,PAID
7000003260,1000003260,20240227,CARD,48351.6,PAID
7000003261,1000003261,20250913,GATEWAY,74707.5,PAID
7000003262,1000003262,20240404,GATEWAY,20166.75,PAID
7000003263,1000003263,20240608,CASH,53905.5,PAID
7000003264,1000003264,20240418,CARD,15720.0,PAID
7000003265,1000003265,20240514,GATEWAY,27036.0,PAID
7000003266,1000003266,20250807,CARD,34241.55,PAID
7000003267,1000003267,20250819,CASH,71692.5,PAID
7000003268,1000003268,20240423,CARD,19866.75,PAID
7000003269,1000003269,20250824,CARD,106213.8,PAID
7000003270,1000003270,20250709,CASH,28459.2,PAID
7000003271,1000003271,20241024,CASH,35574.0,PAID
7000003272,1000003272,20241231,CARD,55813.88,PAID
7000003273,1000003273,20240417,CARD,42688.8,PAID
7000003274,1000003274,20250708,CASH,53361.0,PAID
7000003275,1000003275,20250704,GATEWAY,84916.88,PAID
7000003276,1000003276,20250325,CARD,13068.0,PAID
7000003277,1000003277,20250423,GATEWAY,42282.0,PAID
7000003278,1000003278,20250601,CARD,39919.92,PAID
7000003279,1000003279,20250929,TRANSFER,41962.8,PAID
7000003280,1000003280,20240429,CARD,66721.5,PAID
7000003281,1000003281,20250115,CARD,27636.0,PAID
7000003282,1000003282,20241023,GATEWAY,33570.0,PAID
7000003283,1000003283,20241229,GATEWAY,50362.62,PAID
7000003284,1000003284,20241108,CARD,73613.58,PAID
7000003285,1000003285,20240508,CARD,33870.0,PAID
7000003286,1000003286,20240619,CARD,28788.0,PAID
7000003287,1000003287,20241221,CARD,70131.6,PAID
7000003288,1000003288,20250915,CASH,54450.0,PAID
7000003289,1000003289,20250811,CASH,13068.0,PAID
7000003290,1000003290,20240923,GATEWAY,42882.0,PAID
7000003291,1000003291,20250623,CARD,33216.6,PAID
7000003292,1000003292,20240318,GATEWAY,13968.0,PAID
7000003293,1000003293,20240605,CARD,102204.75,PAID
7000003294,1000003294,20250317,GATEWAY,19350.0,PAID
7000003295,1000003295,20241126,CARD,78664.2,PAID
7000003296,1000003296,20240830,CARD,17242.5,PAID
7000003297,1000003297,20240101,CARD,59486.62,PAID
7000003298,1000003298,20240719,CASH,73543.8,PAID
7000003299,1000003299,20250709,CARD,19965.0,PAID
7000003300,1000003300,20240331,CASH,93291.0,PAID
7000003301,1000003301,20240318,CARD,14568.0,PAID
7000003302,1000003302,20241001,GATEWAY,43888.8,PAID
7000003303,1000003303,20240109,CARD,90858.9,PAID
7000003304,1000003304,20250706,GATEWAY,15720.0,PAID
7000003305,1000003305,20250708,GATEWAY,31493.64,PAID
7000003306,1000003306,20240405,GATEWAY,51727.5,PAID
7000003307,1000003307,20250919,CARD,31036.5,PAID
7000003308,1000003308,20250730,CASH,103447.74,PENDING
7000003309,1000003309,20250113,CARD,43560.0,PAID
7000003310,1000003310,20240701,CARD,44104.5,PAID
7000003311,1000003311,20250403,CARD,15274.8,PAID
7000003312,1000003312,20250215,TRANSFER,36300.0,PAID
7000003313,1000003313,20250322,TRANSFER,42688.8,REFUNDED
7000003314,1000003314,20240721,CARD,14229.6,PAID
7000003315,1000003315,20240611,CARD,100333.2,PENDING
7000003316,1000003316,20250724,CARD,56900.25,PAID
7000003317,1000003317,20250730,CARD,39204.0,PAID
7000003318,1000003318,20241021,CARD,49005.0,PAID
7000003319,1000003319,20250121,CASH,29040.0,PAID
7000003320,1000003320,20241221,CARD,18966.75,PAID
7000003321,1000003321,20250328,CARD,18987.0,REFUNDED
7000003322,1000003322,20240325,CARD,29040.0,PAID
7000003323,1000003323,20250915,CARD,27336.0,PAID
7000003324,1000003324,20250930,CARD,78045.0,PAID
7000003325,1000003325,20240705,GATEWAY,33870.0,PAID
7000003326,1000003326,20241117,CASH,52998.0,PAID
7000003327,1000003327,20240906,CASH,17242.5,PAID
7000003328,1000003328,20250614,TRANSFER,35937.0,PAID
7000003329,1000003329,20250225,CARD,30219.75,PAID
7000003330,1000003330,20240329,TRANSFER,61365.15,PAID
7000003331,1000003331,20250826,CARD,57256.8,REFUNDED
7000003332,1000003332,20240728,CARD,76258.8,FAILED
7000003333,1000003333,20250702,CARD,39204.0,PAID
7000003334,1000003334,20240201,TRANSFER,53361.0,REFUNDED
7000003335,1000003335,20250602,CASH,43560.0,PAID
7000003336,1000003336,20250331,CARD,58283.28,PAID
7000003337,1000003337,20241216,CARD,33444.0,PAID
7000003338,1000003338,20240628,CARD,54561.0,PAID
7000003339,1000003339,20240303,CARD,46720.2,PAID
7000003340,1000003340,20241204,CARD,110127.75,PAID
7000003341,1000003341,20240409,CASH,18104.62,PAID
7000003342,1000003342,20250607,CARD,31029.0,PAID
7000003343,1000003343,20250919,CARD,49905.0,PAID
7000003344,1000003344,20240214,CARD,15729.6,PAID
7000003345,1000003345,20240216,TRANSFER,100732.5,PAID
7000003346,1000003346,20240916,GATEWAY,28642.8,FAILED
7000003347,1000003347,20250804,CASH,85305.0,PAID
7000003348,1000003348,20241117,GATEWAY,16446.0,PAID
7000003349,1000003349,20240216,CARD,15720.0,PAID
7000003350,1000003350,20240801,CARD,52627.5,PAID
7000003351,1000003351,20250821,TRANSFER,41382.0,PAID
7000003352,1000003352,20240226,CASH,49368.0,PAID
7000003353,1000003353,20240821,CARD,17835.0,PAID
7000003354,1000003354,20250718,CASH,37026.0,PAID
7000003355,1000003355,20250416,CARD,54261.0,PAID
7000003356,1000003356,20240710,CARD,28197.6,PAID
7000003357,1000003357,20250329,CARD,18987.0,PAID
7000003358,1000003358,20240716,CARD,46938.0,PAID
7000003359,1000003359,20250411,CASH,74197.2,PAID
7000003360,1000003360,20250509,GATEWAY,18987.0,PAID
7000003361,1000003361,20240317,GATEWAY,32672.1,PAID
7000003362,1000003362,20250915,CARD,50529.6,PAID
7000003363,1000003363,20250927,CARD,35574.0,PAID
7000003364,1000003364,20240318,CARD,28488.0,PAID
7000003365,1000003365,20250511,CARD,42688.8,PENDING
7000003366,1000003366,20250517,CASH,28459.2,PAID
7000003367,1000003367,20240822,GATEWAY,42882.0,PAID
7000003368,1000003368,20250317,GATEWAY,107077.5,PAID
7000003369,1000003369,20240602,CARD,11761.2,PAID
7000003370,1000003370,20240913,CARD,26029.2,FAILED
7000003371,1000003371,20241024,CARD,54450.0,PAID
7000003372,1000003372,20250831,GATEWAY,19057.5,PAID
7000003373,1000003373,20240109,CARD,39930.0,PAID
7000003374,1000003374,20250912,GATEWAY,54861.0,PAID
7000003375,1000003375,20240207,CASH,46500.3,PAID
7000003376,1000003376,20250718,GATEWAY,29141.4,PAID
7000003377,1000003377,20250130,GATEWAY,18351.75,FAILED
7000003378,1000003378,20240713,CASH,16335.0,REFUNDED
7000003379,1000003379,20240529,GATEWAY,80997.0,PAID
7000003380,1000003380,20240116,CARD,41382.0,PAID
7000003381,1000003381,20240827,CARD,19350.0,PAID
7000003382,1000003382,20240522,CASH,53996.25,PAID
7000003383,1000003383,20250728,CARD,33870.0,PAID
7000003384,1000003384,20240321,GATEWAY,17787.0,REFUNDED
7000003385,1000003385,20241030,CARD,54450.0,PAID
7000003386,1000003386,20250516,CARD,53361.0,PAID
7000003387,1000003387,20240808,CARD,58708.8,PAID
7000003388,1000003388,20250829,GATEWAY,56956.8,PAID
7000003389,1000003389,20240308,CARD,17535.0,PAID
7000003390,1000003390,20240223,CARD,29867.4,PAID
7000003391,1000003391,20241205,CARD,85053.0,PAID
7000003392,1000003392,20250613,CASH,53361.0,FAILED
7000003393,1000003393,20240609,CARD,29649.6,PAID
7000003394,1000003394,20250407,CARD,31944.0,PAID
7000003395,1000003395,20250514,CARD,64942.8,PAID
7000003396,1000003396,20250828,GATEWAY,44351.1,PAID
7000003397,1000003397,20250524,CARD,35203.5,PAID
7000003398,1000003398,20241231,GATEWAY,35685.0,PENDING
7000003399,1000003399,20250414,CARD,75678.0,PAID
7000003400,1000003400,20250510,CARD,55350.0,REFUNDED
7000003401,1000003401,20250411,CARD,73074.0,PAID
7000003402,1000003402,20250620,CASH,28459.2,PAID
7000003403,1000003403,20240325,CARD,72392.85,PAID
7000003404,1000003404,20250416,CARD,100732.5,PAID
7000003405,1000003405,20240106,CASH,13068.0,PAID
7000003406,1000003406,20250726,GATEWAY,68079.12,PAID
7000003407,1000003407,20250125,CARD,29359.2,PAID
7000003408,1000003408,20241130,CASH,37933.5,PAID
7000003409,1000003409,20240131,GATEWAY,38743.8,PAID
7000003410,1000003410,20240707,CASH,49005.0,PAID
7000003411,1000003411,20240407,CARD,40830.0,PAID
7000003412,1000003412,20240204,GATEWAY,19287.0,PAID
7000003413,1000003413,20240531,CARD,15429.6,PAID
7000003414,1000003414,20241125,CASH,51455.25,FAILED
7000003415,1000003415,20240922,CARD,32844.0,PAID
7000003416,1000003416,20250916,CASH,39204.0,FAILED
7000003417,1000003417,20240422,GATEWAY,36300.0,FAILED
7000003418,1000003418,20240313,CARD,14268.0,PAID
7000003419,1000003419,20241222,CARD,43414.8,PAID
7000003420,1000003420,20240107,TRANSFER,41382.0,PAID
7000003421,1000003421,20250819,CASH,58697.1,PAID
7000003422,1000003422,20240226,CARD,75939.6,PAID
7000003423,1000003423,20250422,CARD,35574.0,REFUNDED
7000003424,1000003424,20250412,TRANSFER,14229.6,PAID
7000003425,1000003425,20250228,CARD,29659.2,FAILED
7000003426,1000003426,20240401,TRANSFER,17787.0,PAID
7000003427,1000003427,20250213,CARD,14268.0,PAID
7000003428,1000003428,20240828,CASH,31254.3,PAID
7000003429,1000003429,20250925,CASH,119136.6,FAILED
7000003430,1000003430,20240419,CARD,56029.05,PAID
7000003431,1000003431,20241107,GATEWAY,35685.0,PAID
7000003432,1000003432,20250213,CARD,66149.25,PAID
7000003433,1000003433,20241126,CARD,83490.0,FAILED
7000003434,1000003434,20240524,GATEWAY,32205.12,PAID
7000003435,1000003435,20240115,CARD,79678.5,PAID
7000003436,1000003436,20240519,CARD,14694.0,PAID
7000003437,1000003437,20250925,GATEWAY,55650.0,PAID
7000003438,1000003438,20250417,CASH,29882.16,PAID
7000003439,1000003439,20240826,CARD,82221.6,PAID
7000003440,1000003440,20250710,CARD,80474.28,PAID
7000003441,1000003441,20241005,CARD,59895.0,PAID
7000003442,1000003442,20250717,CARD,14694.0,PAID
7000003443,1000003443,20250514,CARD,47238.0,PAID
7000003444,1000003444,20250507,CARD,14520.0,PAID
7000003445,1000003445,20240320,CARD,72711.0,PAID
7000003446,1000003446,20240805,CARD,29359.2,FAILED
7000003447,1000003447,20240113,CASH,28459.2,PAID
7000003448,1000003448,20250312,TRANSFER,33377.85,PAID
7000003449,1000003449,20250314,TRANSFER,14520.0,PAID
7000003450,1000003450,20240123,CARD,60468.3,FAILED
7000003451,1000003451,20240223,GATEWAY,37200.0,PAID
7000003452,1000003452,20250809,GATEWAY,14229.6,PAID
7000003453,1000003453,20240810,CARD,27588.0,PAID
7000003454,1000003454,20250315,GATEWAY,77947.8,PAID
7000003455,1000003455,20250607,CARD,39433.5,PAID
7000003456,1000003456,20250809,GATEWAY,13706.64,PAID
7000003457,1000003457,20250507,CARD,88477.62,PAID
7000003458,1000003458,20250924,CASH,107774.7,PAID
7000003459,1000003459,20240923,CARD,36300.0,FAILED
7000003460,1000003460,20240713,GATEWAY,31082.16,PAID
7000003461,1000003461,20240601,CARD,23522.4,PAID
7000003462,1000003462,20241202,CASH,31744.35,PAID
7000003463,1000003463,20241122,CARD,78456.0,PAID
7000003464,1000003464,20250828,GATEWAY,27036.0,PAID
7000003465,1000003465,20250902,GATEWAY,33870.0,PAID
7000003466,1000003466,20240711,CASH,42108.0,PAID
7000003467,1000003467,20250114,CARD,53535.0,PAID
7000003468,1000003468,20240710,CASH,58697.1,PAID
7000003469,1000003469,20250311,CARD,14941.08,FAILED
7000003470,1000003470,20240918,GATEWAY,25613.28,PAID
7000003471,1000003471,20240801,CARD,27336.0,PAID
7000003472,1000003472,20240425,GATEWAY,58372.5,PAID
7000003473,1000003473,20240428,TRANSFER,53905.5,PAID
7000003474,1000003474,20240926,CARD,33795.3,PAID
7000003475,1000003475,20241021,GATEWAY,19168.5,PAID
7000003476,1000003476,20241019,GATEWAY,35803.5,PAID
7000003477,1000003477,20240831,TRANSFER,31944.0,PAID
7000003478,1000003478,20240405,CARD,32236.5,PAID
7000003479,1000003479,20240122,GATEWAY,40404.0,PAID
7000003480,1000003480,20240308,CARD,14701.5,PAID
7000003481,1000003481,20240514,CASH,71765.1,PAID
7000003482,1000003482,20241231,CASH,66429.0,FAILED
7000003483,1000003483,20250212,TRANSFER,26136.0,FAILED
7000003484,1000003484,20241012,CARD,39615.0,PAID
7000003485,1000003485,20250601,TRANSFER,26136.0,PAID
7000003486,1000003486,20240617,GATEWAY,52627.5,PAID
7000003487,1000003487,20250813,CARD,37709.25,PAID
7000003488,1000003488,20240930,CASH,73329.63,PAID
7000003489,1000003489,20240304,CARD,15841.08,PAID
7000003490,1000003490,20240517,CARD,44169.6,PENDING
7000003491,1000003491,20241129,CARD,15420.0,PAID
7000003492,1000003492,20240105,CARD,11761.2,PAID
7000003493,1000003493,20250928,GATEWAY,49905.0,PAID
7000003494,1000003494,20250526,CARD,44460.0,FAILED
7000003495,1000003495,20240508,GATEWAY,27544.2,PAID
7000003496,1000003496,20240403,GATEWAY,57354.0,PAID
7000003497,1000003497,20240620,CARD,32670.0,PAID
7000003498,1000003498,20250102,GATEWAY,32962.5,PAID
7000003499,1000003499,20241124,CARD,44469.6,PAID
7000003500,1000003500,20240312,GATEWAY,52927.5,PAID
7000003501,1000003501,20241225,GATEWAY,36292.5,PAID
7000003502,1000003502,20250211,CASH,82764.0,PAID
7000003503,1000003503,20250702,CARD,33533.7,PAID
7000003504,1000003504,20250321,GATEWAY,27336.0,PENDING
7000003505,1000003505,20240616,CARD,45738.0,REFUNDED
7000003506,1000003506,20240217,CARD,32016.6,PAID
7000003507,1000003507,20240508,CASH,26136.0,PAID
7000003508,1000003508,20250524,GATEWAY,19050.0,PAID
7000003509,1000003509,20241011,CASH,17151.75,PAID
7000003510,1000003510,20250919,CASH,46554.75,PAID
7000003511,1000003511,20250810,CARD,16335.0,PAID
7000003512,1000003512,20240518,CARD,42465.84,PAID
7000003513,1000003513,20241015,CARD,14268.0,REFUNDED
7000003514,1000003514,20250924,CASH,14520.0,FAILED
7000003515,1000003515,20240301,CASH,97873.88,PAID
7000003516,1000003516,20240830,CARD,27588.0,PAID
7000003517,1000003517,20250619,CASH,17242.5,PAID
7000003518,1000003518,20250602,CARD,16335.0,PAID
7000003519,1000003519,20250706,TRANSFER,42688.8,PAID
7000003520,1000003520,20240507,CARD,55103.4,PAID
7000003521,1000003521,20250902,CARD,39133.5,FAILED
7000003522,1000003522,20241031,GATEWAY,43588.8,FAILED
7000003523,1000003523,20240218,TRANSFER,37243.8,FAILED
7000003524,1000003524,20250726,CARD,60686.62,PAID
7000003525,1000003525,20240224,CARD,18150.0,PAID
7000003526,1000003526,20240424,CARD,29659.2,FAILED
7000003527,1000003527,20250819,CARD,24829.2,PAID
7000003528,1000003528,20240818,GATEWAY,65259.9,PAID
7000003529,1000003529,20240729,GATEWAY,44760.0,REFUNDED
7000003530,1000003530,20240306,CASH,19565.7,PAID
7000003531,1000003531,20250903,CARD,15420.0,PAID
7000003532,1000003532,20250813,CARD,121677.6,PAID
7000003533,1000003533,20250403,CASH,24829.2,FAILED
7000003534,1000003534,20250222,CARD,59895.0,PAID
7000003535,1000003535,20240227,CARD,38550.6,PAID
7000003536,1000003536,20241127,CASH,17242.5,FAILED
7000003537,1000003537,20240218,CARD,70732.12,PAID
7000003538,1000003538,20250506,CARD,18987.0,PAID
7000003539,1000003539,20241208,CASH,51455.25,PAID
7000003540,1000003540,20250715,CASH,36300.0,PAID
7000003541,1000003541,20240525,CARD,80949.0,PAID
7000003542,1000003542,20240422,GATEWAY,46420.2,FAILED
7000003543,1000003543,20241013,CARD,25613.28,PAID
7000003544,1000003544,20250525,CARD,53905.5,PAID
7000003545,1000003545,20250117,CARD,44394.9,PAID
7000003546,1000003546,20240216,GATEWAY,38143.8,PAID
7000003547,1000003547,20250524,CARD,50205.0,PAID
7000003548,1000003548,20250115,CARD,27588.0,FAILED
7000003549,1000003549,20241103,CARD,27336.0,PAID
7000003550,1000003550,20250107,GATEWAY,18687.0,PAID
7000003551,1000003551,20241015,GATEWAY,16446.0,PAID
7000003552,1000003552,20250216,CARD,40404.0,FAILED
7000003553,1000003553,20240409,GATEWAY,47454.75,PAID
7000003554,1000003554,20240923,CARD,17018.25,PAID
7000003555,1000003555,20250501,CARD,17787.0,PAID
7000003556,1000003556,20240417,TRANSFER,14374.8,PAID
7000003557,1000003557,20250629,CARD,68200.2,PAID
7000003558,1000003558,20240519,CARD,36183.6,PAID
7000003559,1000003559,20250622,CASH,49005.0,PAID
7000003560,1000003560,20241208,CASH,41382.0,PAID
7000003561,1000003561,20241126,TRANSFER,23522.4,PAID
7000003562,1000003562,20250803,CARD,76171.92,PAID
7000003563,1000003563,20241122,TRANSFER,34303.5,PAID
7000003564,1000003564,20250515,CARD,35385.0,PAID
7000003565,1000003565,20240611,CARD,67656.75,PAID
7000003566,1000003566,20240103,CARD,49005.0,PAID
7000003567,1000003567,20240130,CASH,65456.16,PAID
7000003568,1000003568,20250421,CARD,14694.0,PAID
7000003569,1000003569,20250402,GATEWAY,34485.0,PAID
7000003570,1000003570,20250817,GATEWAY,65904.75,FAILED
7000003571,1000003571,20240806,CARD,38419.92,PAID
7000003572,1000003572,20240503,CARD,55650.0,PAID
7000003573,1000003573,20241021,GATEWAY,36474.0,PAID
7000003574,1000003574,20240317,CARD,19576.35,PAID
7000003575,1000003575,20250511,CARD,18442.5,PAID
7000003576,1000003576,20240413,CASH,41382.0,PAID
7000003577,1000003577,20250219,CASH,17787.0,PAID
7000003578,1000003578,20240103,CARD,30492.0,PAID
7000003579,1000003579,20250715,GATEWAY,80543.25,REFUNDED
7000003580,1000003580,20240502,CARD,15429.6,PAID
7000003581,1000003581,20250315,CARD,60197.1,PAID
7000003582,1000003582,20250120,GATEWAY,19287.0,PAID
7000003583,1000003583,20240301,CARD,59532.0,PAID
7000003584,1000003584,20250522,CARD,32205.12,PAID
7000003585,1000003585,20241220,CARD,28488.0,FAILED
7000003586,1000003586,20250217,CARD,66102.3,PAID
7000003587,1000003587,20240227,CARD,55350.0,PAID
7000003588,1000003588,20240711,GATEWAY,55513.88,REFUNDED
7000003589,1000003589,20250625,CARD,54261.0,PAID
7000003590,1000003590,20250607,CARD,43588.8,PAID
7000003591,1000003591,20240813,GATEWAY,24422.4,PAID
7000003592,1000003592,20250226,GATEWAY,16418.25,FAILED
7000003593,1000003593,20241018,CASH,18676.35,PAID
7000003594,1000003594,20240628,CARD,67779.12,PAID
7000003595,1000003595,20241224,GATEWAY,73826.7,PAID
7000003596,1000003596,20240229,CASH,60475.8,PAID
7000003597,1000003597,20241106,CARD,52627.5,PAID
7000003598,1000003598,20240307,CARD,36300.0,PAID
7000003599,1000003599,20240115,CARD,56900.25,PAID
7000003600,1000003600,20240216,CASH,37933.5,FAILED
7000003601,1000003601,20240907,CARD,52627.5,PAID
7000003602,1000003602,20250621,GATEWAY,15601.5,REFUNDED
7000003603,1000003603,20240106,CARD,18142.5,PAID
7000003604,1000003604,20241019,CARD,70896.0,PAID
7000003605,1000003605,20250601,CARD,52635.0,PENDING
7000003606,1000003606,20240619,CARD,17535.0,FAILED
7000003607,1000003607,20241107,CASH,27588.0,PAID
7000003608,1000003608,20250228,GATEWAY,48816.0,PAID
7000003609,1000003609,20250717,GATEWAY,34291.08,REFUNDED
7000003610,1000003610,20240813,CARD,79798.05,PAID
7000003611,1000003611,20240427,CARD,78945.0,FAILED
7000003612,1000003612,20240215,TRANSFER,49912.5,PAID
7000003613,1000003613,20240426,CARD,28459.2,PAID
7000003614,1000003614,20240228,GATEWAY,29659.2,PAID
7000003615,1000003615,20241228,GATEWAY,29867.4,PAID
7000003616,1000003616,20250605,GATEWAY,64425.0,PAID
7000003617,1000003617,20241228,CARD,54313.88,PAID
7000003618,1000003618,20240111,CARD,59226.84,FAILED
7000003619,1000003619,20250922,GATEWAY,35503.5,PAID
7000003620,1000003620,20240204,CASH,53361.0,PENDING
7000003621,1000003621,20240719,CASH,32670.0,PAID
7000003622,1000003622,20240329,GATEWAY,37137.0,PAID
7000003623,1000003623,20240107,TRANSFER,26136.0,PAID
7000003624,1000003624,20250706,TRANSFER,14229.6,PAID
7000003625,1000003625,20240319,CARD,36209.25,PAID
7000003626,1000003626,20241030,CARD,39204.0,REFUNDED
7000003627,1000003627,20240624,CARD,29088.0,PAID
7000003628,1000003628,20240808,CARD,43451.1,PAID
7000003629,1000003629,20250114,GATEWAY,13068.0,PAID
7000003630,1000003630,20240925,GATEWAY,44760.0,PAID
7000003631,1000003631,20241111,GATEWAY,36474.0,PAID
7000003632,1000003632,20240420,CASH,17968.5,FAILED
7000003633,1000003633,20250111,CARD,14520.0,PAID
7000003634,1000003634,20240327,CARD,40404.0,PAID
7000003635,1000003635,20240831,TRANSFER,41164.2,PAID
7000003636,1000003636,20241110,CARD,94416.3,PAID
7000003637,1000003637,20240827,CARD,28197.6,PAID
7000003638,1000003638,20240722,CASH,42688.8,FAILED
7000003639,1000003639,20250225,CARD,53227.5,PAID
7000003640,1000003640,20250815,GATEWAY,19050.0,PAID
7000003641,1000003641,20240928,CASH,46957.68,PAID
7000003642,1000003642,20240911,CASH,44467.5,PAID
7000003643,1000003643,20240512,CASH,50166.6,PAID
7000003644,1000003644,20240419,CASH,92383.5,PAID
7000003645,1000003645,20240727,CARD,63210.0,FAILED
7000003646,1000003646,20240618,CASH,34303.5,PAID
7000003647,1000003647,20240711,CARD,57229.05,PAID
7000003648,1000003648,20250919,CARD,60514.2,PAID
7000003649,1000003649,20240423,CARD,16446.0,PAID
7000003650,1000003650,20240825,GATEWAY,82112.7,PAID
7000003651,1000003651,20240623,GATEWAY,19957.5,FAILED
7000003652,1000003652,20240208,CARD,41382.0,PAID
7000003653,1000003653,20250412,GATEWAY,30540.0,PAID
7000003654,1000003654,20240812,GATEWAY,69444.0,PAID
7000003655,1000003655,20250618,GATEWAY,13968.0,FAILED
7000003656,1000003656,20240505,GATEWAY,76641.0,PENDING
7000003657,1000003657,20240929,CARD,27036.0,FAILED
7000003658,1000003658,20240608,CASH,29040.0,PAID
7000003659,1000003659,20250322,CARD,61939.5,PENDING
7000003660,1000003660,20240311,GATEWAY,75915.0,PAID
7000003661,1000003661,20240922,CARD,15983.7,PENDING
7000003662,1000003662,20240917,TRANSFER,43560.0,PAID
7000003663,1000003663,20250701,CARD,18142.5,PAID
7000003664,1000003664,20241226,TRANSFER,51727.5,PAID
7000003665,1000003665,20241202,CARD,16335.0,PAID
7000003666,1000003666,20240604,CASH,58443.0,PAID
7000003667,1000003667,20250419,CARD,31992.0,FAILED
7000003668,1000003668,20241019,CARD,27636.0,REFUNDED
7000003669,1000003669,20240522,CARD,40404.0,PAID
7000003670,1000003670,20240319,TRANSFER,50094.0,PAID
7000003671,1000003671,20240331,GATEWAY,46638.0,PAID
7000003672,1000003672,20250506,CARD,28788.0,PENDING
7000003673,1000003673,20250328,CASH,14229.6,PAID
7000003674,1000003674,20240325,CARD,44823.24,PAID
7000003675,1000003675,20241011,GATEWAY,14921.4,PAID
7000003676,1000003676,20241124,CARD,32626.2,PENDING
7000003677,1000003677,20241224,CARD,67992.0,PAID
7000003678,1000003678,20240724,CASH,39204.0,PAID
7000003679,1000003679,20240909,CARD,13614.6,PAID
7000003680,1000003680,20240119,CARD,18687.0,PAID
7000003681,1000003681,20250830,GATEWAY,17208.3,PAID
7000003682,1000003682,20240305,CARD,15173.4,PAID
7000003683,1000003683,20240216,CARD,43451.1,PAID
7000003684,1000003684,20240329,GATEWAY,46420.2,REFUNDED
7000003685,1000003685,20250205,CARD,29659.2,PAID
7000003686,1000003686,20250201,CARD,95287.5,PAID
7000003687,1000003687,20241017,CASH,38419.92,PAID
7000003688,1000003688,20250221,CARD,26813.28,PAID
7000003689,1000003689,20240602,GATEWAY,31392.0,PAID
7000003690,1000003690,20240930,GATEWAY,77901.9,PAID
7000003691,1000003691,20240125,CARD,20166.75,PAID
7000003692,1000003692,20240531,TRANSFER,49005.0,REFUNDED
7000003693,1000003693,20250104,CASH,35937.0,PAID
7000003694,1000003694,20240617,CARD,32916.6,PAID
7000003695,1000003695,20250707,CARD,131880.0,PAID
7000003696,1000003696,20241127,CARD,41164.2,PAID
7000003697,1000003697,20250103,CARD,46023.24,PAID
7000003698,1000003698,20240909,GATEWAY,29867.4,FAILED
7000003699,1000003699,20250529,CARD,32844.0,PAID
7000003700,1000003700,20250126,CARD,17242.5,PAID
7000003701,1000003701,20240419,CASH,14520.0,PAID
7000003702,1000003702,20240310,CASH,50457.0,PAID
7000003703,1000003703,20240909,GATEWAY,28488.0,PAID
7000003704,1000003704,20241230,CASH,45520.2,PAID
7000003705,1000003705,20240509,CARD,17242.5,PAID
7000003706,1000003706,20240801,GATEWAY,89091.38,PAID
7000003707,1000003707,20250202,CARD,27036.0,PAID
7000003708,1000003708,20250131,TRANSFER,39930.0,PAID
7000003709,1000003709,20240911,GATEWAY,35985.0,PAID
7000003710,1000003710,20250830,TRANSFER,42688.8,PAID
7000003711,1000003711,20240430,CARD,103566.0,PAID
7000003712,1000003712,20250113,GATEWAY,39450.6,PAID
7000003713,1000003713,20241027,CASH,58697.1,REFUNDED
7000003714,1000003714,20250216,CARD,80697.0,PAID
7000003715,1000003715,20241224,GATEWAY,19350.0,FAILED
7000003716,1000003716,20250220,GATEWAY,17472.0,PAID
7000003717,1000003717,20250401,CARD,43560.0,REFUNDED
7000003718,1000003718,20250817,CARD,30240.0,PAID
7000003719,1000003719,20250224,CARD,15729.6,PAID
7000003720,1000003720,20240103,CARD,37500.0,FAILED
7000003721,1000003721,20241114,CARD,56991.0,PAID
7000003722,1000003722,20241128,CARD,55204.8,PAID
7000003723,1000003723,20250402,GATEWAY,41164.2,PAID
7000003724,1000003724,20250909,CARD,14520.0,PENDING
7000003725,1000003725,20250430,GATEWAY,27113.28,PAID
7000003726,1000003726,20250629,CARD,43124.4,PAID
7000003727,1000003727,20250616,CARD,14994.0,FAILED
7000003728,1000003728,20241108,GATEWAY,14229.6,PAID
7000003729,1000003729,20250330,GATEWAY,75288.3,PAID
7000003730,1000003730,20250831,CASH,27588.0,FAILED
7000003731,1000003731,20240513,CARD,65659.2,PAID
7000003732,1000003732,20241029,CARD,64279.8,PAID
7000003733,1000003733,20240526,CARD,81205.2,PAID
7000003734,1000003734,20240131,CARD,51727.5,PAID
7000003735,1000003735,20240426,CARD,16008.3,PAID
7000003736,1000003736,20240922,CARD,26136.0,PAID
7000003737,1000003737,20241204,CARD,16908.3,PAID
7000003738,1000003738,20250202,CARD,15720.0,PAID
7000003739,1000003739,20250622,GATEWAY,55650.0,PAID
7000003740,1000003740,20250703,CASH,17242.5,PAID
7000003741,1000003741,20241028,GATEWAY,68853.6,PAID
7000003742,1000003742,20240806,CARD,50505.0,PAID
7000003743,1000003743,20240516,GATEWAY,49224.9,PAID
7000003744,1000003744,20241204,TRANSFER,25613.28,PAID
7000003745,1000003745,20241124,GATEWAY,54561.0,PAID
7000003746,1000003746,20250223,CARD,26513.28,PAID
7000003747,1000003747,20250326,CASH,74778.0,PAID
7000003748,1000003748,20240323,GATEWAY,52655.25,PAID
7000003749,1000003749,20240815,CARD,37500.0,FAILED
7000003750,1000003750,20241009,CASH,32670.0,PAID
7000003751,1000003751,20241203,CARD,33570.0,PAID
7000003752,1000003752,20250708,GATEWAY,18442.5,REFUNDED
7000003753,1000003753,20240625,GATEWAY,95280.0,PAID
7000003754,1000003754,20250531,CARD,35574.0,PAID
7000003755,1000003755,20240107,GATEWAY,40430.7,PAID
7000003756,1000003756,20241222,CARD,17151.75,PAID
7000003757,1000003757,20250313,CASH,49005.0,PAID
7000003758,1000003758,20250716,CARD,97138.8,PAID
7000003759,1000003759,20250328,CARD,50505.0,PAID
7000003760,1000003760,20250504,CARD,28788.0,PAID
7000003761,1000003761,20240830,GATEWAY,15173.4,PAID
7000003762,1000003762,20240425,CARD,51727.5,PAID
7000003763,1000003763,20240626,GATEWAY,69199.5,PAID
7000003764,1000003764,20250504,GATEWAY,49905.0,PAID
7000003765,1000003765,20250206,GATEWAY,38443.8,PAID
7000003766,1000003766,20250406,CARD,43560.0,PAID
7000003767,1000003767,20240501,GATEWAY,69144.0,PAID
7000003768,1000003768,20250513,CARD,32916.6,PAID
7000003769,1000003769,20241029,CASH,35574.0,FAILED
7000003770,1000003770,20250617,CARD,55224.0,PAID
7000003771,1000003771,20240504,CARD,13794.0,PAID
7000003772,1000003772,20250817,CASH,16335.0,PAID
7000003773,1000003773,20240904,GATEWAY,18987.0,PAID
7000003774,1000003774,20240405,GATEWAY,88205.37,FAILED
7000003775,1000003775,20240119,GATEWAY,18142.5,PAID
7000003776,1000003776,20240819,CARD,15429.6,PAID
7000003777,1000003777,20240907,CASH,32670.0,PAID
7000003778,1000003778,20240402,CARD,42882.0,PAID
7000003779,1000003779,20250623,GATEWAY,42582.0,PAID
7000003780,1000003780,20240210,CARD,32205.12,FAILED
7000003781,1000003781,20250220,CARD,46638.0,PAID
7000003782,1000003782,20240822,CASH,13794.0,PAID
7000003783,1000003783,20250121,CARD,70379.25,PAID
7000003784,1000003784,20241016,CARD,49396.8,PAID
7000003785,1000003785,20250817,CASH,52998.0,PAID
7000003786,1000003786,20240401,CARD,27588.0,FAILED
7000003787,1000003787,20250716,GATEWAY,90135.0,PAID
7000003788,1000003788,20240328,CASH,42688.8,PAID
7000003789,1000003789,20250712,CARD,50205.0,PAID
7000003790,1000003790,20240916,CARD,38419.92,REFUNDED
7000003791,1000003791,20240828,CARD,54450.0,PAID
7000003792,1000003792,20240421,CARD,50994.0,PAID
7000003793,1000003793,20241211,GATEWAY,18987.0,PAID
7000003794,1000003794,20250410,GATEWAY,70787.1,PAID
7000003795,1000003795,20240821,CARD,53361.0,PAID
7000003796,1000003796,20240430,GATEWAY,35385.0,PAID
7000003797,1000003797,20250226,CARD,19057.5,PAID
7000003798,1000003798,20240426,CASH,51727.5,PAID
7000003799,1000003799,20250925,GATEWAY,18687.0,PAID
7000003800,1000003800,20250527,CARD,39581.28,PAID
7000003801,1000003801,20240507,CASH,44576.4,PAID
7000003802,1000003802,20250928,CARD,16852.56,PAID
7000003803,1000003803,20250523,CARD,94281.75,PAID
7000003804,1000003804,20240217,TRANSFER,17242.5,PAID
7000003805,1000003805,20241219,CARD,54087.0,PAID
7000003806,1000003806,20241128,CARD,95643.0,PAID
7000003807,1000003807,20250524,CARD,46420.2,PAID
7000003808,1000003808,20241223,CARD,122577.6,PAID
7000003809,1000003809,20250202,TRANSFER,18966.75,REFUNDED
7000003810,1000003810,20241003,CARD,43888.8,PAID
7000003811,1000003811,20250422,CARD,42688.8,PAID
7000003812,1000003812,20241212,CARD,54778.8,FAILED
7000003813,1000003813,20241018,GATEWAY,68418.0,PAID
7000003814,1000003814,20250504,GATEWAY,37500.0,PAID
7000003815,1000003815,20241228,CASH,47916.0,FAILED
7000003816,1000003816,20250910,CARD,55650.0,PAID
7000003817,1000003817,20240709,GATEWAY,44188.8,PAID
7000003818,1000003818,20250125,GATEWAY,45060.0,PAID
7000003819,1000003819,20240102,CASH,49005.0,PAID
7000003820,1000003820,20250403,CARD,36474.0,FAILED
7000003821,1000003821,20240215,CARD,47020.2,PAID
7000003822,1000003822,20240822,CARD,45667.5,PAID
7000003823,1000003823,20240511,CARD,13068.0,PAID
7000003824,1000003824,20240921,GATEWAY,32916.6,PAID
7000003825,1000003825,20240413,CASH,134491.5,PAID
7000003826,1000003826,20240731,CARD,40104.0,PAID
7000003827,1000003827,20240821,CARD,43560.0,PAID
7000003828,1000003828,20240427,CASH,18150.0,PAID
7000003829,1000003829,20240725,TRANSFER,89298.0,PAID
7000003830,1000003830,20240705,GATEWAY,42282.0,PAID
7000003831,1000003831,20250713,CASH,18150.0,PAID
7000003832,1000003832,20250915,GATEWAY,29649.6,PAID
7000003833,1000003833,20250331,CARD,80404.5,PAID
7000003834,1000003834,20240302,CARD,42882.0,PAID
7000003835,1000003835,20241130,GATEWAY,42664.2,PAID
7000003836,1000003836,20250402,CARD,14229.6,REFUNDED
7000003837,1000003837,20250106,GATEWAY,42582.0,PAID
7000003838,1000003838,20240507,GATEWAY,15574.8,PAID
7000003839,1000003839,20250830,CASH,26136.0,PAID
7000003840,1000003840,20240330,CARD,31029.0,PAID
7000003841,1000003841,20240313,CARD,68824.8,PAID
7000003842,1000003842,20241217,GATEWAY,29867.4,PAID
7000003843,1000003843,20240323,TRANSFER,57354.0,PAID
7000003844,1000003844,20240919,GATEWAY,44188.8,REFUNDED
7000003845,1000003845,20241117,CARD,98965.5,PAID
7000003846,1000003846,20250212,CARD,78364.2,PAID
7000003847,1000003847,20241123,CASH,58697.1,PAID
7000003848,1000003848,20250914,CARD,15720.0,PAID
7000003849,1000003849,20241228,CARD,60058.35,PAID
7000003850,1000003850,20240421,CARD,64933.2,PAID
7000003851,1000003851,20240923,CASH,47807.1,PAID
7000003852,1000003852,20240330,CARD,39204.0,PAID
7000003853,1000003853,20250410,CARD,38419.92,PAID
7000003854,1000003854,20250131,GATEWAY,28788.0,PAID
7000003855,1000003855,20240118,CARD,41382.0,PAID
7000003856,1000003856,20240104,CASH,49803.6,FAILED
7000003857,1000003857,20250427,GATEWAY,13794.0,PAID
7000003858,1000003858,20240518,GATEWAY,19050.0,PAID
7000003859,1000003859,20240505,CASH,18150.0,PAID
7000003860,1000003860,20250716,TRANSFER,28967.4,FAILED
7000003861,1000003861,20241020,CASH,43560.0,PAID
7000003862,1000003862,20240317,TRANSFER,48024.9,PAID
7000003863,1000003863,20241201,CASH,13068.0,PAID
7000003864,1000003864,20250121,CARD,56376.0,PAID
7000003865,1000003865,20250811,CASH,36300.0,PAID
7000003866,1000003866,20250802,CARD,39204.0,FAILED
7000003867,1000003867,20240827,CARD,28788.0,PAID
7000003868,1000003868,20241222,CARD,44823.24,PAID
7000003869,1000003869,20240409,CASH,32016.6,PAID
7000003870,1000003870,20241007,CARD,70288.5,PAID
7000003871,1000003871,20240411,CASH,18150.0,REFUNDED
7000003872,1000003872,20250522,CARD,49005.0,FAILED
7000003873,1000003873,20240710,CASH,14483.7,REFUNDED
7000003874,1000003874,20240620,GATEWAY,35685.0,PAID
7000003875,1000003875,20250331,CARD,17787.0,PAID
7000003876,1000003876,20240605,CARD,48869.16,PAID
7000003877,1000003877,20240616,CARD,15601.5,PAID
7000003878,1000003878,20241009,GATEWAY,69144.0,PAID
7000003879,1000003879,20250124,GATEWAY,17535.0,PAID
7000003880,1000003880,20240826,CASH,56446.5,PAID
7000003881,1000003881,20240822,GATEWAY,42582.0,PAID
7000003882,1000003882,20250410,CASH,16335.0,FAILED
7000003883,1000003883,20240324,CARD,54450.0,PAID
7000003884,1000003884,20240426,CARD,54561.0,PAID
7000003885,1000003885,20250415,CARD,44760.0,PAID
7000003886,1000003886,20240111,CASH,53361.0,PAID
7000003887,1000003887,20240422,CASH,93436.2,PAID
7000003888,1000003888,20241113,GATEWAY,58834.8,PAID
7000003889,1000003889,20250515,CARD,36474.0,PAID
7000003890,1000003890,20241206,CARD,41382.0,PAID
7000003891,1000003891,20250607,GATEWAY,18442.5,PAID
7000003892,1000003892,20250207,CASH,18150.0,PAID
7000003893,1000003893,20240313,CARD,11761.2,REFUNDED
7000003894,1000003894,20250719,CARD,35385.0,PAID
7000003895,1000003895,20250430,CARD,16335.0,REFUNDED
7000003896,1000003896,20250902,CARD,57828.0,PAID
7000003897,1000003897,20240316,CARD,26136.0,PAID
7000003898,1000003898,20240914,CASH,25613.28,PAID
7000003899,1000003899,20250313,CARD,51727.5,PAID
7000003900,1000003900,20250906,CASH,80063.28,PAID
7000003901,1000003901,20240705,CASH,37933.5,PAID
7000003902,1000003902,20250201,TRANSFER,35574.0,PAID
7000003903,1000003903,20250724,CARD,48888.6,PAID
7000003904,1000003904,20241228,GATEWAY,46976.64,FAILED
7000003905,1000003905,20241206,CASH,17242.5,PAID
7000003906,1000003906,20250104,CASH,24829.2,PAID
7000003907,1000003907,20240915,CARD,92167.8,PAID
7000003908,1000003908,20250120,CARD,13968.0,PAID
7000003909,1000003909,20240206,GATEWAY,55350.0,PAID
7000003910,1000003910,20250512,GATEWAY,32236.5,PAID
7000003911,1000003911,20250417,CARD,35574.0,PAID
7000003912,1000003912,20250710,CARD,15720.0,PAID
7000003913,1000003913,20240922,CARD,43378.5,REFUNDED
7000003914,1000003914,20240327,CARD,42688.8,FAILED
7000003915,1000003915,20240912,CARD,16418.25,PAID
7000003916,1000003916,20250816,CARD,49905.0,PAID
7000003917,1000003917,20241028,CARD,49005.0,PAID
7000003918,1000003918,20250505,CASH,38419.92,PAID
7000003919,1000003919,20250405,CARD,52725.75,PAID
7000003920,1000003920,20250605,TRANSFER,26136.0,PAID
7000003921,1000003921,20241030,CARD,53227.5,PAID
7000003922,1000003922,20241214,TRANSFER,43560.0,REFUNDED
7000003923,1000003923,20241120,CARD,29359.2,PAID
7000003924,1000003924,20240622,CASH,37243.8,PAID
7000003925,1000003925,20240302,TRANSFER,54450.0,PAID
7000003926,1000003926,20250610,GATEWAY,66656.16,PAID
7000003927,1000003927,20250924,CASH,54313.88,FAILED
7000003928,1000003928,20240710,CARD,27636.0,FAILED
7000003929,1000003929,20240704,CARD,39133.5,FAILED
7000003930,1000003930,20250407,CARD,29040.0,REFUNDED
7000003931,1000003931,20250825,CARD,31546.8,REFUNDED
7000003932,1000003932,20240121,GATEWAY,26136.0,FAILED
7000003933,1000003933,20240110,TRANSFER,57172.5,PAID
7000003934,1000003934,20240103,CARD,27588.0,PAID
7000003935,1000003935,20241030,CARD,37500.0,PAID
7000003936,1000003936,20250609,CARD,34485.0,PAID
7000003937,1000003937,20250526,GATEWAY,36474.0,PAID
7000003938,1000003938,20241002,CARD,12961.2,REFUNDED
7000003939,1000003939,20240812,GATEWAY,32571.75,PAID
7000003940,1000003940,20250708,CARD,24829.2,PAID
7000003941,1000003941,20240814,CARD,44760.0,PAID
7000003942,1000003942,20240203,CARD,54595.2,PAID
7000003943,1000003943,20241212,CASH,66610.5,PAID
7000003944,1000003944,20250426,GATEWAY,31392.0,PAID
7000003945,1000003945,20241122,CARD,78337.5,PAID
7000003946,1000003946,20241225,CARD,34485.0,PAID
7000003947,1000003947,20250418,GATEWAY,14921.4,PAID
7000003948,1000003948,20250621,CASH,39204.0,PAID
7000003949,1000003949,20240406,CARD,46554.75,PAID
7000003950,1000003950,20241223,GATEWAY,45520.2,PAID
7000003951,1000003951,20250607,CARD,55756.8,PAID
7000003952,1000003952,20250419,CASH,54313.88,PAID
7000003953,1000003953,20241013,GATEWAY,17535.0,PAID
7000003954,1000003954,20240915,TRANSFER,18150.0,PAID
7000003955,1000003955,20240607,CARD,122795.64,PAID
7000003956,1000003956,20241002,GATEWAY,16335.0,REFUNDED
7000003957,1000003957,20241211,CARD,63273.0,PAID
7000003958,1000003958,20240920,CARD,91024.35,PAID
7000003959,1000003959,20241021,TRANSFER,53905.5,PAID
7000003960,1000003960,20240118,CARD,49905.0,FAILED
7000003961,1000003961,20250226,CARD,70131.6,PAID
7000003962,1000003962,20240207,GATEWAY,18150.0,FAILED
7000003963,1000003963,20250928,CARD,32536.5,PAID
7000003964,1000003964,20240803,CARD,82875.0,FAILED
7000003965,1000003965,20250403,CARD,36774.0,PAID
7000003966,1000003966,20240113,CARD,40404.0,PAID
7000003967,1000003967,20241217,CARD,30240.0,PAID
7000003968,1000003968,20250310,GATEWAY,54561.0,PAID
7000003969,1000003969,20240903,CARD,31036.5,PAID
7000003970,1000003970,20241009,GATEWAY,30540.0,FAILED
7000003971,1000003971,20240702,CARD,19050.0,PAID
7000003972,1000003972,20240509,GATEWAY,42882.0,PAID
7000003973,1000003973,20240111,CARD,37352.7,PAID
7000003974,1000003974,20240908,GATEWAY,54442.5,PAID
7000003975,1000003975,20240917,GATEWAY,52355.25,PAID
7000003976,1000003976,20250309,CASH,27588.0,PAID
7000003977,1000003977,20240816,GATEWAY,60795.0,PAID
7000003978,1000003978,20250112,TRANSFER,43124.4,PAID
7000003979,1000003979,20250923,CASH,14229.6,PAID
7000003980,1000003980,20240225,CARD,67629.0,PAID
7000003981,1000003981,20240203,CASH,114163.5,PAID
7000003982,1000003982,20250802,CARD,41382.0,PAID
7000003983,1000003983,20241007,CASH,38115.0,PAID
7000003984,1000003984,20240426,CARD,37500.0,REFUNDED
7000003985,1000003985,20241020,CARD,46575.0,REFUNDED
7000003986,1000003986,20241028,CASH,28459.2,PAID
7000003987,1000003987,20250817,CARD,31305.12,PAID
7000003988,1000003988,20240202,CARD,36774.0,PAID
7000003989,1000003989,20240319,CASH,40801.2,PAID
7000003990,1000003990,20241012,CARD,76549.2,PAID
7000003991,1000003991,20240721,CARD,34485.0,PAID
7000003992,1000003992,20240824,TRANSFER,45738.0,PAID
7000003993,1000003993,20240430,CARD,14520.0,FAILED
7000003994,1000003994,20250411,CARD,33570.0,PAID
7000003995,1000003995,20250101,TRANSFER,32016.6,PAID
7000003996,1000003996,20241005,CARD,58697.1,PAID
7000003997,1000003997,20241013,CARD,15129.6,PAID
7000003998,1000003998,20250219,CARD,13914.6,PAID
7000003999,1000003999,20250703,CASH,13794.0,PAID
7000004000,1000004000,20250812,CARD,50268.0,PAID
7000004001,1000004001,20240722,CARD,44351.1,PAID
7000004002,1000004002,20250328,CARD,45060.0,PAID
7000004003,1000004003,20250617,CASH,83490.0,PAID
7000004004,1000004004,20250515,TRANSFER,38419.92,PAID
7000004005,1000004005,20240104,GATEWAY,14694.0,PAID
7000004006,1000004006,20250725,GATEWAY,44104.5,PAID
7000004007,1000004007,20240430,CASH,29040.0,PAID
7000004008,1000004008,20250727,CASH,13721.4,PAID
7000004009,1000004009,20250204,CASH,61601.1,FAILED
7000004010,1000004010,20250418,CARD,61966.2,PAID
7000004011,1000004011,20250218,CARD,59895.0,PAID
7000004012,1000004012,20241014,GATEWAY,44460.0,FAILED
7000004013,1000004013,20250611,CARD,50631.0,PAID
7000004014,1000004014,20250521,GATEWAY,50505.0,PAID
7000004015,1000004015,20250227,CASH,67082.4,PAID
7000004016,1000004016,20250916,GATEWAY,14568.0,FAILED
7000004017,1000004017,20250412,GATEWAY,48714.6,PAID
7000004018,1000004018,20250927,CARD,88138.5,PAID
7000004019,1000004019,20250225,GATEWAY,54261.0,REFUNDED
7000004020,1000004020,20240821,GATEWAY,43588.8,PAID
7000004021,1000004021,20241124,CARD,13614.6,PAID
7000004022,1000004022,20250429,GATEWAY,18442.5,PAID
7000004023,1000004023,20250716,TRANSFER,59895.0,PAID
7000004024,1000004024,20250426,GATEWAY,33870.0,PAID
7000004025,1000004025,20240206,CARD,18104.62,PAID
7000004026,1000004026,20250804,GATEWAY,29659.2,PAID
7000004027,1000004027,20240704,CARD,29995.5,PENDING
7000004028,1000004028,20240211,GATEWAY,46554.75,PAID
7000004029,1000004029,20250529,CASH,31944.0,PAID
7000004030,1000004030,20250417,CASH,83036.25,PAID
7000004031,1000004031,20240818,CARD,37200.0,PAID
7000004032,1000004032,20250920,CASH,89298.0,PAID
7000004033,1000004033,20250530,GATEWAY,85779.0,FAILED
7000004034,1000004034,20250928,CASH,29040.0,PAID
7000004035,1000004035,20250521,GATEWAY,33570.0,PAID
7000004036,1000004036,20250518,CARD,41565.6,PAID
7000004037,1000004037,20240527,CARD,33570.0,PAID
7000004038,1000004038,20241221,CASH,70102.56,PAID
7000004039,1000004039,20240116,CARD,43153.2,REFUNDED
7000004040,1000004040,20240905,CARD,43879.2,PAID
7000004041,1000004041,20240517,CARD,45520.2,PAID
7000004042,1000004042,20240911,CARD,13914.6,PAID
7000004043,1000004043,20240103,CARD,55950.0,PAID
7000004044,1000004044,20241203,CARD,40404.0,PAID
7000004045,1000004045,20240810,CARD,29940.0,REFUNDED
7000004046,1000004046,20240310,CASH,41382.0,PAID
7000004047,1000004047,20240523,GATEWAY,15841.08,PAID
7000004048,1000004048,20250330,CARD,60732.0,FAILED
7000004049,1000004049,20241021,GATEWAY,81541.5,PAID
7000004050,1000004050,20250909,CARD,110400.0,PAID
7000004051,1000004051,20241015,CASH,53361.0,PAID
7000004052,1000004052,20250602,CARD,35503.5,REFUNDED
7000004053,1000004053,20250609,GATEWAY,42664.2,PAID
7000004054,1000004054,20240509,GATEWAY,40704.0,PAID
7000004055,1000004055,20250110,CARD,50205.0,PAID
7000004056,1000004056,20250915,CARD,55405.5,PAID
7000004057,1000004057,20241226,GATEWAY,69144.0,PAID
7000004058,1000004058,20250210,CARD,30467.4,PAID
7000004059,1000004059,20240924,CARD,69652.2,PAID
7000004060,1000004060,20250215,GATEWAY,32844.0,PAID
7000004061,1000004061,20240811,GATEWAY,66295.5,PAID
7000004062,1000004062,20250705,CASH,33998.58,PAID
7000004063,1000004063,20250310,CASH,76375.2,PAID
7000004064,1000004064,20240228,CARD,36300.0,PAID
7000004065,1000004065,20250129,CARD,26136.0,REFUNDED
7000004066,1000004066,20241205,CARD,97519.95,PAID
7000004067,1000004067,20250516,CASH,55756.8,REFUNDED
7000004068,1000004068,20240728,CASH,17242.5,PAID
7000004069,1000004069,20240502,CASH,36300.0,PAID
7000004070,1000004070,20240418,CARD,44460.0,PAID
7000004071,1000004071,20250513,CARD,30492.0,PAID
7000004072,1000004072,20250327,CARD,67021.5,PAID
7000004073,1000004073,20250311,GATEWAY,39015.0,PENDING
7000004074,1000004074,20250608,CARD,35392.5,PAID
7000004075,1000004075,20240324,GATEWAY,42582.0,PAID
7000004076,1000004076,20250401,CARD,28459.2,PAID
7000004077,1000004077,20240523,CARD,27336.0,PAID
7000004078,1000004078,20241121,CASH,26136.0,PAID
7000004079,1000004079,20240114,GATEWAY,17235.0,PAID
7000004080,1000004080,20250114,CARD,26136.0,PAID
7000004081,1000004081,20240303,CARD,58043.7,PAID
7000004082,1000004082,20240524,CARD,42282.0,PAID
7000004083,1000004083,20250710,CASH,28459.2,PAID
7000004084,1000004084,20240924,CASH,46464.0,PAID
7000004085,1000004085,20250510,GATEWAY,50505.0,PAID
7000004086,1000004086,20240709,CARD,43560.0,PAID
7000004087,1000004087,20250127,CASH,87483.0,PAID
7000004088,1000004088,20241023,CARD,42064.2,FAILED
7000004089,1000004089,20250717,CARD,49186.5,PAID
7000004090,1000004090,20240901,CARD,17535.0,PAID
7000004091,1000004091,20250109,CARD,73409.25,FAILED
7000004092,1000004092,20240318,CARD,13968.0,PAID
7000004093,1000004093,20240521,CARD,28459.2,FAILED
7000004094,1000004094,20250403,CASH,51455.25,PAID
7000004095,1000004095,20250516,CASH,38532.45,PAID
7000004096,1000004096,20240902,TRANSFER,63706.5,PAID
7000004097,1000004097,20240804,CARD,29359.2,PAID
7000004098,1000004098,20240506,CASH,23522.4,PAID
7000004099,1000004099,20240403,TRANSFER,13068.0,FAILED
7000004100,1000004100,20250803,GATEWAY,73437.0,PAID
7000004101,1000004101,20240627,CARD,39204.0,PAID
7000004102,1000004102,20250106,TRANSFER,126006.38,PAID
7000004103,1000004103,20240715,CARD,27588.0,PAID
7000004104,1000004104,20241101,CASH,39204.0,PAID
7000004105,1000004105,20250929,CARD,30492.0,PAID
7000004106,1000004106,20240723,CARD,71622.0,PAID
7000004107,1000004107,20240112,CASH,41382.0,PAID
7000004108,1000004108,20250327,CASH,49985.1,PAID
7000004109,1000004109,20250825,CASH,25613.28,PAID
7000004110,1000004110,20240714,CARD,72592.74,PAID
7000004111,1000004111,20250815,CARD,54450.0,PAID
7000004112,1000004112,20240410,TRANSFER,41654.25,PAID
7000004113,1000004113,20250202,TRANSFER,53542.5,PAID
7000004114,1000004114,20240421,CASH,32016.6,PAID
7000004115,1000004115,20240422,TRANSFER,108763.88,PAID
7000004116,1000004116,20250312,GATEWAY,28459.2,FAILED
7000004117,1000004117,20241130,TRANSFER,16335.0,PENDING
7000004118,1000004118,20250708,CASH,27588.0,PAID
7000004119,1000004119,20240613,CARD,83020.2,PAID
7000004120,1000004120,20240308,CARD,15294.0,PAID
7000004121,1000004121,20240220,CARD,35574.0,PAID
7000004122,1000004122,20241218,CARD,39319.92,PAID
7000004123,1000004123,20241018,CASH,49005.0,PAID
7000004124,1000004124,20241008,GATEWAY,93646.5,PAID
7000004125,1000004125,20240422,CARD,34485.0,PAID
7000004126,1000004126,20240802,CARD,53361.0,PAID
7000004127,1000004127,20250610,TRANSFER,54450.0,PAID
7000004128,1000004128,20250223,CASH,29040.0,PAID
7000004129,1000004129,20240314,CARD,36474.0,PAID
7000004130,1000004130,20250314,CARD,75252.0,PAID
7000004131,1000004131,20241224,CARD,42582.0,PAID
7000004132,1000004132,20240818,GATEWAY,25729.2,PAID
7000004133,1000004133,20250906,GATEWAY,50505.0,PAID
7000004134,1000004134,20240723,CARD,35685.0,PAID
7000004135,1000004135,20250509,GATEWAY,55405.5,PAID
7000004136,1000004136,20240409,CARD,15420.0,PAID
7000004137,1000004137,20250408,CARD,40404.0,PAID
7000004138,1000004138,20240705,GATEWAY,28324.89,PAID
7000004139,1000004139,20241104,CARD,15221.4,PAID
7000004140,1000004140,20250530,CARD,14994.0,PAID
7000004141,1000004141,20250819,GATEWAY,17535.0,PAID
7000004142,1000004142,20240129,GATEWAY,28488.0,PAID
7000004143,1000004143,20250914,CASH,35937.0,PAID
7000004144,1000004144,20250907,CARD,50094.0,PAID
7000004145,1000004145,20250621,CARD,32505.12,FAILED
7000004146,1000004146,20250515,CARD,94906.35,PAID
7000004147,1000004147,20240328,CARD,47857.68,PAID
7000004148,1000004148,20241127,CASH,16335.0,PAID
7000004149,1000004149,20250629,CARD,55213.88,PAID
7000004150,1000004150,20240910,CARD,49005.0,PAID
7000004151,1000004151,20240224,CARD,45723.24,PAID
7000004152,1000004152,20240216,CARD,86466.6,PAID
7000004153,1000004153,20250804,CARD,17508.3,PAID
7000004154,1000004154,20250405,TRANSFER,71293.2,PAID
7000004155,1000004155,20240801,CARD,14229.6,PAID
7000004156,1000004156,20240411,GATEWAY,85940.25,PAID
7000004157,1000004157,20250420,CARD,86178.3,PAID
7000004158,1000004158,20250210,GATEWAY,17535.0,FAILED
7000004159,1000004159,20250902,GATEWAY,45186.0,PAID
7000004160,1000004160,20241114,GATEWAY,14694.0,REFUNDED
7000004161,1000004161,20250328,CASH,14520.0,PAID
7000004162,1000004162,20250512,CASH,53361.0,PAID
7000004163,1000004163,20240115,CASH,17242.5,PAID
7000004164,1000004164,20240424,GATEWAY,106896.0,PAID
7000004165,1000004165,20240128,CARD,44188.8,PAID
7000004166,1000004166,20240520,CARD,17235.0,PAID
7000004167,1000004167,20241008,TRANSFER,14229.6,PAID
7000004168,1000004168,20240214,CASH,69587.1,PAID
7000004169,1000004169,20240731,CASH,18676.35,FAILED
7000004170,1000004170,20241120,GATEWAY,58491.0,PAID
7000004171,1000004171,20240409,CARD,43923.0,PAID
7000004172,1000004172,20240922,CARD,18150.0,PAID
7000004173,1000004173,20250810,CASH,39204.0,PAID
7000004174,1000004174,20250529,GATEWAY,52927.5,PAID
7000004175,1000004175,20240115,CARD,14994.0,PAID
7000004176,1000004176,20240922,CARD,46938.0,PAID
7000004177,1000004177,20240330,TRANSFER,14520.0,FAILED
7000004178,1000004178,20250708,CARD,48024.9,PAID
7000004179,1000004179,20241117,CARD,36774.0,PAID
7000004180,1000004180,20241230,CARD,27036.0,PAID
7000004181,1000004181,20250131,GATEWAY,33570.0,PENDING
7000004182,1000004182,20240116,GATEWAY,28488.0,PAID
7000004183,1000004183,20250607,CASH,36300.0,PAID
7000004184,1000004184,20250716,CARD,54856.56,PAID
7000004185,1000004185,20250508,CARD,60751.68,PAID
7000004186,1000004186,20250212,CARD,51727.5,PAID
7000004187,1000004187,20241107,GATEWAY,50505.0,PAID
7000004188,1000004188,20250418,CASH,25613.28,PAID
7000004189,1000004189,20240606,CARD,43888.8,PAID
7000004190,1000004190,20240720,CARD,84833.1,PAID
7000004191,1000004191,20240416,GATEWAY,35685.0,PAID
7000004192,1000004192,20240816,CASH,13794.0,PAID
7000004193,1000004193,20241215,GATEWAY,55350.0,PAID
7000004194,1000004194,20250917,CARD,49905.0,PAID
7000004195,1000004195,20240102,CARD,16746.0,PAID
7000004196,1000004196,20250505,CARD,49368.0,PAID
7000004197,1000004197,20241023,CARD,44104.5,FAILED
7000004198,1000004198,20240107,CARD,38852.7,PAID
7000004199,1000004199,20250711,CARD,113512.2,PAID
7000004200,1000004200,20240826,TRANSFER,63888.0,REFUNDED
7000004201,1000004201,20241024,CARD,75141.0,PAID
7000004202,1000004202,20250529,CARD,43560.0,PAID
7000004203,1000004203,20250501,GATEWAY,25729.2,PAID
7000004204,1000004204,20241101,CARD,32670.0,PAID
7000004205,1000004205,20240614,CARD,35574.0,REFUNDED
7000004206,1000004206,20240418,CASH,41382.0,PAID
7000004207,1000004207,20250729,CARD,63454.5,PAID
7000004208,1000004208,20250430,GATEWAY,30303.0,PAID
7000004209,1000004209,20240325,CARD,78045.0,FAILED
7000004210,1000004210,20240915,CARD,44760.0,PAID
7000004211,1000004211,20250803,GATEWAY,28488.0,PAID
7000004212,1000004212,20240428,CASH,35283.6,PAID
7000004213,1000004213,20250305,CARD,69870.0,PAID
7000004214,1000004214,20241222,GATEWAY,88767.78,PAID
7000004215,1000004215,20241114,CARD,40704.0,PAID
7000004216,1000004216,20240205,CARD,14006.64,PAID
7000004217,1000004217,20250204,GATEWAY,19650.0,PAID
7000004218,1000004218,20250523,CASH,81021.6,PAID
7000004219,1000004219,20240108,CARD,14229.6,PAID
7000004220,1000004220,20250731,GATEWAY,52627.5,FAILED
7000004221,1000004221,20240927,CARD,58100.25,PAID
7000004222,1000004222,20250911,CARD,19004.62,REFUNDED
7000004223,1000004223,20241105,CARD,37933.5,PAID
7000004224,1000004224,20250128,CASH,54450.0,PAID
7000004225,1000004225,20240822,CASH,68970.0,PAID
7000004226,1000004226,20250725,CARD,34485.0,REFUNDED
7000004227,1000004227,20241104,GATEWAY,36474.0,PAID
7000004228,1000004228,20240212,GATEWAY,18987.0,PAID
7000004229,1000004229,20240901,CARD,52627.5,PAID
7000004230,1000004230,20240726,GATEWAY,54561.0,PAID
7000004231,1000004231,20250409,CARD,13068.0,PAID
7000004232,1000004232,20240816,TRANSFER,34485.0,PAID
7000004233,1000004233,20241203,CASH,134899.88,PAID
7000004234,1000004234,20240823,CARD,44830.5,PAID
7000004235,1000004235,20250824,CARD,57800.25,PAID
7000004236,1000004236,20250122,CARD,67067.64,PAID
7000004237,1000004237,20240722,TRANSFER,36209.25,PAID
7000004238,1000004238,20250817,CASH,51455.25,PAID
7000004239,1000004239,20250510,GATEWAY,56076.0,PAID
7000004240,1000004240,20240730,CASH,77046.75,PAID
7000004241,1000004241,20250615,CARD,30240.0,PAID
7000004242,1000004242,20250329,CASH,26136.0,PAID
7000004243,1000004243,20240424,GATEWAY,70480.08,PAID
7000004244,1000004244,20240206,CARD,51346.35,PAID
7000004245,1000004245,20250114,GATEWAY,14621.4,PAID
7000004246,1000004246,20250329,TRANSFER,28459.2,PAID
7000004247,1000004247,20241201,CASH,81892.8,REFUNDED
7000004248,1000004248,20240224,CARD,13968.0,PAID
7000004249,1000004249,20241017,CASH,34485.0,FAILED
7000004250,1000004250,20250910,GATEWAY,55650.0,PAID
7000004251,1000004251,20241229,CARD,18742.5,PAID
7000004252,1000004252,20240917,GATEWAY,30240.0,PAID
7000004253,1000004253,20240523,TRANSFER,14483.7,REFUNDED
7000004254,1000004254,20240829,GATEWAY,35685.0,PAID
7000004255,1000004255,20240224,CARD,24722.4,PAID
7000004256,1000004256,20250209,GATEWAY,20465.7,PAID
7000004257,1000004257,20250718,CARD,28642.8,PAID
7000004258,1000004258,20240925,CARD,39615.0,REFUNDED
7000004259,1000004259,20240304,CARD,44104.5,PAID
7000004260,1000004260,20250725,CARD,62610.0,PAID
7000004261,1000004261,20250303,CASH,34485.0,PAID
7000004262,1000004262,20240126,CARD,15729.6,PAID
7000004263,1000004263,20250517,GATEWAY,38443.8,PAID
7000004264,1000004264,20250105,CARD,58922.16,PAID
7000004265,1000004265,20250630,CASH,17787.0,PAID
7000004266,1000004266,20240616,GATEWAY,70070.7,PAID
7000004267,1000004267,20241201,CARD,29040.0,PAID
7000004268,1000004268,20250806,CARD,17242.5,FAILED
7000004269,1000004269,20250715,CARD,54861.0,PAID
7000004270,1000004270,20240620,CARD,15841.08,PAID
7000004271,1000004271,20241017,CARD,68970.0,PAID
7000004272,1000004272,20240710,CASH,51727.5,PAID
7000004273,1000004273,20240319,CARD,35985.0,REFUNDED
7000004274,1000004274,20250520,CARD,44460.0,PAID
7000004275,1000004275,20240428,TRANSFER,17242.5,PAID
7000004276,1000004276,20240512,CARD,28488.0,PAID
7000004277,1000004277,20240718,GATEWAY,32236.5,REFUNDED
7000004278,1000004278,20240527,CARD,34170.0,FAILED
7000004279,1000004279,20250803,TRANSFER,44104.5,PAID
7000004280,1000004280,20250302,GATEWAY,16446.0,PAID
7000004281,1000004281,20250215,CARD,62973.24,PAID
7000004282,1000004282,20240501,CASH,18104.62,PAID
7000004283,1000004283,20240222,GATEWAY,55405.5,PAID
7000004284,1000004284,20250719,GATEWAY,125899.05,PAID
7000004285,1000004285,20241206,GATEWAY,34696.35,PAID
7000004286,1000004286,20250117,TRANSFER,89243.55,PAID
7000004287,1000004287,20240211,TRANSFER,56029.05,PAID
7000004288,1000004288,20240406,GATEWAY,28923.6,PAID
7000004289,1000004289,20241205,CARD,71059.88,PAID
7000004290,1000004290,20241123,CARD,58372.5,PAID
7000004291,1000004291,20240209,CASH,45738.0,PAID
7000004292,1000004292,20250601,GATEWAY,79245.0,PAID
7000004293,1000004293,20250218,CARD,13968.0,REFUNDED
7000004294,1000004294,20241224,TRANSFER,39930.0,PAID
7000004295,1000004295,20240426,GATEWAY,30603.0,PAID
7000004296,1000004296,20250201,GATEWAY,26813.28,PAID
7000004297,1000004297,20240109,CARD,14374.8,PENDING
7000004298,1000004298,20240919,CARD,15683.7,PAID
7000004299,1000004299,20240511,CASH,28967.4,REFUNDED
7000004300,1000004300,20241120,CARD,53361.0,FAILED
7000004301,1000004301,20240416,CASH,82691.4,REFUNDED
7000004302,1000004302,20240906,CASH,19565.7,PAID
7000004303,1000004303,20241212,CARD,43777.8,PAID
7000004304,1000004304,20240819,GATEWAY,40404.0,PAID
7000004305,1000004305,20240706,CARD,31036.5,PAID
7000004306,1000004306,20250721,CARD,15683.7,PAID
7000004307,1000004307,20241203,CARD,17152.56,PAID
7000004308,1000004308,20240213,GATEWAY,60843.24,PAID
7000004309,1000004309,20250120,CARD,52927.5,PAID
7000004310,1000004310,20250227,CARD,26136.0,PAID
7000004311,1000004311,20241120,GATEWAY,21465.0,PAID
7000004312,1000004312,20250107,CASH,12414.6,PAID
7000004313,1000004313,20250612,CARD,33033.0,PAID
7000004314,1000004314,20241019,CARD,29403.0,PAID
7000004315,1000004315,20240619,GATEWAY,39133.5,PAID
7000004316,1000004316,20250305,CARD,36474.0,PAID
7000004317,1000004317,20250921,CARD,14268.0,PAID
7000004318,1000004318,20240430,GATEWAY,18687.0,PAID
7000004319,1000004319,20240905,GATEWAY,30492.0,PAID
7000004320,1000004320,20240710,CARD,15294.0,PAID
7000004321,1000004321,20240407,TRANSFER,44692.56,PAID
7000004322,1000004322,20240814,GATEWAY,42282.0,PAID
7000004323,1000004323,20250113,CARD,29040.0,PAID
7000004324,1000004324,20240218,GATEWAY,39433.5,PAID
7000004325,1000004325,20240905,GATEWAY,73800.0,PAID
7000004326,1000004326,20240927,TRANSFER,60838.8,PAID
7000004327,1000004327,20250118,TRANSFER,35574.0,REFUNDED
7000004328,1000004328,20250805,GATEWAY,20765.7,PAID
7000004329,1000004329,20240131,GATEWAY,19050.0,PAID
7000004330,1000004330,20241105,GATEWAY,68690.25,REFUNDED
7000004331,1000004331,20241105,CASH,92114.88,PAID
7000004332,1000004332,20240111,GATEWAY,17535.0,PAID
7000004333,1000004333,20241004,CARD,29940.0,PAID
7000004334,1000004334,20240322,GATEWAY,60124.5,PAID
7000004335,1000004335,20240225,CARD,52736.4,FAILED
7000004336,1000004336,20250712,GATEWAY,30240.0,PAID
7000004337,1000004337,20240419,CARD,33570.0,PAID
7000004338,1000004338,20240318,CASH,19565.7,PAID
7000004339,1000004339,20240618,CARD,91287.0,PAID
7000004340,1000004340,20240215,GATEWAY,17535.0,PAID
7000004341,1000004341,20250524,CARD,54401.28,PAID
7000004342,1000004342,20240903,CARD,90343.2,PAID
7000004343,1000004343,20240729,CARD,42582.0,FAILED
7000004344,1000004344,20241109,CARD,36300.0,PAID
7000004345,1000004345,20241014,TRANSFER,41382.0,PAID
7000004346,1000004346,20250120,GATEWAY,116125.8,REFUNDED
7000004347,1000004347,20250903,CARD,43588.8,PAID
7000004348,1000004348,20250201,CARD,12661.2,PAID
7000004349,1000004349,20250511,CARD,31082.16,PAID
7000004350,1000004350,20250411,CARD,17787.0,PAID
7000004351,1000004351,20240712,GATEWAY,42282.0,REFUNDED
7000004352,1000004352,20250420,CARD,75032.1,PAID
7000004353,1000004353,20241215,GATEWAY,59215.95,PAID
7000004354,1000004354,20241125,CARD,43451.1,REFUNDED
7000004355,1000004355,20250408,CASH,17787.0,FAILED
7000004356,1000004356,20250718,CARD,79134.0,PAID
7000004357,1000004357,20240515,CASH,36300.0,PAID
7000004358,1000004358,20250422,CASH,32183.58,PAID
7000004359,1000004359,20240527,CARD,18687.0,PAID
7000004360,1000004360,20250930,GATEWAY,37500.0,FAILED
7000004361,1000004361,20250215,CASH,35937.0,PAID
7000004362,1000004362,20241229,GATEWAY,20466.75,PAID
7000004363,1000004363,20241004,GATEWAY,47754.75,PAID
7000004364,1000004364,20250120,CARD,84579.0,PAID
7000004365,1000004365,20240713,CARD,43888.8,PAID
7000004366,1000004366,20250719,GATEWAY,37243.8,PAID
7000004367,1000004367,20240910,CARD,29040.0,PAID
7000004368,1000004368,20240227,CARD,31082.16,PAID
7000004369,1000004369,20250208,GATEWAY,32064.6,FAILED
7000004370,1000004370,20240918,GATEWAY,29940.0,PAID
7000004371,1000004371,20250715,CARD,14701.5,PAID
7000004372,1000004372,20250712,GATEWAY,27336.0,REFUNDED
7000004373,1000004373,20250614,CASH,35574.0,PAID
7000004374,1000004374,20250228,CARD,29486.25,FAILED
7000004375,1000004375,20240221,CARD,44460.0,FAILED
7000004376,1000004376,20250212,CARD,27588.0,PAID
7000004377,1000004377,20240322,GATEWAY,40104.0,PAID
7000004378,1000004378,20250706,CARD,35503.5,PAID
7000004379,1000004379,20240502,CARD,43560.0,PAID
7000004380,1000004380,20250401,CARD,37409.25,PAID
7000004381,1000004381,20240714,CASH,35937.0,PAID
7000004382,1000004382,20250103,CARD,11761.2,PAID
7000004383,1000004383,20240911,CARD,54442.5,PAID
7000004384,1000004384,20250803,CARD,54561.0,PAID
7000004385,1000004385,20250406,GATEWAY,36774.0,PAID
7000004386,1000004386,20250125,CARD,36774.0,FAILED
7000004387,1000004387,20240709,CARD,81486.0,REFUNDED
7000004388,1000004388,20240529,GATEWAY,31082.16,FAILED
7000004389,1000004389,20250507,CARD,38143.8,PAID
7000004390,1000004390,20250717,CARD,19957.5,PAID
7000004391,1000004391,20240524,CARD,71830.2,PAID
7000004392,1000004392,20250914,CARD,19050.0,PAID
7000004393,1000004393,20240218,CASH,38115.0,PAID
7000004394,1000004394,20241102,CARD,41430.0,PAID
7000004395,1000004395,20240701,CASH,32670.0,PAID
7000004396,1000004396,20240923,TRANSFER,14520.0,PAID
7000004397,1000004397,20250104,CARD,15841.08,PAID
7000004398,1000004398,20250805,CARD,39204.0,PAID
7000004399,1000004399,20250718,CASH,54595.2,PAID
7000004400,1000004400,20250401,CARD,16746.0,PAID
7000004401,1000004401,20240606,CASH,61129.2,FAILED
7000004402,1000004402,20250409,CARD,29659.2,PAID
7000004403,1000004403,20241130,CARD,49224.9,PAID
7000004404,1000004404,20240127,CARD,91224.0,PAID
7000004405,1000004405,20250412,CARD,12806.64,PAID
7000004406,1000004406,20250811,CARD,36183.6,PAID
7000004407,1000004407,20250302,CARD,13721.4,PAID
7000004408,1000004408,20240611,CARD,17235.0,PAID
7000004409,1000004409,20250516,GATEWAY,32670.0,PAID
7000004410,1000004410,20240128,CARD,30857.1,PAID
7000004411,1000004411,20250621,GATEWAY,55350.0,FAILED
7000004412,1000004412,20240315,CARD,56029.05,PAID
7000004413,1000004413,20240130,GATEWAY,69443.48,FAILED
7000004414,1000004414,20250728,GATEWAY,50505.0,PAID
7000004415,1000004415,20240217,CARD,52782.3,PAID
7000004416,1000004416,20250404,CASH,54450.0,PAID
7000004417,1000004417,20240924,CARD,44460.0,PAID
7000004418,1000004418,20250511,CARD,81820.2,PAID
7000004419,1000004419,20240910,CASH,96558.0,PAID
7000004420,1000004420,20250430,CARD,55650.0,PAID
7000004421,1000004421,20250424,GATEWAY,83664.0,PAID
7000004422,1000004422,20250317,CARD,16418.25,PAID
7000004423,1000004423,20250614,CARD,54861.0,PAID
7000004424,1000004424,20240506,CARD,44324.4,PAID
7000004425,1000004425,20250809,CARD,103992.0,PAID
7000004426,1000004426,20250215,GATEWAY,13914.6,PAID
7000004427,1000004427,20250912,GATEWAY,52927.5,PAID
7000004428,1000004428,20240203,CARD,68280.3,PAID
7000004429,1000004429,20250225,CARD,19576.35,PAID
7000004430,1000004430,20250328,GATEWAY,42582.0,PAID
7000004431,1000004431,20240628,CARD,18676.35,PAID
7000004432,1000004432,20240420,GATEWAY,14621.4,PAID
7000004433,1000004433,20250402,CARD,36183.6,PAID
7000004434,1000004434,20240812,CASH,29040.0,PAID
7000004435,1000004435,20240318,GATEWAY,52141.08,PAID
7000004436,1000004436,20250529,CASH,70603.5,PAID
7000004437,1000004437,20240705,GATEWAY,33444.0,PAID
7000004438,1000004438,20240908,CARD,59817.24,PAID
7000004439,1000004439,20250613,CASH,17242.5,PAID
7000004440,1000004440,20240404,CARD,29403.0,PAID
7000004441,1000004441,20250731,CARD,79761.75,FAILED
7000004442,1000004442,20250907,GATEWAY,37200.0,PAID
7000004443,1000004443,20240722,CARD,71685.0,PAID
7000004444,1000004444,20250920,CARD,18442.5,FAILED
7000004445,1000004445,20241215,CARD,16335.0,REFUNDED
7000004446,1000004446,20241226,CASH,26136.0,PAID
7000004447,1000004447,20240607,CASH,28459.2,PAID
7000004448,1000004448,20240717,CASH,17242.5,PAID
7000004449,1000004449,20250110,CARD,19468.5,PAID
7000004450,1000004450,20240228,CARD,106177.5,PAID
7000004451,1000004451,20250209,GATEWAY,31082.16,PAID
7000004452,1000004452,20250428,CARD,95643.0,PAID
7000004453,1000004453,20240810,CARD,99589.05,PAID
7000004454,1000004454,20240625,CARD,14520.0,PAID
7000004455,1000004455,20240221,GATEWAY,33516.6,PAID
7000004456,1000004456,20240720,CARD,28788.0,PAID
7000004457,1000004457,20250210,CARD,16872.0,PAID
7000004458,1000004458,20250315,GATEWAY,42364.2,PAID
7000004459,1000004459,20250610,CASH,28749.6,FAILED
7000004460,1000004460,20240703,CASH,17242.5,PAID
7000004461,1000004461,20250316,GATEWAY,16141.08,PAID
7000004462,1000004462,20250414,CARD,52627.5,PAID
7000004463,1000004463,20250507,CASH,18150.0,PAID
7000004464,1000004464,20250417,CARD,42582.0,PAID
7000004465,1000004465,20250623,CARD,16335.0,PAID
7000004466,1000004466,20240202,CARD,135928.98,REFUNDED
7000004467,1000004467,20250815,CARD,67747.5,PAID
7000004468,1000004468,20240822,GATEWAY,52627.5,PAID
7000004469,1000004469,20250209,GATEWAY,60795.0,FAILED
7000004470,1000004470,20240523,CARD,19604.62,PAID
7000004471,1000004471,20241004,GATEWAY,52927.5,PAID
7000004472,1000004472,20241114,CARD,29359.2,REFUNDED
7000004473,1000004473,20250820,GATEWAY,108212.4,FAILED
7000004474,1000004474,20250113,CARD,42688.8,REFUNDED
7000004475,1000004475,20250706,CARD,101388.0,REFUNDED
7000004476,1000004476,20240501,CARD,27588.0,PAID
7000004477,1000004477,20240328,TRANSFER,35283.6,PAID
7000004478,1000004478,20250924,CARD,55650.0,PAID
7000004479,1000004479,20240117,CARD,66966.0,PAID
7000004480,1000004480,20250125,GATEWAY,19050.0,PAID
7000004481,1000004481,20240508,CARD,33870.0,PAID
7000004482,1000004482,20250703,CARD,42282.0,PAID
7000004483,1000004483,20240730,CARD,124974.45,PAID
7000004484,1000004484,20240204,CARD,48642.0,PAID
7000004485,1000004485,20240928,CARD,14268.0,PAID
7000004486,1000004486,20250621,TRANSFER,14520.0,PAID
7000004487,1000004487,20240509,CARD,13794.0,PAID
7000004488,1000004488,20250912,CARD,48054.22,PAID
7000004489,1000004489,20250308,GATEWAY,16335.0,PAID
7000004490,1000004490,20241224,CARD,42582.0,PAID
7000004491,1000004491,20241003,TRANSFER,34485.0,PAID
7000004492,1000004492,20250803,CASH,140372.1,PAID
7000004493,1000004493,20241018,CASH,15246.0,PAID
7000004494,1000004494,20250711,CARD,16335.0,PAID
7000004495,1000004495,20250901,CARD,87748.8,PAID
7000004496,1000004496,20250130,CASH,38419.92,PAID
7000004497,1000004497,20250921,GATEWAY,54261.0,PAID
7000004498,1000004498,20250517,CARD,69144.0,PAID
7000004499,1000004499,20241226,CARD,43451.1,PAID
7000004500,1000004500,20240824,CARD,15246.0,PAID
7000004501,1000004501,20240723,GATEWAY,14994.0,PAID
7000004502,1000004502,20250514,CASH,37933.5,PAID
7000004503,1000004503,20240711,CARD,67971.75,FAILED
7000004504,1000004504,20240407,CARD,78093.0,PAID
7000004505,1000004505,20250406,CARD,39204.0,PAID
7000004506,1000004506,20240909,GATEWAY,98010.0,PAID
7000004507,1000004507,20240605,CARD,63249.12,PAID
7000004508,1000004508,20240918,CARD,55650.0,PAID
7000004509,1000004509,20240401,CARD,18142.5,PAID
7000004510,1000004510,20240615,CASH,59931.3,PAID
7000004511,1000004511,20241008,CASH,53201.28,PAID
7000004512,1000004512,20240606,CARD,79888.8,PAID
7000004513,1000004513,20250827,GATEWAY,30240.0,PAID
7000004514,1000004514,20240331,CARD,31305.12,FAILED
7000004515,1000004515,20250102,GATEWAY,52627.5,REFUNDED
7000004516,1000004516,20240106,CARD,33570.0,FAILED
7000004517,1000004517,20240308,CASH,37243.8,PAID
7000004518,1000004518,20240524,GATEWAY,32236.5,PAID
7000004519,1000004519,20250827,CARD,58806.0,REFUNDED
7000004520,1000004520,20241218,CARD,114101.55,PAID
7000004521,1000004521,20240914,GATEWAY,15246.0,PAID
7000004522,1000004522,20250627,TRANSFER,49005.0,PAID
7000004523,1000004523,20241217,CARD,36183.6,PAID
7000004524,1000004524,20250523,CARD,46420.2,PAID
7000004525,1000004525,20250123,CARD,43308.0,PAID
7000004526,1000004526,20240229,CASH,29040.0,FAILED
7000004527,1000004527,20240511,CARD,28749.6,PAID
7000004528,1000004528,20240904,CARD,14229.6,PAID
7000004529,1000004529,20241029,CARD,28408.14,PAID
7000004530,1000004530,20240409,TRANSFER,90517.68,PAID
7000004531,1000004531,20241020,CARD,14229.6,PAID
7000004532,1000004532,20250209,TRANSFER,31944.0,PAID
7000004533,1000004533,20240501,GATEWAY,19350.0,PAID
7000004534,1000004534,20241105,CARD,39204.0,REFUNDED
7000004535,1000004535,20240222,CARD,40031.4,PAID
7000004536,1000004536,20250221,GATEWAY,36783.6,PAID
7000004537,1000004537,20250305,CASH,89243.55,PAID
7000004538,1000004538,20250627,GATEWAY,71413.8,PAID
7000004539,1000004539,20250219,TRANSFER,52272.0,PAID
7000004540,1000004540,20240405,CARD,45738.0,PAID
7000004541,1000004541,20250107,CARD,36300.0,PAID
7000004542,1000004542,20240527,CARD,29088.0,FAILED
7000004543,1000004543,20240125,GATEWAY,40404.0,REFUNDED
7000004544,1000004544,20250521,CASH,12806.64,REFUNDED
7000004545,1000004545,20250215,CASH,74052.0,PAID
7000004546,1000004546,20250730,CARD,53361.0,FAILED
7000004547,1000004547,20250622,CARD,14229.6,REFUNDED
7000004548,1000004548,20250912,CARD,41382.0,PAID
7000004549,1000004549,20241119,TRANSFER,12414.6,PAID
7000004550,1000004550,20250518,GATEWAY,15420.0,PAID
7000004551,1000004551,20240701,CASH,76593.0,PAID
7000004552,1000004552,20250825,CASH,70893.9,PAID
7000004553,1000004553,20240319,GATEWAY,93765.0,PAID
7000004554,1000004554,20241231,GATEWAY,33570.0,PAID
7000004555,1000004555,20250317,CARD,69841.2,PAID
7000004556,1000004556,20250724,GATEWAY,67692.0,PAID
7000004557,1000004557,20241010,CARD,58951.2,PAID
7000004558,1000004558,20241204,CARD,15720.0,PAID
7000004559,1000004559,20250727,CARD,26136.0,PAID
7000004560,1000004560,20250324,GATEWAY,99546.3,FAILED
7000004561,1000004561,20240523,GATEWAY,90379.5,PAID
7000004562,1000004562,20240326,CARD,39204.0,PAID
7000004563,1000004563,20250220,CARD,19287.0,PAID
7000004564,1000004564,20250715,CARD,36300.0,PAID
7000004565,1000004565,20240917,GATEWAY,53361.0,PAID
7000004566,1000004566,20250219,CARD,61502.85,PAID
7000004567,1000004567,20240909,CARD,32236.5,PAID
7000004568,1000004568,20240814,CASH,90205.5,PAID
7000004569,1000004569,20250526,CARD,33870.0,REFUNDED
7000004570,1000004570,20240624,GATEWAY,39204.0,PAID
7000004571,1000004571,20240208,CARD,49513.2,FAILED
7000004572,1000004572,20250608,CASH,82764.0,PAID
7000004573,1000004573,20241221,GATEWAY,45186.0,PAID
7000004574,1000004574,20250407,CASH,39204.0,PAID
7000004575,1000004575,20240511,CARD,14701.5,PAID
7000004576,1000004576,20240927,CARD,85270.8,PAID
7000004577,1000004577,20250919,CARD,55495.2,PAID
7000004578,1000004578,20250713,CARD,58072.5,PAID
7000004579,1000004579,20240821,CARD,57465.0,PAID
7000004580,1000004580,20240117,CARD,53046.0,PAID
7000004581,1000004581,20240731,CASH,57470.16,PAID
7000004582,1000004582,20240925,CARD,29040.0,FAILED
7000004583,1000004583,20240928,CARD,49005.0,PAID
7000004584,1000004584,20240426,GATEWAY,15420.0,PAID
7000004585,1000004585,20241213,CARD,16852.56,PAID
7000004586,1000004586,20250328,CASH,79497.0,PAID
7000004587,1000004587,20240930,CARD,18442.5,PAID
7000004588,1000004588,20250712,TRANSFER,14483.7,PAID
7000004589,1000004589,20250220,CASH,36300.0,PAID
7000004590,1000004590,20250806,CARD,92746.5,PAID
7000004591,1000004591,20240419,CASH,41382.0,PAID
7000004592,1000004592,20240903,CARD,13068.0,PAID
7000004593,1000004593,20250702,GATEWAY,58617.0,PAID
7000004594,1000004594,20250104,GATEWAY,44024.4,PAID
7000004595,1000004595,20250517,TRANSFER,29040.0,PAID
7000004596,1000004596,20250916,GATEWAY,35503.5,PAID
7000004597,1000004597,20250813,CASH,38419.92,PAID
7000004598,1000004598,20250114,CASH,29657.1,PAID
7000004599,1000004599,20250330,CARD,32670.0,PAID
7000004600,1000004600,20240826,CARD,26029.2,PAID
7000004601,1000004601,20240702,GATEWAY,52627.5,PAID
7000004602,1000004602,20250203,GATEWAY,21165.0,PAID
7000004603,1000004603,20240301,GATEWAY,49224.9,PAID
7000004604,1000004604,20240715,CARD,54188.64,PAID
7000004605,1000004605,20250221,CARD,18987.0,PAID
7000004606,1000004606,20240113,CASH,74052.0,PAID
7000004607,1000004607,20240905,CASH,27588.0,FAILED
7000004608,1000004608,20240407,CARD,120691.05,PAID
7000004609,1000004609,20250825,GATEWAY,15429.6,PAID
7000004610,1000004610,20240720,CARD,46023.24,PAID
7000004611,1000004611,20240801,CARD,31305.12,PAID
7000004612,1000004612,20250509,CARD,29040.0,PAID
7000004613,1000004613,20250206,CARD,30540.0,PAID
7000004614,1000004614,20240915,CARD,16335.0,PAID
7000004615,1000004615,20250730,GATEWAY,33870.0,REFUNDED
7000004616,1000004616,20250902,CARD,51727.5,PAID
7000004617,1000004617,20240729,CARD,19050.0,PAID
7000004618,1000004618,20250113,CASH,14520.0,PAID
7000004619,1000004619,20240411,CASH,17787.0,PAID
7000004620,1000004620,20250524,CASH,57172.5,PENDING
7000004621,1000004621,20240906,CARD,38115.0,PAID
7000004622,1000004622,20240118,GATEWAY,30303.0,PAID
7000004623,1000004623,20250919,CASH,46554.75,PAID
7000004624,1000004624,20240216,TRANSFER,79860.0,PAID
7000004625,1000004625,20250425,CARD,29940.0,PAID
7000004626,1000004626,20250717,CARD,17208.3,PAID
7000004627,1000004627,20250202,GATEWAY,28342.8,PAID
7000004628,1000004628,20250517,TRANSFER,42688.8,PAID
7000004629,1000004629,20240127,CASH,18150.0,PAID
7000004630,1000004630,20250422,CARD,39204.0,PAID
7000004631,1000004631,20240224,CARD,15129.6,FAILED
7000004632,1000004632,20250901,GATEWAY,105580.12,PAID
7000004633,1000004633,20241220,CARD,74487.6,PAID
7000004634,1000004634,20240531,CARD,27336.0,PAID
7000004635,1000004635,20250120,CARD,18442.5,PAID
7000004636,1000004636,20240601,CARD,27336.0,PAID
7000004637,1000004637,20240108,CARD,47916.0,PAID
7000004638,1000004638,20250224,GATEWAY,17151.75,PAID
7000004639,1000004639,20240903,CARD,31305.12,PAID
7000004640,1000004640,20240319,CARD,27036.0,PAID
7000004641,1000004641,20240115,CARD,30249.6,PAID
7000004642,1000004642,20250927,GATEWAY,14994.0,PAID
7000004643,1000004643,20240409,TRANSFER,30346.8,PAID
7000004644,1000004644,20250314,CASH,26136.0,FAILED
7000004645,1000004645,20240724,GATEWAY,43560.0,PAID
7000004646,1000004646,20240713,CARD,28488.0,PAID
7000004647,1000004647,20241126,CARD,39615.0,PAID
7000004648,1000004648,20240201,CASH,46554.75,PAID
7000004649,1000004649,20240918,CASH,36300.0,REFUNDED
7000004650,1000004650,20240526,CARD,15420.0,PAID
7000004651,1000004651,20240821,CASH,35283.6,PAID
7000004652,1000004652,20240509,CARD,87120.0,PAID
7000004653,1000004653,20240621,GATEWAY,45723.24,PAID
7000004654,1000004654,20250322,CARD,15173.4,FAILED
7000004655,1000004655,20241207,GATEWAY,15429.6,PAID
7000004656,1000004656,20250410,CARD,49524.9,PAID
7000004657,1000004657,20240725,GATEWAY,42282.0,PAID
7000004658,1000004658,20240927,CARD,33098.62,PAID
7000004659,1000004659,20240322,GATEWAY,68609.62,PENDING
7000004660,1000004660,20250408,GATEWAY,13968.0,PENDING
7000004661,1000004661,20250612,CARD,44351.1,FAILED
7000004662,1000004662,20250503,CARD,74197.2,PAID
7000004663,1000004663,20241017,CARD,39204.0,PAID
7000004664,1000004664,20240709,CARD,14941.08,PAID
7000004665,1000004665,20250913,CARD,27588.0,PAID
7000004666,1000004666,20240130,CARD,43603.56,PAID
7000004667,1000004667,20250209,CASH,29882.16,PAID
7000004668,1000004668,20240518,CARD,18687.0,PAID
7000004669,1000004669,20250923,GATEWAY,26029.2,PAID
7000004670,1000004670,20240714,CARD,42664.2,PAID
7000004671,1000004671,20241130,CARD,52927.5,PAID
7000004672,1000004672,20250630,CARD,50505.0,PAID
7000004673,1000004673,20240827,CASH,39204.0,PAID
7000004674,1000004674,20250805,CASH,15518.25,PAID
7000004675,1000004675,20240312,CASH,18150.0,PAID
7000004676,1000004676,20250920,GATEWAY,47238.0,PAID
7000004677,1000004677,20241008,CARD,44024.4,PENDING
7000004678,1000004678,20250308,CASH,17242.5,PAID
7000004679,1000004679,20240527,CARD,29659.2,REFUNDED
7000004680,1000004680,20250111,CARD,53227.5,PAID
7000004681,1000004681,20250924,CARD,29040.0,PAID
7000004682,1000004682,20250801,TRANSFER,67953.6,PAID
7000004683,1000004683,20240225,GATEWAY,14694.0,PAID
7000004684,1000004684,20240514,GATEWAY,36474.0,PAID
7000004685,1000004685,20240923,CASH,56029.05,PAID
7000004686,1000004686,20240609,TRANSFER,31305.12,PAID
7000004687,1000004687,20250224,CARD,44187.75,PAID
7000004688,1000004688,20250421,CARD,48099.6,PAID
7000004689,1000004689,20240920,CARD,93555.75,PAID
7000004690,1000004690,20240413,GATEWAY,15420.0,PAID
7000004691,1000004691,20240604,CASH,17787.0,PAID
7000004692,1000004692,20250518,CARD,87846.0,PAID
7000004693,1000004693,20250502,GATEWAY,64725.0,PAID
7000004694,1000004694,20240620,CARD,78168.18,PAID
7000004695,1000004695,20250821,CARD,32844.0,REFUNDED
7000004696,1000004696,20240323,CASH,13068.0,PAID
7000004697,1000004697,20250815,CARD,13794.0,PAID
7000004698,1000004698,20240304,CARD,30346.8,REFUNDED
7000004699,1000004699,20240313,CARD,42582.0,PAID
7000004700,1000004700,20250920,CARD,44351.1,PAID
7000004701,1000004701,20250611,CARD,31382.16,PAID
7000004702,1000004702,20250512,CARD,52355.25,PAID
7000004703,1000004703,20240411,GATEWAY,14994.0,FAILED
7000004704,1000004704,20241125,CASH,59731.65,PAID
7000004705,1000004705,20241026,TRANSFER,35574.0,PAID
7000004706,1000004706,20250516,CARD,61821.0,PAID
7000004707,1000004707,20240127,CARD,29659.2,PAID
7000004708,1000004708,20240719,TRANSFER,35392.5,PAID
7000004709,1000004709,20250401,CASH,43560.0,PAID
7000004710,1000004710,20250206,CARD,42882.0,PAID
7000004711,1000004711,20240309,CASH,73529.28,REFUNDED
7000004712,1000004712,20250209,CASH,32670.0,PAID
7000004713,1000004713,20250819,TRANSFER,29040.0,PENDING
7000004714,1000004714,20240722,GATEWAY,113241.24,PAID
7000004715,1000004715,20250303,GATEWAY,48380.64,PAID
7000004716,1000004716,20240924,CARD,14921.4,PAID
7000004717,1000004717,20240628,TRANSFER,110293.92,PAID
7000004718,1000004718,20250804,CASH,30492.0,PAID
7000004719,1000004719,20240716,CARD,14701.5,PAID
7000004720,1000004720,20240809,CARD,55650.0,PAID
7000004721,1000004721,20250307,CASH,49186.5,FAILED
7000004722,1000004722,20240415,CASH,15173.4,PAID
7000004723,1000004723,20250605,CARD,51455.25,REFUNDED
7000004724,1000004724,20240608,TRANSFER,37352.7,PAID
7000004725,1000004725,20240611,CASH,16335.0,PAID
7000004726,1000004726,20240503,CARD,54261.0,PAID
7000004727,1000004727,20250805,CASH,17787.0,PAID
7000004728,1000004728,20250123,CARD,36774.0,PAID
7000004729,1000004729,20250313,CARD,54624.0,FAILED
7000004730,1000004730,20250402,CASH,49005.0,PAID
7000004731,1000004731,20250831,CARD,13068.0,REFUNDED
7000004732,1000004732,20250311,CASH,46827.0,PAID
7000004733,1000004733,20240511,TRANSFER,53905.5,PAID
7000004734,1000004734,20250203,CARD,12414.6,PAID
7000004735,1000004735,20240514,GATEWAY,39930.0,PAID
7000004736,1000004736,20240716,CARD,46323.24,PAID
7000004737,1000004737,20240729,TRANSFER,42471.0,REFUNDED
7000004738,1000004738,20250814,CARD,88699.05,PAID
7000004739,1000004739,20250105,CARD,26136.0,PAID
7000004740,1000004740,20240227,CASH,42688.8,PAID
7000004741,1000004741,20240719,GATEWAY,73689.0,PAID
7000004742,1000004742,20241103,GATEWAY,92565.0,PAID
7000004743,1000004743,20250308,CARD,43588.8,PAID
7000004744,1000004744,20250307,CASH,70785.0,FAILED
7000004745,1000004745,20250704,CARD,39204.0,PAID
7000004746,1000004746,20250922,CARD,46420.2,PAID
7000004747,1000004747,20240812,CASH,62857.08,REFUNDED
7000004748,1000004748,20250203,CARD,33570.0,PAID
7000004749,1000004749,20240609,CARD,71420.25,PAID
7000004750,1000004750,20240609,CARD,84942.0,PAID
7000004751,1000004751,20241018,CARD,71341.2,FAILED
7000004752,1000004752,20250428,CASH,53687.7,PAID
7000004753,1000004753,20241127,CASH,42834.0,PAID
7000004754,1000004754,20250518,CARD,95943.0,PAID
7000004755,1000004755,20250603,TRANSFER,26136.0,PAID
7000004756,1000004756,20240701,GATEWAY,28788.0,PAID
7000004757,1000004757,20240420,CARD,15518.25,PAID
7000004758,1000004758,20250426,CARD,18966.75,PAID
7000004759,1000004759,20250105,CASH,39204.0,PAID
7000004760,1000004760,20250106,GATEWAY,18687.0,PENDING
7000004761,1000004761,20250428,CASH,29040.0,FAILED
7000004762,1000004762,20240904,CARD,20557.5,PAID
7000004763,1000004763,20240203,CARD,15720.0,PAID
7000004764,1000004764,20250621,CARD,28967.4,PAID
7000004765,1000004765,20240414,CARD,35685.0,PAID
7000004766,1000004766,20240325,CASH,45738.0,PAID
7000004767,1000004767,20240826,CARD,31546.8,PAID
7000004768,1000004768,20240112,GATEWAY,15720.0,PAID
7000004769,1000004769,20250831,CASH,30346.8,PAID
7000004770,1000004770,20240111,CARD,30492.0,PAID
7000004771,1000004771,20240328,GATEWAY,51727.5,PAID
7000004772,1000004772,20240216,CASH,53361.0,PAID
7000004773,1000004773,20250516,GATEWAY,49269.75,PENDING
7000004774,1000004774,20240709,GATEWAY,35385.0,PAID
7000004775,1000004775,20250222,GATEWAY,27036.0,PAID
7000004776,1000004776,20240501,GATEWAY,110845.68,PAID
7000004777,1000004777,20241111,CARD,44823.24,PAID
7000004778,1000004778,20250806,CARD,13794.0,PAID
7000004779,1000004779,20250411,CARD,12661.2,PAID
7000004780,1000004780,20240803,GATEWAY,29088.0,PAID
7000004781,1000004781,20241012,CARD,64178.4,PAID
7000004782,1000004782,20250611,CARD,46275.0,PAID
7000004783,1000004783,20240627,CARD,53361.0,PAID
7000004784,1000004784,20240716,GATEWAY,15129.6,PAID
7000004785,1000004785,20240723,CARD,54450.0,PAID
7000004786,1000004786,20240829,CARD,40404.0,PAID
7000004787,1000004787,20250423,TRANSFER,39204.0,PAID
7000004788,1000004788,20241114,CARD,38115.0,PAID
7000004789,1000004789,20241102,CARD,37500.0,PENDING
7000004790,1000004790,20250510,CASH,23522.4,PAID
7000004791,1000004791,20250411,CARD,57172.5,PAID
7000004792,1000004792,20250613,GATEWAY,28749.6,PAID
7000004793,1000004793,20240630,TRANSFER,18150.0,REFUNDED
7000004794,1000004794,20240327,CASH,43487.4,PAID
7000004795,1000004795,20241130,CASH,36300.0,PAID
7000004796,1000004796,20250101,GATEWAY,79605.9,PAID
7000004797,1000004797,20250329,TRANSFER,14520.0,REFUNDED
7000004798,1000004798,20250315,CARD,86142.0,PAID
7000004799,1000004799,20240612,CARD,52816.5,PAID
7000004800,1000004800,20241115,CARD,87846.0,PAID
7000004801,1000004801,20250526,CARD,29359.2,FAILED
7000004802,1000004802,20250503,GATEWAY,41382.0,PAID
7000004803,1000004803,20250119,CASH,71728.8,FAILED
7000004804,1000004804,20241104,GATEWAY,29359.2,PAID
7000004805,1000004805,20240626,CARD,33144.0,PAID
7000004806,1000004806,20240224,CARD,45738.0,PAID
7000004807,1000004807,20250403,GATEWAY,40104.0,PAID
7000004808,1000004808,20241220,CARD,42364.2,PAID
7000004809,1000004809,20240807,CARD,13068.0,PAID
7000004810,1000004810,20240319,CARD,40104.0,PAID
7000004811,1000004811,20250206,CARD,30782.16,PAID
7000004812,1000004812,20250423,CASH,39204.0,FAILED
7000004813,1000004813,20240209,GATEWAY,28488.0,PAID
7000004814,1000004814,20240507,CARD,38707.5,PAID
7000004815,1000004815,20250713,CASH,35574.0,REFUNDED
7000004816,1000004816,20250303,CARD,38552.7,FAILED
7000004817,1000004817,20240216,GATEWAY,53227.5,PAID
7000004818,1000004818,20250215,GATEWAY,53227.5,PAID
7000004819,1000004819,20241209,GATEWAY,14268.0,REFUNDED
7000004820,1000004820,20240426,TRANSFER,29040.0,PAID
7000004821,1000004821,20250415,CARD,44024.4,PAID
7000004822,1000004822,20240814,CARD,62799.0,PAID
7000004823,1000004823,20240802,GATEWAY,49905.0,PAID
7000004824,1000004824,20240609,GATEWAY,71476.8,PAID
7000004825,1000004825,20250225,GATEWAY,24422.4,PAID
7000004826,1000004826,20250930,CARD,49116.0,FAILED
7000004827,1000004827,20241009,CARD,26136.0,PAID
7000004828,1000004828,20250827,CARD,17151.75,PAID
7000004829,1000004829,20240520,CASH,123783.0,PAID
7000004830,1000004830,20250205,CARD,18966.75,PAID
7000004831,1000004831,20250530,CARD,78872.4,PAID
7000004832,1000004832,20240318,GATEWAY,112423.2,PAID
7000004833,1000004833,20250116,CARD,34485.0,PAID
7000004834,1000004834,20240825,GATEWAY,41042.88,PAID
7000004835,1000004835,20250723,CASH,53361.0,PAID
7000004836,1000004836,20241009,CARD,69502.08,PAID
7000004837,1000004837,20250702,CASH,39204.0,PAID
7000004838,1000004838,20240130,CARD,37243.8,PAID
7000004839,1000004839,20241130,CARD,86974.8,FAILED
7000004840,1000004840,20241205,CARD,70823.4,PAID
7000004841,1000004841,20240120,CARD,53135.7,PAID
7000004842,1000004842,20240331,CARD,71148.0,PAID
7000004843,1000004843,20250330,GATEWAY,53905.5,PAID
7000004844,1000004844,20240327,CASH,51909.0,FAILED
7000004845,1000004845,20240725,CASH,28459.2,PAID
7000004846,1000004846,20240914,CARD,114345.0,PAID
7000004847,1000004847,20240527,TRANSFER,34485.0,PAID
7000004848,1000004848,20250919,CASH,32670.0,PAID
7000004849,1000004849,20250812,GATEWAY,27336.0,PAID
7000004850,1000004850,20240229,CASH,16335.0,PAID
7000004851,1000004851,20250221,CARD,30346.8,PAID
7000004852,1000004852,20241014,CARD,21465.0,PAID
7000004853,1000004853,20250307,TRANSFER,79860.0,PAID
7000004854,1000004854,20240528,CASH,32670.0,PAID
7000004855,1000004855,20250212,CARD,41130.0,PAID
7000004856,1000004856,20241216,TRANSFER,97138.8,PAID
7000004857,1000004857,20250215,CASH,18150.0,PAID
7000004858,1000004858,20241111,CASH,49005.0,PAID
7000004859,1000004859,20240814,CASH,26136.0,PAID
7000004860,1000004860,20241106,CASH,52272.0,FAILED
7000004861,1000004861,20240827,CARD,56802.0,PAID
7000004862,1000004862,20240322,TRANSFER,31944.0,PAID
7000004863,1000004863,20240418,CARD,42688.8,PAID
7000004864,1000004864,20250828,TRANSFER,95015.25,PAID
7000004865,1000004865,20241229,CARD,81675.0,PAID
7000004866,1000004866,20241216,CASH,46554.75,PAID
7000004867,1000004867,20240726,CASH,26136.0,FAILED
7000004868,1000004868,20240507,CASH,28749.6,PAID
7000004869,1000004869,20240801,CARD,39133.5,REFUNDED
7000004870,1000004870,20250605,TRANSFER,29040.0,PAID
7000004871,1000004871,20250223,TRANSFER,17787.0,REFUNDED
7000004872,1000004872,20250907,CARD,76812.9,PAID
7000004873,1000004873,20250611,CARD,33577.5,PAID
7000004874,1000004874,20241231,GATEWAY,49186.78,PAID
7000004875,1000004875,20240129,CARD,13721.4,PAID
7000004876,1000004876,20240920,GATEWAY,58372.5,PAID
7000004877,1000004877,20240510,CARD,13794.0,PAID
7000004878,1000004878,20240120,CARD,19057.5,PAID
7000004879,1000004879,20240821,CASH,46554.75,PAID
7000004880,1000004880,20250908,CARD,49005.0,PAID
7000004881,1000004881,20240421,CARD,75745.68,PAID
7000004882,1000004882,20250831,CARD,33933.0,PAID
7000004883,1000004883,20241230,CASH,83373.84,REFUNDED
7000004884,1000004884,20250812,CARD,72420.6,PAID
7000004885,1000004885,20240716,CARD,26029.2,PAID
7000004886,1000004886,20241020,CARD,29959.2,REFUNDED
7000004887,1000004887,20241029,CARD,42582.0,PAID
7000004888,1000004888,20241005,CARD,43888.8,PAID
7000004889,1000004889,20240726,CASH,51727.5,PAID
7000004890,1000004890,20240802,CARD,29959.2,PAID
7000004891,1000004891,20240806,CARD,28788.0,PAID
7000004892,1000004892,20250406,CARD,35685.0,PAID
7000004893,1000004893,20241204,CARD,59895.0,PAID
7000004894,1000004894,20250507,TRANSFER,33033.0,PAID
7000004895,1000004895,20250123,CARD,37074.0,PAID
7000004896,1000004896,20241206,CARD,15246.0,PAID
7000004897,1000004897,20240125,GATEWAY,18742.5,PAID
7000004898,1000004898,20250827,CARD,34485.0,PAID
7000004899,1000004899,20250818,GATEWAY,13968.0,PAID
7000004900,1000004900,20250413,CARD,36183.6,PAID
7000004901,1000004901,20250130,GATEWAY,13068.0,PAID
7000004902,1000004902,20241022,CARD,54861.0,PAID
7000004903,1000004903,20240811,CARD,30492.0,PAID
7000004904,1000004904,20240818,CASH,14374.8,PAID
7000004905,1000004905,20240121,GATEWAY,33144.0,PAID
7000004906,1000004906,20250824,CARD,73437.0,PENDING
7000004907,1000004907,20250428,CASH,54313.88,PAID
7000004908,1000004908,20240311,CASH,41382.0,FAILED
7000004909,1000004909,20250723,CASH,57898.5,PENDING
7000004910,1000004910,20241004,GATEWAY,42717.6,PAID
7000004911,1000004911,20240710,CARD,19050.0,FAILED
7000004912,1000004912,20250512,CARD,29882.16,PAID
7000004913,1000004913,20240508,GATEWAY,44614.8,PAID
7000004914,1000004914,20250914,CARD,29882.16,PAID
7000004915,1000004915,20250208,CASH,28459.2,REFUNDED
7000004916,1000004916,20250713,CARD,40104.0,PAID
7000004917,1000004917,20250502,CASH,14520.0,PAID
7000004918,1000004918,20241125,GATEWAY,35685.0,FAILED
7000004919,1000004919,20250722,CASH,29040.0,PAID
7000004920,1000004920,20240902,GATEWAY,40404.0,PAID
7000004921,1000004921,20241013,CASH,86983.88,PAID
7000004922,1000004922,20241129,CASH,77740.08,FAILED
7000004923,1000004923,20250619,CARD,36300.0,PENDING
7000004924,1000004924,20240213,CARD,68355.0,PAID
7000004925,1000004925,20240823,CARD,19057.5,PAID
7000004926,1000004926,20240227,CARD,17242.5,PAID
7000004927,1000004927,20240126,GATEWAY,15901.5,PAID
7000004928,1000004928,20240408,CARD,43888.8,PAID
7000004929,1000004929,20250504,CASH,28459.2,PAID
7000004930,1000004930,20250905,CASH,17787.0,PAID
7000004931,1000004931,20250511,GATEWAY,19350.0,REFUNDED
7000004932,1000004932,20240309,GATEWAY,44460.0,PAID
7000004933,1000004933,20250509,CARD,41164.2,PAID
7000004934,1000004934,20240827,CARD,40404.0,PAID
7000004935,1000004935,20240501,CARD,66247.5,PAID
7000004936,1000004936,20240116,CASH,26136.0,PAID
7000004937,1000004937,20241009,GATEWAY,40104.0,PAID
7000004938,1000004938,20240423,CASH,14229.6,REFUNDED
7000004939,1000004939,20250315,GATEWAY,96487.5,PAID
7000004940,1000004940,20250816,GATEWAY,27636.0,REFUNDED
7000004941,1000004941,20250711,CASH,42471.0,FAILED
7000004942,1000004942,20240912,CARD,46554.75,PAID
7000004943,1000004943,20240620,GATEWAY,17535.0,PAID
7000004944,1000004944,20250219,CARD,32355.0,PAID
7000004945,1000004945,20240310,CARD,76738.2,PAID
7000004946,1000004946,20250317,GATEWAY,28967.4,PAID
7000004947,1000004947,20240530,GATEWAY,35203.5,FAILED
7000004948,1000004948,20250623,CARD,13068.0,PAID
7000004949,1000004949,20240506,TRANSFER,97374.75,PAID
7000004950,1000004950,20240621,CASH,13794.0,PAID
7000004951,1000004951,20250705,CASH,49005.0,PAID
7000004952,1000004952,20250413,CARD,33570.0,PAID
7000004953,1000004953,20240625,GATEWAY,85297.5,PAID
7000004954,1000004954,20241025,CARD,32805.12,REFUNDED
7000004955,1000004955,20250517,GATEWAY,33870.0,PAID
7000004956,1000004956,20240425,GATEWAY,69534.22,FAILED
7000004957,1000004957,20240216,GATEWAY,35385.0,PAID
7000004958,1000004958,20250323,CASH,81609.66,PAID
7000004959,1000004959,20241203,CARD,55386.3,PENDING
7000004960,1000004960,20240823,CARD,27588.0,PAID
7000004961,1000004961,20240114,CARD,46023.24,PAID
7000004962,1000004962,20240908,GATEWAY,15841.08,PAID
7000004963,1000004963,20250514,CASH,32670.0,PAID
7000004964,1000004964,20250509,CASH,13068.0,PAID
7000004965,1000004965,20240725,GATEWAY,29359.2,FAILED
7000004966,1000004966,20250124,GATEWAY,49542.0,PAID
7000004967,1000004967,20241107,CARD,74026.35,PAID
7000004968,1000004968,20240430,CARD,28459.2,PENDING
7000004969,1000004969,20250330,CASH,12414.6,PAID
7000004970,1000004970,20250728,CARD,14268.0,PENDING
7000004971,1000004971,20241022,GATEWAY,17535.0,PAID
7000004972,1000004972,20250507,CASH,57354.0,PAID
7000004973,1000004973,20250228,CARD,75697.2,PAID
7000004974,1000004974,20250728,CARD,97138.8,PAID
7000004975,1000004975,20250403,CARD,33833.7,PAID
7000004976,1000004976,20250922,GATEWAY,84264.0,PAID
7000004977,1000004977,20240919,GATEWAY,36892.5,PAID
7000004978,1000004978,20241021,CASH,38115.0,PAID
7000004979,1000004979,20250523,CARD,14701.5,PAID
7000004980,1000004980,20240214,CARD,37500.0,PAID
7000004981,1000004981,20250322,CARD,48571.5,PAID
7000004982,1000004982,20240215,CARD,118555.8,PAID
7000004983,1000004983,20250730,CARD,19057.5,PENDING
7000004984,1000004984,20241201,GATEWAY,26136.0,PAID
7000004985,1000004985,20240526,CARD,111043.8,PAID
7000004986,1000004986,20240716,CARD,96485.4,PAID
7000004987,1000004987,20240214,CARD,32916.6,PAID
7000004988,1000004988,20241107,CARD,46609.2,PAID
7000004989,1000004989,20240203,CARD,98002.5,FAILED
7000004990,1000004990,20250418,CASH,13068.0,PAID
7000004991,1000004991,20240601,TRANSFER,25613.28,PAID
7000004992,1000004992,20240730,TRANSFER,39204.0,PENDING
7000004993,1000004993,20240423,CARD,17242.5,PAID
7000004994,1000004994,20250517,CARD,59568.3,PAID
7000004995,1000004995,20241017,GATEWAY,14268.0,PAID
7000004996,1000004996,20250704,CARD,41382.0,PAID
7000004997,1000004997,20250609,CARD,30240.0,PAID
7000004998,1000004998,20240511,GATEWAY,35574.0,PAID
7000004999,1000004999,20241023,CARD,54087.0,PAID
7000005000,1000005000,20240727,GATEWAY,55350.0,PAID
7000005001,1000005001,20250717,GATEWAY,51720.0,PAID
7000005002,1000005002,20240304,GATEWAY,78872.4,PENDING
7000005003,1000005003,20250204,GATEWAY,14306.64,PAID
7000005004,1000005004,20250721,CARD,112050.6,PAID
7000005005,1000005005,20240111,GATEWAY,18987.0,PAID
7000005006,1000005006,20240313,CARD,29814.0,PAID
7000005007,1000005007,20250117,TRANSFER,93654.0,PAID
7000005008,1000005008,20240724,GATEWAY,39319.92,PAID
7000005009,1000005009,20250207,CARD,54261.0,PAID
7000005010,1000005010,20241229,CARD,19650.0,PAID
7000005011,1000005011,20240505,TRANSFER,32670.0,PAID
7000005012,1000005012,20240925,CARD,44760.0,PAID
7000005013,1000005013,20240916,CASH,36300.0,PAID
7000005014,1000005014,20250209,CASH,42979.2,REFUNDED
7000005015,1000005015,20241221,GATEWAY,42282.0,PAID
7000005016,1000005016,20250210,GATEWAY,29940.0,PAID
7000005017,1000005017,20250204,GATEWAY,14229.6,PAID
7000005018,1000005018,20240926,CARD,23522.4,PAID
7000005019,1000005019,20240526,CARD,91369.2,FAILED
7000005020,1000005020,20241221,GATEWAY,39523.2,PAID
7000005021,1000005021,20241224,CARD,83709.9,PAID
7000005022,1000005022,20250406,CARD,19287.0,REFUNDED
7000005023,1000005023,20240201,GATEWAY,35249.4,PAID
7000005024,1000005024,20240520,CARD,16146.0,FAILED
7000005025,1000005025,20241019,TRANSFER,29040.0,PAID
7000005026,1000005026,20240611,TRANSFER,45520.2,REFUNDED
7000005027,1000005027,20250909,CARD,19876.35,REFUNDED
7000005028,1000005028,20250314,GATEWAY,15729.6,PAID
7000005029,1000005029,20240725,CASH,12414.6,PAID
7000005030,1000005030,20240617,CARD,124509.0,FAILED
7000005031,1000005031,20240623,CARD,29214.0,PAID
7000005032,1000005032,20250830,GATEWAY,46638.0,PAID
7000005033,1000005033,20240812,CARD,39133.5,PAID
7000005034,1000005034,20250611,GATEWAY,14268.0,PAID
7000005035,1000005035,20241123,CASH,26136.0,PAID
7000005036,1000005036,20250123,GATEWAY,27636.0,PAID
7000005037,1000005037,20240109,TRANSFER,14229.6,PAID
7000005038,1000005038,20241018,TRANSFER,38419.92,PAID
7000005039,1000005039,20250416,CARD,55196.25,PAID
7000005040,1000005040,20240819,GATEWAY,39204.0,PAID
7000005041,1000005041,20250808,CASH,85758.75,PAID
7000005042,1000005042,20240422,CARD,19050.0,PAID
7000005043,1000005043,20240305,CARD,54722.25,PAID
7000005044,1000005044,20240906,CASH,14229.6,PAID
7000005045,1000005045,20240612,GATEWAY,75615.0,PAID
7000005046,1000005046,20240716,CARD,18150.0,PAID
7000005047,1000005047,20241223,CARD,53361.0,PAID
7000005048,1000005048,20240205,CARD,62944.2,FAILED
7000005049,1000005049,20240628,CARD,28788.0,PAID
7000005050,1000005050,20241211,CASH,107085.0,REFUNDED
7000005051,1000005051,20250920,CARD,32670.0,PAID
7000005052,1000005052,20250616,CARD,62292.9,PAID
7000005053,1000005053,20240921,CARD,29359.2,PAID
7000005054,1000005054,20250125,GATEWAY,43008.0,PAID
7000005055,1000005055,20250413,CARD,55513.88,REFUNDED
7000005056,1000005056,20240305,GATEWAY,82875.0,PAID
7000005057,1000005057,20241011,TRANSFER,13068.0,PAID
7000005058,1000005058,20240427,GATEWAY,39204.0,PAID
7000005059,1000005059,20250801,CARD,15901.5,PAID
7000005060,1000005060,20240512,CASH,57891.24,FAILED
7000005061,1000005061,20240218,CARD,14229.6,PAID
7000005062,1000005062,20250410,CASH,37352.7,PAID
7000005063,1000005063,20240616,CASH,53361.0,PAID
7000005064,1000005064,20250430,GATEWAY,16373.4,PAID
7000005065,1000005065,20250304,CARD,41164.2,REFUNDED
7000005066,1000005066,20250703,CASH,15173.4,PAID
7000005067,1000005067,20250703,CASH,75504.0,FAILED
7000005068,1000005068,20250308,GATEWAY,37500.0,PAID
7000005069,1000005069,20250606,GATEWAY,42282.0,PAID
7000005070,1000005070,20250602,TRANSFER,54450.0,FAILED
7000005071,1000005071,20250510,CARD,103810.5,PAID
7000005072,1000005072,20250818,GATEWAY,16852.56,PAID
7000005073,1000005073,20240609,CARD,33262.5,PAID
7000005074,1000005074,20250821,CARD,70596.0,FAILED
7000005075,1000005075,20250826,GATEWAY,15729.6,PAID
7000005076,1000005076,20241126,CASH,14229.6,PAID
7000005077,1000005077,20240317,CARD,49043.4,PAID
7000005078,1000005078,20240615,CARD,42834.0,PAID
7000005079,1000005079,20250420,CARD,31246.8,PAID
7000005080,1000005080,20250706,CARD,53361.0,FAILED
7000005081,1000005081,20240721,CARD,60003.66,PAID
7000005082,1000005082,20240828,GATEWAY,49905.0,PAID
7000005083,1000005083,20240527,CARD,33196.35,PAID
7000005084,1000005084,20250520,CARD,27336.0,PAID
7000005085,1000005085,20240206,TRANSFER,28459.2,PAID
7000005086,1000005086,20240512,CASH,53361.0,PAID
7000005087,1000005087,20240125,CARD,94670.4,PAID
7000005088,1000005088,20240213,GATEWAY,37800.0,PAID
7000005089,1000005089,20250217,CASH,41382.0,PAID
7000005090,1000005090,20240218,CARD,34485.0,PAID
7000005091,1000005091,20250220,CASH,39930.0,PAID
7000005092,1000005092,20250203,CARD,27588.0,PAID
7000005093,1000005093,20250922,GATEWAY,43588.8,PAID
7000005094,1000005094,20250816,GATEWAY,12806.64,REFUNDED
7000005095,1000005095,20250629,GATEWAY,32916.6,PAID
7000005096,1000005096,20241127,CASH,13794.0,PAID
7000005097,1000005097,20240207,CARD,14520.0,PAID
7000005098,1000005098,20250710,CARD,15729.6,PAID
7000005099,1000005099,20250119,CARD,39619.92,PAID
7000005100,1000005100,20241107,CARD,93065.7,PAID
7000005101,1000005101,20250514,CARD,53825.4,REFUNDED
7000005102,1000005102,20240501,CARD,18150.0,PAID
7000005103,1000005103,20250111,CASH,13068.0,PAID
7000005104,1000005104,20250825,TRANSFER,29040.0,PAID
7000005105,1000005105,20240928,CARD,103455.0,PAID
7000005106,1000005106,20250704,CASH,26136.0,PAID
7000005107,1000005107,20240109,CARD,39204.0,PAID
7000005108,1000005108,20250420,CARD,28459.2,PAID
7000005109,1000005109,20241015,GATEWAY,40104.0,PAID
7000005110,1000005110,20241106,CARD,94590.3,PAID
7000005111,1000005111,20240420,GATEWAY,16373.4,PAID
7000005112,1000005112,20250216,CARD,75605.4,PAID
7000005113,1000005113,20240904,CARD,50205.0,PAID
7000005114,1000005114,20241003,CASH,42688.8,PAID
7000005115,1000005115,20240415,CASH,32670.0,REFUNDED
7000005116,1000005116,20250312,GATEWAY,44351.1,REFUNDED
7000005117,1000005117,20241217,TRANSFER,49005.0,PAID
7000005118,1000005118,20250105,CARD,47124.66,PAID
7000005119,1000005119,20240102,CARD,70959.0,PAID
7000005120,1000005120,20240104,GATEWAY,40331.4,PAID
7000005121,1000005121,20241114,CARD,17835.0,FAILED
7000005122,1000005122,20250203,CASH,45102.75,PAID
7000005123,1000005123,20250622,CASH,41382.0,PAID
7000005124,1000005124,20250512,GATEWAY,31936.5,PAID
7000005125,1000005125,20250808,CARD,27636.0,PAID
7000005126,1000005126,20250213,CARD,86142.0,PAID
7000005127,1000005127,20240320,CASH,53361.0,PAID
7000005128,1000005128,20241011,TRANSFER,17242.5,PAID
7000005129,1000005129,20241206,CARD,84462.6,PAID
7000005130,1000005130,20240724,TRANSFER,43560.0,REFUNDED
7000005131,1000005131,20240210,CARD,35503.5,PAID
7000005132,1000005132,20241026,TRANSFER,28459.2,PAID
7000005133,1000005133,20250212,CARD,48924.9,PAID
7000005134,1000005134,20240301,CARD,19350.0,PAID
7000005135,1000005135,20250616,CARD,52927.5,PAID
7000005136,1000005136,20240815,TRANSFER,13068.0,PAID
7000005137,1000005137,20241112,GATEWAY,43888.8,PAID
7000005138,1000005138,20240228,CARD,35985.0,FAILED
7000005139,1000005139,20250328,CASH,41382.0,PAID
7000005140,1000005140,20241121,GATEWAY,51455.25,REFUNDED
7000005141,1000005141,20250101,CARD,54450.0,PAID
7000005142,1000005142,20240109,GATEWAY,44460.0,PAID
7000005143,1000005143,20250127,CARD,85733.1,PAID
7000005144,1000005144,20241009,CASH,45992.1,PAID
7000005145,1000005145,20240826,CASH,17787.0,REFUNDED
7000005146,1000005146,20250301,CASH,15246.0,PAID
7000005147,1000005147,20250528,TRANSFER,85305.0,FAILED
7000005148,1000005148,20250529,CARD,29403.0,PAID
7000005149,1000005149,20240411,GATEWAY,26513.28,PAID
7000005150,1000005150,20250609,CARD,54139.92,PAID
7000005151,1000005151,20240209,CASH,30346.8,PAID
7000005152,1000005152,20240317,CARD,16335.0,PAID
7000005153,1000005153,20240322,GATEWAY,37200.0,REFUNDED
7000005154,1000005154,20240318,CARD,50205.0,PAID
7000005155,1000005155,20240328,TRANSFER,27588.0,PAID
7000005156,1000005156,20250312,CARD,13968.0,PAID
7000005157,1000005157,20250426,CASH,66015.18,PAID
7000005158,1000005158,20241202,CASH,13794.0,PAID
7000005159,1000005159,20250801,GATEWAY,47454.75,PAID
7000005160,1000005160,20240726,CARD,59933.4,PAID
7000005161,1000005161,20241014,CARD,27036.0,PAID
7000005162,1000005162,20250502,CARD,70959.0,PAID
7000005163,1000005163,20250709,GATEWAY,52627.5,PAID
7000005164,1000005164,20240615,CARD,60795.0,PAID
7000005165,1000005165,20241201,CARD,19287.0,PAID
7000005166,1000005166,20240825,TRANSFER,108900.0,PAID
7000005167,1000005167,20241217,CARD,42688.8,PAID
7000005168,1000005168,20250103,GATEWAY,14229.6,PAID
7000005169,1000005169,20241109,CARD,54072.48,PAID
7000005170,1000005170,20250627,CASH,45701.7,PAID
7000005171,1000005171,20241031,CARD,39204.0,PAID
7000005172,1000005172,20250505,CARD,51727.5,PAID
7000005173,1000005173,20240212,CARD,29959.2,PAID
7000005174,1000005174,20240312,CASH,14520.0,PAID
7000005175,1000005175,20240524,TRANSFER,53361.0,PAID
7000005176,1000005176,20250413,CASH,31036.5,PAID
7000005177,1000005177,20250406,CASH,46957.68,PAID
7000005178,1000005178,20240206,CARD,48024.9,PAID
7000005179,1000005179,20250422,GATEWAY,27636.0,PAID
7000005180,1000005180,20240403,GATEWAY,57172.5,PAID
7000005181,1000005181,20240722,CARD,54261.0,PAID
7000005182,1000005182,20240723,GATEWAY,60795.0,PAID
7000005183,1000005183,20250215,GATEWAY,49905.0,FAILED
7000005184,1000005184,20240417,TRANSFER,45738.0,PAID
7000005185,1000005185,20240815,TRANSFER,49005.0,PAID
7000005186,1000005186,20240216,CARD,12661.2,PAID
7000005187,1000005187,20241028,CASH,34485.0,PAID
7000005188,1000005188,20240601,GATEWAY,30240.0,FAILED
7000005189,1000005189,20250119,GATEWAY,40104.0,PAID
7000005190,1000005190,20250525,CASH,14941.08,PAID
7000005191,1000005191,20250830,CASH,46246.2,PAID
7000005192,1000005192,20250109,GATEWAY,29659.2,PAID
7000005193,1000005193,20240306,TRANSFER,54450.0,PAID
7000005194,1000005194,20240828,CASH,32670.0,PAID
7000005195,1000005195,20241030,CARD,55950.0,PAID
7000005196,1000005196,20250703,CARD,14520.0,PAID
7000005197,1000005197,20250310,CARD,51727.5,PAID
7000005198,1000005198,20250616,CASH,26136.0,PAID
7000005199,1000005199,20250128,TRANSFER,26136.0,PAID
7000005200,1000005200,20240208,CARD,29040.0,REFUNDED
7000005201,1000005201,20241214,CARD,36774.0,FAILED
7000005202,1000005202,20240826,CARD,47553.0,PAID
7000005203,1000005203,20250927,CARD,46938.0,PAID
7000005204,1000005204,20240314,CARD,30492.0,PAID
7000005205,1000005205,20240920,CARD,42688.8,PAID
7000005206,1000005206,20250811,CARD,15429.6,PAID
7000005207,1000005207,20240927,CARD,17172.0,PAID
7000005208,1000005208,20241021,CASH,31944.0,PAID
7000005209,1000005209,20240519,CARD,17235.0,PAID
7000005210,1000005210,20250614,CARD,54261.0,PAID
7000005211,1000005211,20250523,TRANSFER,39204.0,PAID
7000005212,1000005212,20240915,CASH,41164.2,PAID
7000005213,1000005213,20240603,CASH,42688.8,PAID
7000005214,1000005214,20240831,CARD,28459.2,PAID
7000005215,1000005215,20240228,GATEWAY,64579.8,PAID
7000005216,1000005216,20240624,CARD,19050.0,PAID
7000005217,1000005217,20250802,CARD,34485.0,PAID
7000005218,1000005218,20240706,CARD,48024.9,PAID
7000005219,1000005219,20250821,CARD,18676.35,PAID
7000005220,1000005220,20240321,CARD,35937.0,PAID
7000005221,1000005221,20240618,CASH,14520.0,PAID
7000005222,1000005222,20241008,CARD,26513.28,PAID
7000005223,1000005223,20240914,GATEWAY,36474.0,PAID
7000005224,1000005224,20240703,CARD,40704.0,PAID
7000005225,1000005225,20250904,CARD,67302.3,FAILED
7000005226,1000005226,20250815,GATEWAY,36774.0,PAID
7000005227,1000005227,20240809,CARD,17968.5,FAILED
7000005228,1000005228,20250617,CARD,35574.0,PAID
7000005229,1000005229,20240502,CARD,36474.0,PAID
7000005230,1000005230,20250907,CARD,40404.0,PAID
7000005231,1000005231,20250224,CARD,31305.12,PAID
7000005232,1000005232,20250407,CARD,28996.2,PAID
7000005233,1000005233,20250510,CARD,44624.4,PAID
7000005234,1000005234,20250822,CARD,55450.35,PAID
7000005235,1000005235,20250916,CARD,26136.0,PAID
7000005236,1000005236,20250418,GATEWAY,32670.0,PAID
7000005237,1000005237,20250520,CASH,42688.8,PAID
7000005238,1000005238,20250526,CARD,15429.6,PAID
7000005239,1000005239,20241031,CARD,49005.0,PAID
7000005240,1000005240,20240217,CARD,15983.7,PAID
7000005241,1000005241,20250815,CASH,72491.1,PAID
7000005242,1000005242,20240311,CARD,35622.0,REFUNDED
7000005243,1000005243,20250117,GATEWAY,63210.0,PAID
7000005244,1000005244,20240622,GATEWAY,53361.0,FAILED
7000005245,1000005245,20250825,CASH,39204.0,PAID
7000005246,1000005246,20240302,CARD,109419.38,PAID
7000005247,1000005247,20250809,CARD,60025.68,PAID
7000005248,1000005248,20250507,GATEWAY,36774.0,PAID
7000005249,1000005249,20250923,CARD,50505.0,FAILED
7000005250,1000005250,20250613,TRANSFER,17787.0,PAID
7000005251,1000005251,20250912,CARD,113256.0,FAILED
7000005252,1000005252,20250819,CARD,34485.0,PAID
7000005253,1000005253,20241112,CASH,30492.0,PAID
7000005254,1000005254,20240929,GATEWAY,15429.6,PAID
7000005255,1000005255,20250331,GATEWAY,29359.2,PAID
7000005256,1000005256,20250323,GATEWAY,28459.2,PAID
7000005257,1000005257,20240824,CARD,15246.0,PAID
7000005258,1000005258,20250806,CASH,49005.0,PAID
7000005259,1000005259,20240425,CARD,28459.2,PAID
7000005260,1000005260,20240509,CASH,34485.0,PAID
7000005261,1000005261,20250908,GATEWAY,48924.9,REFUNDED
7000005262,1000005262,20240601,CARD,55650.0,FAILED
7000005263,1000005263,20240611,GATEWAY,62910.0,PENDING
7000005264,1000005264,20250929,CARD,15652.56,PAID
7000005265,1000005265,20250806,GATEWAY,39619.92,PAID
7000005266,1000005266,20240511,GATEWAY,38552.7,PAID
7000005267,1000005267,20240705,TRANSFER,54450.0,PAID
7000005268,1000005268,20250305,CARD,18150.0,PAID
7000005269,1000005269,20240715,GATEWAY,86114.25,PAID
7000005270,1000005270,20240123,CASH,13068.0,PAID
7000005271,1000005271,20240310,GATEWAY,37200.0,REFUNDED
7000005272,1000005272,20250208,GATEWAY,52627.5,PAID
7000005273,1000005273,20241207,CASH,41382.0,PAID
7000005274,1000005274,20241004,CASH,36209.25,PAID
7000005275,1000005275,20240627,GATEWAY,18987.0,PAID
7000005276,1000005276,20240807,CASH,51727.5,REFUNDED
7000005277,1000005277,20241219,GATEWAY,27036.0,FAILED
7000005278,1000005278,20250114,CARD,43378.5,PAID
7000005279,1000005279,20240704,CARD,35574.0,PAID
7000005280,1000005280,20240319,CARD,32236.5,FAILED
7000005281,1000005281,20250815,CARD,54261.0,PAID
7000005282,1000005282,20240428,CARD,44460.0,PAID
7000005283,1000005283,20240121,CASH,15972.0,PAID
7000005284,1000005284,20250221,TRANSFER,78408.0,REFUNDED
7000005285,1000005285,20250410,GATEWAY,43008.0,PAID
7000005286,1000005286,20250428,CARD,37500.0,PAID
7000005287,1000005287,20240915,CARD,55650.0,PAID
7000005288,1000005288,20241221,CARD,17151.75,PAID
7000005289,1000005289,20240716,CARD,96886.8,PAID
7000005290,1000005290,20240628,CARD,27636.0,PAID
7000005291,1000005291,20250812,CARD,65723.25,PAID
7000005292,1000005292,20240825,GATEWAY,28488.0,PAID
7000005293,1000005293,20240515,CASH,79497.0,PAID
7000005294,1000005294,20240510,CARD,44188.8,PAID
7000005295,1000005295,20250107,GATEWAY,29040.0,REFUNDED
7000005296,1000005296,20240418,CARD,15420.0,PAID
7000005297,1000005297,20240605,CARD,30167.4,PAID
7000005298,1000005298,20240207,CARD,74778.0,PAID
7000005299,1000005299,20250503,CARD,27336.0,PAID
7000005300,1000005300,20250925,GATEWAY,30603.0,PAID
7000005301,1000005301,20240319,GATEWAY,24422.4,PAID
7000005302,1000005302,20250320,CARD,29088.0,PAID
7000005303,1000005303,20240401,CASH,71511.0,PAID
7000005304,1000005304,20250405,CARD,14006.64,PAID
7000005305,1000005305,20240711,GATEWAY,111213.12,PAID
7000005306,1000005306,20240922,GATEWAY,13968.0,FAILED
7000005307,1000005307,20240709,CARD,50457.0,PAID
7000005308,1000005308,20250128,GATEWAY,15420.0,PENDING
7000005309,1000005309,20250613,CARD,90679.5,PAID
7000005310,1000005310,20241117,GATEWAY,15129.6,PAID
7000005311,1000005311,20241209,CARD,79172.4,PAID
7000005312,1000005312,20240726,CARD,38419.92,PAID
7000005313,1000005313,20250202,CASH,43560.0,PAID
7000005314,1000005314,20240325,CARD,18687.0,PAID
7000005315,1000005315,20250207,CARD,13068.0,FAILED
7000005316,1000005316,20240702,CARD,57528.0,PAID
7000005317,1000005317,20250822,CARD,14701.5,PAID
7000005318,1000005318,20240928,CASH,34485.0,PAID
7000005319,1000005319,20240720,CASH,57172.5,PAID
7000005320,1000005320,20240803,GATEWAY,39204.0,PAID
7000005321,1000005321,20250404,CASH,32488.5,FAILED
7000005322,1000005322,20240808,CARD,56410.2,PAID
7000005323,1000005323,20250801,CARD,18442.5,PAID
7000005324,1000005324,20241201,CARD,14520.0,PAID
7000005325,1000005325,20240612,CARD,95316.3,PAID
7000005326,1000005326,20240323,CARD,38419.92,PAID
7000005327,1000005327,20240730,CARD,14994.0,PAID
7000005328,1000005328,20250824,GATEWAY,51727.5,PAID
7000005329,1000005329,20250202,GATEWAY,49905.0,PAID
7000005330,1000005330,20240501,GATEWAY,102477.0,PAID
7000005331,1000005331,20250930,CASH,54450.0,PAID
7000005332,1000005332,20250819,CASH,36300.0,PAID
7000005333,1000005333,20240414,CASH,30492.0,PAID
7000005334,1000005334,20250107,CARD,35574.0,PAID
7000005335,1000005335,20240107,CARD,58100.25,FAILED
7000005336,1000005336,20241202,CARD,27588.0,PAID
7000005337,1000005337,20250801,GATEWAY,76558.8,PAID
7000005338,1000005338,20240706,CARD,36474.0,PAID
7000005339,1000005339,20250221,CARD,17535.0,PAID
7000005340,1000005340,20240622,TRANSFER,35574.0,PAID
7000005341,1000005341,20250109,CARD,55902.0,FAILED
7000005342,1000005342,20250315,GATEWAY,15429.6,FAILED
7000005343,1000005343,20250921,GATEWAY,55069.2,PAID
7000005344,1000005344,20250204,CARD,75796.5,PAID
7000005345,1000005345,20241206,CARD,14994.0,PAID
7000005346,1000005346,20250207,CARD,51727.5,PAID
7000005347,1000005347,20250601,CARD,49005.0,REFUNDED
7000005348,1000005348,20250913,CARD,43560.0,PAID
7000005349,1000005349,20240411,CASH,70422.0,PAID
7000005350,1000005350,20250315,TRANSFER,51727.5,PAID
7000005351,1000005351,20240120,CARD,60795.0,PENDING
7000005352,1000005352,20250515,CARD,43888.8,FAILED
7000005353,1000005353,20240511,CASH,36300.0,PAID
7000005354,1000005354,20250905,CARD,52272.0,PAID
7000005355,1000005355,20240504,CARD,33870.0,PAID
7000005356,1000005356,20250402,CARD,60432.0,FAILED
7000005357,1000005357,20240612,GATEWAY,51720.0,PAID
7000005358,1000005358,20240925,CARD,45520.2,PAID
7000005359,1000005359,20240427,CARD,17787.0,PAID
7000005360,1000005360,20240518,GATEWAY,17535.0,REFUNDED
7000005361,1000005361,20250526,CASH,29911.2,PAID
7000005362,1000005362,20240117,CASH,43124.4,PAID
7000005363,1000005363,20250411,CASH,42471.0,REFUNDED
7000005364,1000005364,20240303,CARD,24422.4,PAID
7000005365,1000005365,20250708,CARD,50505.0,PAID
7000005366,1000005366,20240827,GATEWAY,14941.08,PAID
7000005367,1000005367,20250128,CARD,95287.5,PAID
7000005368,1000005368,20250914,CASH,70022.7,PENDING
7000005369,1000005369,20250520,CASH,63499.59,PAID
7000005370,1000005370,20241207,CARD,26136.0,FAILED
7000005371,1000005371,20240221,CARD,55350.0,PAID
7000005372,1000005372,20240615,CARD,13068.0,PAID
7000005373,1000005373,20240706,CARD,13068.0,PAID
7000005374,1000005374,20250708,CARD,17242.5,PAID
7000005375,1000005375,20250524,CASH,14941.08,PAID
7000005376,1000005376,20241024,CARD,17235.0,PAID
7000005377,1000005377,20241118,GATEWAY,78509.4,PAID
7000005378,1000005378,20250327,CASH,42979.2,FAILED
7000005379,1000005379,20250929,CARD,47857.68,REFUNDED
7000005380,1000005380,20250130,GATEWAY,18442.5,PAID
7000005381,1000005381,20240730,CARD,41382.0,PAID
7000005382,1000005382,20240106,CARD,32670.0,PAID
7000005383,1000005383,20241121,CARD,17535.0,PAID
7000005384,1000005384,20250303,GATEWAY,43308.0,PENDING
7000005385,1000005385,20250209,CASH,26136.0,PAID
7000005386,1000005386,20250126,GATEWAY,42688.8,PENDING
7000005387,1000005387,20250114,GATEWAY,50094.0,PAID
7000005388,1000005388,20250830,CARD,50335.68,PAID
7000005389,1000005389,20241124,CARD,52955.25,PAID
7000005390,1000005390,20241202,GATEWAY,36300.0,PAID
7000005391,1000005391,20250801,CASH,11761.2,PAID
7000005392,1000005392,20240513,GATEWAY,36483.6,PAID
7000005393,1000005393,20240205,CARD,18687.0,PAID
7000005394,1000005394,20240822,CARD,16418.25,PAID
7000005395,1000005395,20240421,CARD,82812.0,PAID
7000005396,1000005396,20250228,GATEWAY,40404.0,PAID
7000005397,1000005397,20240820,GATEWAY,54488.4,PAID
7000005398,1000005398,20250505,CARD,42688.8,PAID
7000005399,1000005399,20250617,CASH,53361.0,PAID
7000005400,1000005400,20250301,CARD,92867.1,PAID
7000005401,1000005401,20250702,CARD,80803.8,FAILED
7000005402,1000005402,20240130,CASH,90931.5,PAID
7000005403,1000005403,20250404,CARD,28788.0,PAID
7000005404,1000005404,20250528,GATEWAY,78898.05,PAID
7000005405,1000005405,20240411,CARD,29359.2,PAID
7000005406,1000005406,20250705,CARD,19050.0,PAID
7000005407,1000005407,20240202,CARD,14520.0,REFUNDED
7000005408,1000005408,20250716,CASH,17242.5,PAID
7000005409,1000005409,20240624,GATEWAY,57229.05,FAILED
7000005410,1000005410,20250530,CASH,66668.58,PAID
7000005411,1000005411,20241128,CASH,14520.0,PAID
7000005412,1000005412,20240303,GATEWAY,36837.0,PAID
7000005413,1000005413,20240320,CASH,19565.7,PAID
7000005414,1000005414,20240530,CARD,35574.0,PAID
7000005415,1000005415,20250505,GATEWAY,16441.08,PAID
7000005416,1000005416,20241116,CASH,17787.0,PAID
7000005417,1000005417,20240206,CASH,81820.2,REFUNDED
7000005418,1000005418,20240127,GATEWAY,39204.0,PAID
7000005419,1000005419,20250802,GATEWAY,35685.0,PAID
7000005420,1000005420,20250927,CARD,64795.5,PAID
7000005421,1000005421,20240314,CARD,45738.0,PAID
7000005422,1000005422,20240205,GATEWAY,55350.0,PAID
7000005423,1000005423,20250907,CARD,54561.0,PAID
7000005424,1000005424,20250816,CASH,49455.12,PAID
7000005425,1000005425,20250114,CARD,78045.0,PAID
7000005426,1000005426,20240623,CARD,51727.5,PAID
7000005427,1000005427,20241202,CASH,35937.0,PAID
7000005428,1000005428,20240506,CASH,19565.7,PAID
7000005429,1000005429,20240921,CASH,14483.7,FAILED
7000005430,1000005430,20240823,CARD,15983.7,PAID
7000005431,1000005431,20240201,CARD,33008.4,PAID
7000005432,1000005432,20250224,CARD,41382.0,PAID
7000005433,1000005433,20240510,CASH,54313.88,PAID
7000005434,1000005434,20240805,TRANSFER,34485.0,PAID
7000005435,1000005435,20240928,CASH,69238.62,PAID
7000005436,1000005436,20250918,GATEWAY,27036.0,PAID
7000005437,1000005437,20240522,GATEWAY,20176.35,PAID
7000005438,1000005438,20240706,CARD,56929.05,PAID
7000005439,1000005439,20240127,CARD,29088.0,PAID
7000005440,1000005440,20240801,GATEWAY,36774.0,FAILED
7000005441,1000005441,20241215,TRANSFER,30492.0,PAID
7000005442,1000005442,20240813,CASH,56029.05,PAID
7000005443,1000005443,20250501,CARD,40404.0,PAID
7000005444,1000005444,20240413,CASH,13068.0,PAID
7000005445,1000005445,20240211,TRANSFER,25613.28,PAID
7000005446,1000005446,20240321,CARD,54404.62,PAID
7000005447,1000005447,20240611,CARD,49005.0,PAID
7000005448,1000005448,20241021,TRANSFER,55176.0,PAID
7000005449,1000005449,20240407,CASH,34485.0,PAID
7000005450,1000005450,20250814,CARD,28788.0,PAID
7000005451,1000005451,20250311,CASH,43719.72,PAID
7000005452,1000005452,20250503,GATEWAY,31546.8,PAID
7000005453,1000005453,20241024,CASH,43560.0,PAID
7000005454,1000005454,20240630,CARD,80767.5,PAID
7000005455,1000005455,20240419,CASH,11761.2,PAID
7000005456,1000005456,20240326,CARD,65025.0,PAID
7000005457,1000005457,20250927,CARD,16020.0,PAID
7000005458,1000005458,20240511,CARD,43608.0,PAID
7000005459,1000005459,20250901,TRANSFER,43451.1,PAID
7000005460,1000005460,20250408,CARD,30240.0,REFUNDED
7000005461,1000005461,20250101,CASH,28459.2,PAID
7000005462,1000005462,20241031,GATEWAY,74952.0,PAID
7000005463,1000005463,20250619,CARD,13314.6,PAID
7000005464,1000005464,20240219,CARD,19350.0,PAID
7000005465,1000005465,20240822,TRANSFER,44467.5,PAID
7000005466,1000005466,20250929,GATEWAY,48024.9,PAID
7000005467,1000005467,20250920,CARD,34485.0,PAID
7000005468,1000005468,20250820,GATEWAY,58108.8,FAILED
7000005469,1000005469,20240730,CARD,15429.6,REFUNDED
7000005470,1000005470,20240717,GATEWAY,40104.0,PAID
7000005471,1000005471,20250220,GATEWAY,46710.6,PAID
7000005472,1000005472,20250217,CARD,60831.3,PAID
7000005473,1000005473,20240501,GATEWAY,79801.92,PAID
7000005474,1000005474,20250524,GATEWAY,16335.0,PAID
7000005475,1000005475,20240410,TRANSFER,12414.6,PAID
7000005476,1000005476,20250512,CARD,50205.0,PAID
7000005477,1000005477,20250825,GATEWAY,14694.0,PAID
7000005478,1000005478,20250525,CARD,17151.75,REFUNDED
7000005479,1000005479,20241027,GATEWAY,17535.0,PAID
7000005480,1000005480,20240309,CASH,31305.12,PAID
7000005481,1000005481,20250810,CASH,39131.4,PAID
7000005482,1000005482,20250428,CARD,14268.0,PAID
7000005483,1000005483,20240416,GATEWAY,89583.24,PAID
7000005484,1000005484,20241209,CARD,17835.0,PAID
7000005485,1000005485,20250206,GATEWAY,37200.0,PAID
7000005486,1000005486,20240401,CARD,15129.6,PAID
7000005487,1000005487,20240717,CASH,29040.0,PAID
7000005488,1000005488,20250606,CARD,77647.8,PAID
7000005489,1000005489,20240816,CARD,15720.0,PAID
7000005490,1000005490,20250621,CASH,62980.5,PAID
7000005491,1000005491,20240625,CARD,50205.0,PAID
7000005492,1000005492,20250206,CASH,49005.0,PAID
7000005493,1000005493,20250428,GATEWAY,44460.0,PAID
7000005494,1000005494,20241102,CARD,27036.0,PAID
7000005495,1000005495,20250528,CARD,43451.1,FAILED
7000005496,1000005496,20250602,CARD,40404.0,PAID
7000005497,1000005497,20241216,GATEWAY,15720.0,PAID
7000005498,1000005498,20250902,CARD,33668.25,FAILED
7000005499,1000005499,20240117,GATEWAY,55405.5,FAILED
7000005500,1000005500,20240828,CASH,28459.2,PAID
7000005501,1000005501,20241215,CARD,17242.5,PAID
7000005502,1000005502,20240630,CARD,18676.35,FAILED
7000005503,1000005503,20250913,GATEWAY,14520.0,PAID
7000005504,1000005504,20240603,CARD,37500.0,PAID
7000005505,1000005505,20250516,CASH,16335.0,PAID
7000005506,1000005506,20240408,CASH,110533.5,PAID
7000005507,1000005507,20240819,GATEWAY,44351.1,PAID
7000005508,1000005508,20240421,CASH,32670.0,PAID
7000005509,1000005509,20241210,CARD,54313.88,PAID
7000005510,1000005510,20250625,GATEWAY,30240.0,PAID
7000005511,1000005511,20250320,CASH,17242.5,PAID
7000005512,1000005512,20240820,GATEWAY,14268.0,PAID
7000005513,1000005513,20250924,TRANSFER,17242.5,PAID
7000005514,1000005514,20240707,CARD,49005.0,PAID
7000005515,1000005515,20241123,CASH,119517.75,PAID
7000005516,1000005516,20250930,CARD,19287.0,PAID
7000005517,1000005517,20240722,GATEWAY,78752.85,PAID
7000005518,1000005518,20250610,CASH,31036.5,REFUNDED
7000005519,1000005519,20250410,CARD,28459.2,PAID
7000005520,1000005520,20240420,GATEWAY,87748.8,PAID
7000005521,1000005521,20250920,CARD,47754.75,PAID
7000005522,1000005522,20240519,GATEWAY,79390.2,PAID
7000005523,1000005523,20240729,GATEWAY,15518.25,PAID
7000005524,1000005524,20250826,GATEWAY,20865.0,PAID
7000005525,1000005525,20250514,CARD,29461.08,PAID
7000005526,1000005526,20240102,GATEWAY,14268.0,PAID
7000005527,1000005527,20250315,CASH,53361.0,PAID
7000005528,1000005528,20240127,CARD,15683.7,PAID
7000005529,1000005529,20240706,GATEWAY,73834.2,FAILED
7000005530,1000005530,20250108,CARD,34485.0,PAID
7000005531,1000005531,20240129,CASH,45738.0,PAID
7000005532,1000005532,20250228,CARD,54450.0,PAID
7000005533,1000005533,20250225,GATEWAY,32670.0,PAID
7000005534,1000005534,20250828,CARD,44823.24,PAID
7000005535,1000005535,20250521,GATEWAY,83108.85,PAID
7000005536,1000005536,20250819,GATEWAY,70414.5,PAID
7000005537,1000005537,20241120,CASH,44866.8,PAID
7000005538,1000005538,20240920,CARD,54861.0,PAID
7000005539,1000005539,20250315,CARD,50457.0,PENDING
7000005540,1000005540,20240702,GATEWAY,20257.5,PAID
7000005541,1000005541,20241123,CARD,76641.0,PAID
7000005542,1000005542,20250506,GATEWAY,57410.55,PAID
7000005543,1000005543,20250412,TRANSFER,27588.0,PAID
7000005544,1000005544,20250424,GATEWAY,13968.0,PAID
7000005545,1000005545,20240107,CARD,12806.64,FAILED
7000005546,1000005546,20240430,GATEWAY,25022.4,PAID
7000005547,1000005547,20241130,GATEWAY,38852.7,PAID
7000005548,1000005548,20250418,CASH,34485.0,PAID
7000005549,1000005549,20240901,CASH,15518.25,PAID
7000005550,1000005550,20240303,CARD,55350.0,FAILED
7000005551,1000005551,20250913,GATEWAY,79245.0,PAID
7000005552,1000005552,20240702,CASH,53996.25,PAID
7000005553,1000005553,20250806,GATEWAY,29040.0,PAID
7000005554,1000005554,20250224,TRANSFER,28459.2,PAID
7000005555,1000005555,20240314,CASH,28459.2,PAID
7000005556,1000005556,20240219,GATEWAY,12961.2,FAILED
7000005557,1000005557,20240401,CARD,36474.0,PAID
7000005558,1000005558,20240712,CARD,15841.08,PAID
7000005559,1000005559,20241005,CASH,13068.0,FAILED
7000005560,1000005560,20250109,CASH,35937.0,REFUNDED
7000005561,1000005561,20240612,CARD,13968.0,PAID
7000005562,1000005562,20250503,CARD,17508.3,PAID
7000005563,1000005563,20250826,CARD,29040.0,FAILED
7000005564,1000005564,20240218,CARD,26136.0,PAID
7000005565,1000005565,20240610,CARD,48811.08,REFUNDED
7000005566,1000005566,20240528,CARD,13968.0,PAID
7000005567,1000005567,20250806,CASH,18150.0,PAID
7000005568,1000005568,20240106,CARD,13794.0,PAID
7000005569,1000005569,20241114,CARD,14229.6,PAID
7000005570,1000005570,20240715,TRANSFER,107811.0,PAID
7000005571,1000005571,20250419,CARD,51727.5,PAID
7000005572,1000005572,20250927,CASH,41164.2,PAID
7000005573,1000005573,20250331,CARD,55650.0,PAID
7000005574,1000005574,20240418,CARD,39204.0,PAID
7000005575,1000005575,20240312,CASH,28459.2,PAID
7000005576,1000005576,20250329,CARD,29882.16,PAID
7000005577,1000005577,20240731,CARD,55213.88,PAID
7000005578,1000005578,20240707,CARD,48024.9,PAID
7000005579,1000005579,20250805,TRANSFER,59532.0,FAILED
7000005580,1000005580,20250428,CARD,33870.0,PAID
7000005581,1000005581,20241222,CARD,62254.5,PAID
7000005582,1000005582,20241220,CASH,13068.0,PAID
7000005583,1000005583,20240211,CARD,58399.2,PAID
7000005584,1000005584,20250304,GATEWAY,33444.0,REFUNDED
7000005585,1000005585,20240217,GATEWAY,28923.6,PAID
7000005586,1000005586,20241225,CARD,17787.0,PAID
7000005587,1000005587,20240723,CARD,30492.0,PAID
7000005588,1000005588,20240818,CASH,18676.35,PAID
7000005589,1000005589,20241003,CARD,60257.76,PAID
7000005590,1000005590,20240727,CARD,28488.0,FAILED
7000005591,1000005591,20240513,CARD,44651.1,PAID
7000005592,1000005592,20240406,CARD,35937.0,PAID
7000005593,1000005593,20250610,CARD,57680.7,PAID
7000005594,1000005594,20240402,CARD,56929.05,PAID
7000005595,1000005595,20250217,CARD,18687.0,PAID
7000005596,1000005596,20250303,GATEWAY,13968.0,PAID
7000005597,1000005597,20241019,CARD,17787.0,PAID
7000005598,1000005598,20241205,GATEWAY,56029.05,PAID
7000005599,1000005599,20241121,GATEWAY,19866.75,PAID
7000005600,1000005600,20241203,CARD,74052.0,PAID
7000005601,1000005601,20250422,GATEWAY,13914.6,PAID
7000005602,1000005602,20250422,CARD,18676.35,PAID
7000005603,1000005603,20240415,CARD,19350.0,PAID
7000005604,1000005604,20240304,GATEWAY,53336.4,PAID
7000005605,1000005605,20250304,CARD,42688.8,PAID
7000005606,1000005606,20240410,GATEWAY,13794.0,PAID
7000005607,1000005607,20240917,CARD,55950.0,FAILED
7000005608,1000005608,20240414,TRANSFER,14520.0,PAID
7000005609,1000005609,20250126,CASH,85395.75,PAID
7000005610,1000005610,20250928,CARD,18442.5,FAILED
7000005611,1000005611,20241029,CASH,94743.0,PAID
7000005612,1000005612,20250708,GATEWAY,35803.5,PAID
7000005613,1000005613,20250526,GATEWAY,31755.0,PAID
7000005614,1000005614,20240824,CARD,14483.7,PAID
7000005615,1000005615,20240705,CARD,80697.0,PAID
7000005616,1000005616,20250416,CASH,54613.35,PAID
7000005617,1000005617,20250712,GATEWAY,14994.0,PAID
7000005618,1000005618,20250404,CASH,98554.5,FAILED
7000005619,1000005619,20240727,CARD,60814.2,PAID
7000005620,1000005620,20240309,GATEWAY,51158.4,PAID
7000005621,1000005621,20250819,GATEWAY,40704.0,PAID
7000005622,1000005622,20250813,GATEWAY,92776.35,PAID
7000005623,1000005623,20250904,CARD,24422.4,PAID
7000005624,1000005624,20241005,CARD,25729.2,PAID
7000005625,1000005625,20240422,GATEWAY,19050.0,PAID
7000005626,1000005626,20250713,TRANSFER,49005.0,REFUNDED
7000005627,1000005627,20240403,CASH,84942.0,PAID
7000005628,1000005628,20250919,GATEWAY,61395.0,PAID
7000005629,1000005629,20241231,CARD,73863.24,PAID
7000005630,1000005630,20250307,GATEWAY,16373.4,PAID
7000005631,1000005631,20241229,CARD,44104.5,PAID
7000005632,1000005632,20250826,GATEWAY,81386.7,PAID
7000005633,1000005633,20241016,CARD,32781.0,PAID
7000005634,1000005634,20241121,CARD,42688.8,FAILED
7000005635,1000005635,20250609,CARD,57528.0,PAID
7000005636,1000005636,20241206,GATEWAY,44460.0,PAID
7000005637,1000005637,20250629,CARD,118265.4,PAID
7000005638,1000005638,20250521,GATEWAY,54778.8,PAID
7000005639,1000005639,20241122,CASH,36300.0,PAID
7000005640,1000005640,20240128,CASH,84107.1,PAID
7000005641,1000005641,20240719,GATEWAY,13068.0,PAID
7000005642,1000005642,20240911,CARD,15173.4,PAID
7000005643,1000005643,20250814,GATEWAY,43888.8,PAID
7000005644,1000005644,20240310,CARD,38833.5,PAID
7000005645,1000005645,20240516,CARD,60504.6,PAID
7000005646,1000005646,20240325,GATEWAY,34487.1,PAID
7000005647,1000005647,20250502,CARD,27036.0,PAID
7000005648,1000005648,20240725,CARD,52627.5,PAID
7000005649,1000005649,20240420,TRANSFER,13794.0,PAID
7000005650,1000005650,20250805,CARD,83601.0,PAID
7000005651,1000005651,20250810,CARD,14694.0,PAID
7000005652,1000005652,20240719,TRANSFER,57208.8,FAILED
7000005653,1000005653,20250605,CARD,29403.0,PAID
7000005654,1000005654,20240118,CARD,38419.92,FAILED
7000005655,1000005655,20240330,CARD,29214.0,PAID
7000005656,1000005656,20241115,CARD,14268.0,PAID
7000005657,1000005657,20241008,CASH,34485.0,PAID
7000005658,1000005658,20250315,CARD,88209.0,PAID
7000005659,1000005659,20241024,CASH,32016.6,PAID
7000005660,1000005660,20240223,GATEWAY,78763.5,PAID
7000005661,1000005661,20250709,CARD,52201.5,REFUNDED
7000005662,1000005662,20250304,CASH,34485.0,PAID
7000005663,1000005663,20250521,CASH,86466.6,PAID
7000005664,1000005664,20240405,CARD,14701.5,PAID
7000005665,1000005665,20240130,CARD,43317.6,PENDING
7000005666,1000005666,20240720,CARD,37437.0,PAID
7000005667,1000005667,20250405,CASH,29403.0,PAID
7000005668,1000005668,20250905,CARD,36300.0,PAID
7000005669,1000005669,20250322,GATEWAY,87712.5,PAID
7000005670,1000005670,20250124,CARD,52998.0,FAILED
7000005671,1000005671,20250124,CARD,32205.12,PENDING
7000005672,1000005672,20250322,CASH,26136.0,PAID
7000005673,1000005673,20240322,TRANSFER,28459.2,PAID
7000005674,1000005674,20250206,CARD,51727.5,REFUNDED
7000005675,1000005675,20240331,GATEWAY,14694.0,PAID
7000005676,1000005676,20250617,CASH,49005.0,PAID
7000005677,1000005677,20240603,GATEWAY,80912.7,PAID
7000005678,1000005678,20250606,CARD,67881.0,PAID
7000005679,1000005679,20250524,TRANSFER,69877.5,PAID
7000005680,1000005680,20250319,GATEWAY,28942.8,PAID
7000005681,1000005681,20250816,CARD,41382.0,PAID
7000005682,1000005682,20241123,GATEWAY,54450.0,PAID
7000005683,1000005683,20241102,CARD,14568.0,PAID
7000005684,1000005684,20240531,CASH,48279.0,PAID
7000005685,1000005685,20241126,GATEWAY,55350.0,PAID
7000005686,1000005686,20240108,GATEWAY,39204.0,PAID
7000005687,1000005687,20240731,GATEWAY,29359.2,PAID
7000005688,1000005688,20240515,CARD,13968.0,PAID
7000005689,1000005689,20240731,CARD,47988.6,PAID
7000005690,1000005690,20250716,CARD,27588.0,PENDING
7000005691,1000005691,20250111,CASH,17151.75,PAID
7000005692,1000005692,20250819,CARD,13794.0,FAILED
7000005693,1000005693,20240721,CARD,27036.0,PAID
7000005694,1000005694,20240512,CARD,72926.7,PAID
7000005695,1000005695,20240219,CARD,13068.0,PAID
7000005696,1000005696,20241012,CARD,64614.0,REFUNDED
7000005697,1000005697,20241108,GATEWAY,14994.0,PAID
7000005698,1000005698,20250211,CARD,15841.08,PAID
7000005699,1000005699,20250525,CARD,33144.0,PAID
7000005700,1000005700,20240802,GATEWAY,59788.2,FAILED
7000005701,1000005701,20250117,CARD,45738.0,REFUNDED
7000005702,1000005702,20240101,CASH,18150.0,PAID
7000005703,1000005703,20240609,CARD,13314.6,PAID
7000005704,1000005704,20241011,CASH,12414.6,PAID
7000005705,1000005705,20241115,CASH,78262.8,PAID
7000005706,1000005706,20240817,CARD,53172.0,PAID
7000005707,1000005707,20250719,TRANSFER,69696.0,FAILED
7000005708,1000005708,20250318,CARD,42282.0,PAID
7000005709,1000005709,20240301,CARD,26813.28,FAILED
7000005710,1000005710,20250627,GATEWAY,24722.4,PAID
7000005711,1000005711,20241206,CARD,51727.5,PAID
7000005712,1000005712,20240711,GATEWAY,30240.0,PAID
7000005713,1000005713,20250206,GATEWAY,51003.6,PAID
7000005714,1000005714,20250502,GATEWAY,39319.92,PAID
7000005715,1000005715,20240407,CARD,43124.4,PENDING
7000005716,1000005716,20240110,CARD,83758.62,PAID
7000005717,1000005717,20250826,CARD,57172.5,PAID
7000005718,1000005718,20250526,CARD,33570.0,PENDING
7000005719,1000005719,20250919,GATEWAY,33870.0,PENDING
7000005720,1000005720,20241206,CARD,56555.4,PAID
7000005721,1000005721,20250909,CARD,28459.2,PAID
7000005722,1000005722,20241113,CARD,39349.2,PAID
7000005723,1000005723,20240916,CASH,30346.8,PAID
7000005724,1000005724,20240716,CARD,42688.8,PAID
7000005725,1000005725,20241121,GATEWAY,29659.2,REFUNDED
7000005726,1000005726,20240428,CARD,44460.0,FAILED
7000005727,1000005727,20240106,GATEWAY,43172.4,PAID
7000005728,1000005728,20240310,GATEWAY,50205.0,PAID
7000005729,1000005729,20240831,CARD,27036.0,PAID
7000005730,1000005730,20241206,CARD,38143.8,PAID
7000005731,1000005731,20240510,TRANSFER,39204.0,PAID
7000005732,1000005732,20240325,CARD,18442.5,FAILED
7000005733,1000005733,20240110,GATEWAY,46323.24,FAILED
7000005734,1000005734,20240803,GATEWAY,47845.5,PAID
7000005735,1000005735,20240223,CARD,39204.0,PAID
7000005736,1000005736,20240815,CASH,31305.12,PAID
7000005737,1000005737,20250406,CARD,77367.0,PAID
7000005738,1000005738,20240816,CARD,35929.5,PAID
7000005739,1000005739,20250719,CARD,14694.0,REFUNDED
7000005740,1000005740,20250831,CARD,44460.0,PAID
7000005741,1000005741,20250105,GATEWAY,47601.0,PAID
7000005742,1000005742,20250806,CARD,20176.35,PAID
7000005743,1000005743,20250105,CARD,40031.4,FAILED
7000005744,1000005744,20241205,CASH,32125.5,PAID
7000005745,1000005745,20240901,TRANSFER,51727.5,PAID
7000005746,1000005746,20240811,GATEWAY,28488.0,REFUNDED
7000005747,1000005747,20240710,TRANSFER,73093.68,PAID
7000005748,1000005748,20250525,CARD,109128.45,PAID
7000005749,1000005749,20240322,GATEWAY,33516.6,PAID
7000005750,1000005750,20241111,CARD,27336.0,PAID
7000005751,1000005751,20240609,CARD,17242.5,FAILED
7000005752,1000005752,20240912,GATEWAY,29867.4,PAID
7000005753,1000005753,20250405,CASH,14229.6,PAID
7000005754,1000005754,20250307,GATEWAY,44324.4,PAID
7000005755,1000005755,20240808,CARD,87120.0,PAID
7000005756,1000005756,20240405,CARD,39204.0,PAID
7000005757,1000005757,20240525,TRANSFER,43923.0,PAID
7000005758,1000005758,20250626,CASH,41382.0,PAID
7000005759,1000005759,20240701,CASH,14483.7,PAID
7000005760,1000005760,20240224,CARD,14229.6,PAID
7000005761,1000005761,20241211,CARD,14568.0,PAID
7000005762,1000005762,20250105,CARD,41382.0,PAID
7000005763,1000005763,20250405,CARD,43148.28,PAID
7000005764,1000005764,20250724,CARD,39204.0,PAID
7000005765,1000005765,20241124,CASH,51110.4,PAID
7000005766,1000005766,20240607,CARD,44760.0,PAID
7000005767,1000005767,20250902,GATEWAY,13068.0,PAID
7000005768,1000005768,20250326,GATEWAY,55105.5,PAID
7000005769,1000005769,20240101,CARD,18987.0,REFUNDED
7000005770,1000005770,20241026,GATEWAY,37200.0,PAID
7000005771,1000005771,20240116,GATEWAY,55350.0,PAID
7000005772,1000005772,20250905,GATEWAY,29940.0,PAID
7000005773,1000005773,20250209,CARD,40704.0,PAID
7000005774,1000005774,20241122,GATEWAY,14994.0,PAID
7000005775,1000005775,20250718,TRANSFER,28749.6,PAID
7000005776,1000005776,20241004,TRANSFER,28459.2,PENDING
7000005777,1000005777,20250403,CARD,48642.0,PAID
7000005778,1000005778,20250810,CARD,14520.0,PAID
7000005779,1000005779,20240427,CASH,15246.0,PAID
7000005780,1000005780,20250918,CARD,27036.0,PAID
7000005781,1000005781,20240701,GATEWAY,20557.5,PAID
7000005782,1000005782,20241019,CASH,33359.7,PAID
7000005783,1000005783,20240601,CASH,26136.0,FAILED
7000005784,1000005784,20250116,GATEWAY,15720.0,PAID
7000005785,1000005785,20240928,CARD,28488.0,PAID
7000005786,1000005786,20240505,GATEWAY,15429.6,PAID
7000005787,1000005787,20250121,TRANSFER,13794.0,PAID
7000005788,1000005788,20250407,CARD,30240.0,PAID
7000005789,1000005789,20240117,CARD,76404.0,PAID
7000005790,1000005790,20250607,CARD,15429.6,PAID
7000005791,1000005791,20240810,TRANSFER,14941.08,REFUNDED
7000005792,1000005792,20250912,CARD,15420.0,PAID
7000005793,1000005793,20250401,GATEWAY,90770.25,PAID
7000005794,1000005794,20250602,CARD,39204.0,PAID
7000005795,1000005795,20250807,GATEWAY,54561.0,PAID
7000005796,1000005796,20240910,CARD,33870.0,PAID
7000005797,1000005797,20240125,CARD,44576.16,PAID
7000005798,1000005798,20240714,CARD,47754.75,PAID
7000005799,1000005799,20240809,CARD,40704.0,PAID
7000005800,1000005800,20240201,CARD,46023.24,PAID
7000005801,1000005801,20250706,CARD,26136.0,PAID
7000005802,1000005802,20250820,CASH,35574.0,PAID
7000005803,1000005803,20240329,CARD,109800.0,PAID
7000005804,1000005804,20240527,CARD,18687.0,PAID
7000005805,1000005805,20240903,CASH,41382.0,PAID
7000005806,1000005806,20250419,CARD,13706.64,REFUNDED
7000005807,1000005807,20250520,CARD,29867.4,PAID
7000005808,1000005808,20241105,CARD,35685.0,PAID
7000005809,1000005809,20240812,CARD,28488.0,PAID
7000005810,1000005810,20240328,GATEWAY,39523.2,PAID
7000005811,1000005811,20240219,CARD,54805.5,FAILED
7000005812,1000005812,20240607,GATEWAY,27636.0,PAID
7000005813,1000005813,20241110,GATEWAY,73035.6,REFUNDED
7000005814,1000005814,20250613,CARD,71985.0,PAID
7000005815,1000005815,20250315,CARD,27036.0,PAID
7000005816,1000005816,20250612,CARD,41382.0,PAID
7000005817,1000005817,20250329,CARD,30492.0,PAID
7000005818,1000005818,20241202,CARD,24422.4,PAID
7000005819,1000005819,20241127,CARD,44760.0,PAID
7000005820,1000005820,20250716,GATEWAY,32962.5,PAID
7000005821,1000005821,20240321,GATEWAY,30240.0,PAID
7000005822,1000005822,20241025,GATEWAY,28909.08,PAID
7000005823,1000005823,20240324,GATEWAY,30240.0,PAID
7000005824,1000005824,20250730,CARD,40404.0,PAID
7000005825,1000005825,20241117,CARD,35574.0,PAID
7000005826,1000005826,20250210,GATEWAY,18442.5,PAID
7000005827,1000005827,20250415,CARD,54561.0,PAID
7000005828,1000005828,20250414,CARD,44460.0,PAID
7000005829,1000005829,20240308,CASH,12414.6,PENDING
7000005830,1000005830,20240717,CASH,60475.8,PAID
7000005831,1000005831,20240409,CARD,30782.16,PAID
7000005832,1000005832,20240312,CARD,52687.92,PAID
7000005833,1000005833,20240911,GATEWAY,31546.8,PAID
7000005834,1000005834,20240723,GATEWAY,15972.0,PAID
7000005835,1000005835,20240325,GATEWAY,51929.25,PAID
7000005836,1000005836,20250915,CARD,14268.0,PAID
7000005837,1000005837,20241114,CASH,39204.0,PAID
7000005838,1000005838,20250416,CARD,39204.0,PAID
7000005839,1000005839,20250223,CASH,17242.5,PAID
7000005840,1000005840,20250830,GATEWAY,43560.0,PAID
7000005841,1000005841,20250824,CARD,31036.5,PAID
7000005842,1000005842,20240725,CASH,42688.8,PAID
7000005843,1000005843,20250522,CARD,17242.5,PAID
7000005844,1000005844,20250202,CARD,54261.0,PAID
7000005845,1000005845,20240717,CARD,70024.8,PAID
7000005846,1000005846,20240506,GATEWAY,13068.0,PAID
7000005847,1000005847,20241030,CARD,80803.8,PAID
7000005848,1000005848,20250401,CARD,54050.7,FAILED
7000005849,1000005849,20240416,CARD,62236.35,PAID
7000005850,1000005850,20250831,CARD,75358.8,PAID
7000005851,1000005851,20240819,CARD,40830.0,PAID
7000005852,1000005852,20240425,CARD,53361.0,PAID
7000005853,1000005853,20250507,GATEWAY,29359.2,PAID
7000005854,1000005854,20250919,GATEWAY,88341.78,PAID
7000005855,1000005855,20250826,GATEWAY,43588.8,PAID
7000005856,1000005856,20250115,CARD,61303.2,PAID
7000005857,1000005857,20250111,CARD,53361.0,PAID
7000005858,1000005858,20240222,CARD,30903.0,PAID
7000005859,1000005859,20250217,CASH,42688.8,PAID
7000005860,1000005860,20241020,CASH,74778.0,PAID
7000005861,1000005861,20250626,CASH,17787.0,PAID
7000005862,1000005862,20240731,GATEWAY,72348.0,FAILED
7000005863,1000005863,20240929,CARD,13968.0,PAID
7000005864,1000005864,20240418,TRANSFER,53361.0,PAID
7000005865,1000005865,20250107,CASH,97411.05,PAID
7000005866,1000005866,20240829,TRANSFER,39204.0,FAILED
7000005867,1000005867,20250212,CARD,33216.6,FAILED
7000005868,1000005868,20240907,CASH,13794.0,PAID
7000005869,1000005869,20241007,CASH,38419.92,PAID
7000005870,1000005870,20250106,CASH,13794.0,PAID
7000005871,1000005871,20250414,CARD,44104.5,PENDING
7000005872,1000005872,20240719,CARD,15129.6,PAID
7000005873,1000005873,20240606,CARD,14994.0,PAID
7000005874,1000005874,20250605,CARD,93619.8,PAID
7000005875,1000005875,20250212,CARD,54379.5,PAID
7000005876,1000005876,20250701,CASH,43560.0,PAID
7000005877,1000005877,20240317,GATEWAY,33870.0,PAID
7000005878,1000005878,20240915,CASH,39857.4,PAID
7000005879,1000005879,20250706,CASH,28459.2,PAID
7000005880,1000005880,20241118,CARD,59488.2,PAID
7000005881,1000005881,20240625,CARD,86394.0,PAID
7000005882,1000005882,20240924,CASH,36209.25,PAID
7000005883,1000005883,20240921,GATEWAY,71985.0,PAID
7000005884,1000005884,20240409,GATEWAY,44460.0,PAID
7000005885,1000005885,20240118,CARD,17535.0,FAILED
7000005886,1000005886,20240621,CASH,26862.0,PAID
7000005887,1000005887,20240712,CARD,27336.0,PAID
7000005888,1000005888,20250706,GATEWAY,19350.0,PAID
7000005889,1000005889,20250803,GATEWAY,71985.0,PAID
7000005890,1000005890,20240521,CARD,28459.2,PAID
7000005891,1000005891,20240118,CARD,18966.75,PAID
7000005892,1000005892,20240528,CASH,47916.0,REFUNDED
7000005893,1000005893,20250223,CARD,14520.0,REFUNDED
7000005894,1000005894,20250725,CARD,29040.0,PENDING
7000005895,1000005895,20240808,GATEWAY,31036.5,PAID
7000005896,1000005896,20240317,GATEWAY,27036.0,PAID
7000005897,1000005897,20240716,CASH,105905.25,PAID
7000005898,1000005898,20240731,CASH,54313.88,REFUNDED
7000005899,1000005899,20250228,GATEWAY,50205.0,PAID
7000005900,1000005900,20241029,GATEWAY,49905.0,PAID
7000005901,1000005901,20241021,GATEWAY,43789.5,PAID
7000005902,1000005902,20240918,CARD,67982.4,PAID
7000005903,1000005903,20250607,CARD,35385.0,PAID
7000005904,1000005904,20240410,CARD,60722.4,PAID
7000005905,1000005905,20240517,CARD,15294.0,PAID
7000005906,1000005906,20250108,CASH,41382.0,PAID
7000005907,1000005907,20240610,CARD,75443.1,PAID
7000005908,1000005908,20240513,CASH,27588.0,FAILED
7000005909,1000005909,20250511,CARD,19957.5,PAID
7000005910,1000005910,20240314,CARD,30492.0,FAILED
7000005911,1000005911,20250615,CASH,55495.44,PAID
7000005912,1000005912,20241223,CASH,31218.0,PAID
7000005913,1000005913,20240809,CASH,32670.0,PENDING
7000005914,1000005914,20241214,GATEWAY,38252.7,PAID
7000005915,1000005915,20250427,CARD,19004.62,PAID
7000005916,1000005916,20250529,CARD,48279.0,PAID
7000005917,1000005917,20241023,GATEWAY,69870.0,PAID
7000005918,1000005918,20240223,TRANSFER,53361.0,PAID
7000005919,1000005919,20240723,GATEWAY,37074.0,PAID
7000005920,1000005920,20250907,GATEWAY,15720.0,REFUNDED
7000005921,1000005921,20250529,CARD,77212.2,PAID
7000005922,1000005922,20250903,CARD,51231.0,PAID
7000005923,1000005923,20241001,CARD,46554.75,PAID
7000005924,1000005924,20250819,CASH,17242.5,PENDING
7000005925,1000005925,20250115,CARD,16146.0,PAID
7000005926,1000005926,20240905,CASH,11761.2,PAID
7000005927,1000005927,20250805,CASH,35574.0,PAID
7000005928,1000005928,20241212,CASH,52090.5,PAID
7000005929,1000005929,20250422,CARD,35685.0,FAILED
7000005930,1000005930,20250413,CARD,64759.2,PAID
7000005931,1000005931,20240501,CARD,19287.0,PAID
7000005932,1000005932,20250519,CARD,43923.0,PAID
7000005933,1000005933,20250125,CARD,80368.2,PAID
7000005934,1000005934,20250527,CARD,25613.28,PAID
7000005935,1000005935,20250826,TRANSFER,26136.0,PAID
7000005936,1000005936,20241014,CARD,59643.0,PAID
7000005937,1000005937,20250415,CARD,15720.0,FAILED
7000005938,1000005938,20250329,GATEWAY,15420.0,PAID
7000005939,1000005939,20250216,CASH,87120.0,PAID
7000005940,1000005940,20241013,CARD,40104.0,PAID
7000005941,1000005941,20241123,CARD,37800.0,PAID
7000005942,1000005942,20250923,CARD,34485.0,PAID
7000005943,1000005943,20240918,TRANSFER,52453.5,PAID
7000005944,1000005944,20240224,CARD,31692.0,PAID
7000005945,1000005945,20240202,GATEWAY,66973.5,PAID
7000005946,1000005946,20240218,CARD,31036.5,PAID
7000005947,1000005947,20250413,CARD,29882.16,PAID
7000005948,1000005948,20241006,CARD,18987.0,PAID
7000005949,1000005949,20250827,CARD,34170.0,PAID
7000005950,1000005950,20241215,GATEWAY,31959.33,PAID
7000005951,1000005951,20250330,GATEWAY,37437.0,FAILED
7000005952,1000005952,20250709,CARD,28488.0,PAID
7000005953,1000005953,20250126,CARD,17835.0,PAID
7000005954,1000005954,20250403,CASH,28459.2,PAID
7000005955,1000005955,20240125,CARD,14006.64,PAID
7000005956,1000005956,20240807,CARD,45004.5,PAID
7000005957,1000005957,20250801,GATEWAY,72919.2,FAILED
7000005958,1000005958,20240805,CARD,25613.28,PAID
7000005959,1000005959,20250425,CARD,75141.0,FAILED
7000005960,1000005960,20250125,CASH,35574.0,PAID
7000005961,1000005961,20250906,CARD,45060.0,PAID
7000005962,1000005962,20240129,CASH,81566.1,PAID
7000005963,1000005963,20240914,CARD,62438.1,PAID
7000005964,1000005964,20240118,CARD,24829.2,PAID
7000005965,1000005965,20241204,CARD,70351.5,PAID
7000005966,1000005966,20250527,CARD,30240.0,PAID
7000005967,1000005967,20250812,CARD,69260.4,PAID
7000005968,1000005968,20250318,CASH,29040.0,PAID
7000005969,1000005969,20250920,CARD,14520.0,PAID
7000005970,1000005970,20250805,GATEWAY,40704.0,PAID
7000005971,1000005971,20250604,GATEWAY,40104.0,PAID
7000005972,1000005972,20240715,GATEWAY,27036.0,PAID
7000005973,1000005973,20241204,CARD,19050.0,PAID
7000005974,1000005974,20240823,CASH,11761.2,PAID
7000005975,1000005975,20241023,CARD,29359.2,PAID
7000005976,1000005976,20250605,CARD,57172.5,PAID
7000005977,1000005977,20241219,GATEWAY,44188.8,PAID
7000005978,1000005978,20250422,GATEWAY,58951.2,PAID
7000005979,1000005979,20240506,GATEWAY,33870.0,PAID
7000005980,1000005980,20241024,CASH,35283.6,PAID
7000005981,1000005981,20250601,CASH,24829.2,PAID
7000005982,1000005982,20240206,CARD,17787.0,PAID
7000005983,1000005983,20241212,CARD,42882.0,PAID
7000005984,1000005984,20250512,CASH,48024.9,PAID
7000005985,1000005985,20250222,CASH,12414.6,REFUNDED
7000005986,1000005986,20240218,CARD,61131.3,PAID
7000005987,1000005987,20250614,CASH,112275.9,PAID
7000005988,1000005988,20250702,CARD,64388.7,FAILED
7000005989,1000005989,20250302,CASH,13721.4,PAID
7000005990,1000005990,20240811,TRANSFER,17242.5,PAID
7000005991,1000005991,20250207,GATEWAY,38852.7,PAID
7000005992,1000005992,20250131,CARD,19565.7,PAID
7000005993,1000005993,20250801,GATEWAY,40104.0,FAILED
7000005994,1000005994,20240921,CASH,13068.0,PAID
7000005995,1000005995,20250925,GATEWAY,35985.0,PAID
7000005996,1000005996,20240212,CARD,85305.0,PAID
7000005997,1000005997,20250424,CARD,29959.2,FAILED
7000005998,1000005998,20240509,CASH,123057.0,PAID
7000005999,1000005999,20241229,CARD,55213.88,PAID
7000006000,1000006000,20240126,TRANSFER,104943.3,PAID
7000006001,1000006001,20250411,CARD,14520.0,REFUNDED
7000006002,1000006002,20240719,CARD,44760.0,PAID
7000006003,1000006003,20240930,GATEWAY,24422.4,PAID
7000006004,1000006004,20240726,CARD,12414.6,PAID
7000006005,1000006005,20240204,CARD,28459.2,PAID
7000006006,1000006006,20240302,GATEWAY,77938.2,PAID
7000006007,1000006007,20250304,CARD,55553.28,PAID
7000006008,1000006008,20241210,CARD,31464.6,PAID
7000006009,1000006009,20250322,CARD,35203.5,PAID
7000006010,1000006010,20241227,CARD,43560.0,PAID
7000006011,1000006011,20240609,CARD,30855.0,PAID
7000006012,1000006012,20240520,GATEWAY,43588.8,FAILED
7000006013,1000006013,20241113,CARD,92530.8,PAID
7000006014,1000006014,20241026,CASH,27588.0,PAID
7000006015,1000006015,20240727,CARD,60766.2,PAID
7000006016,1000006016,20250601,CARD,27336.0,PAID
7000006017,1000006017,20241211,CARD,55350.0,PAID
7000006018,1000006018,20250407,CARD,58762.2,PAID
7000006019,1000006019,20240306,CARD,25613.28,PAID
7000006020,1000006020,20250416,CARD,19350.0,FAILED
7000006021,1000006021,20250826,CARD,35937.0,PAID
7000006022,1000006022,20240813,CARD,12661.2,PAID
7000006023,1000006023,20250131,GATEWAY,41382.0,PAID
7000006024,1000006024,20250319,CARD,41164.2,PAID
7000006025,1000006025,20250609,CARD,35685.0,PAID
7000006026,1000006026,20240816,CARD,16008.3,PAID
7000006027,1000006027,20250619,CARD,14483.7,FAILED
7000006028,1000006028,20250301,CARD,83092.8,PAID
7000006029,1000006029,20240611,CARD,14268.0,PAID
7000006030,1000006030,20241122,CARD,20865.0,PAID
7000006031,1000006031,20250106,GATEWAY,59806.35,PAID
7000006032,1000006032,20250414,CARD,69780.3,FAILED
7000006033,1000006033,20241106,GATEWAY,25729.2,PAID
7000006034,1000006034,20250308,GATEWAY,29940.0,PAID
7000006035,1000006035,20240525,GATEWAY,37409.25,PAID
7000006036,1000006036,20250924,CARD,80586.0,FAILED
7000006037,1000006037,20250903,CASH,36300.0,PAID
7000006038,1000006038,20250210,CARD,43888.8,PAID
7000006039,1000006039,20240127,CARD,27336.0,PAID
7000006040,1000006040,20240406,CARD,50205.0,PAID
7000006041,1000006041,20250512,CASH,43451.1,FAILED
7000006042,1000006042,20250726,CASH,77464.2,PAID
7000006043,1000006043,20241028,CASH,13721.4,PAID
7000006044,1000006044,20240115,CARD,64988.7,PAID
7000006045,1000006045,20250515,CASH,82165.05,PAID
7000006046,1000006046,20240812,TRANSFER,43560.0,PAID
7000006047,1000006047,20240331,GATEWAY,54261.0,PAID
7000006048,1000006048,20241209,CARD,75141.0,PAID
7000006049,1000006049,20240808,CARD,14229.6,PAID
7000006050,1000006050,20240402,CARD,14268.0,PAID
7000006051,1000006051,20240218,GATEWAY,65523.6,PAID
7000006052,1000006052,20250101,CASH,103455.0,PENDING
7000006053,1000006053,20250827,CARD,26136.0,PAID
7000006054,1000006054,20250818,CARD,37109.25,PAID
7000006055,1000006055,20250919,CARD,49542.0,PAID
7000006056,1000006056,20250911,CASH,36300.0,PAID
7000006057,1000006057,20250721,CARD,75552.0,PAID
7000006058,1000006058,20240911,TRANSFER,14229.6,PAID
7000006059,1000006059,20241222,CASH,34485.0,PAID
7000006060,1000006060,20250303,CASH,48024.9,PAID
7000006061,1000006061,20240318,CASH,113764.2,PAID
7000006062,1000006062,20240102,CARD,12661.2,PAID
7000006063,1000006063,20240131,CARD,52310.4,PAID
7000006064,1000006064,20250918,CASH,26136.0,PAID
7000006065,1000006065,20240711,CARD,69744.0,PAID
7000006066,1000006066,20240609,CARD,12414.6,FAILED
7000006067,1000006067,20241012,CARD,74596.5,PAID
7000006068,1000006068,20240624,CASH,39204.0,PAID
7000006069,1000006069,20250406,GATEWAY,16201.5,PAID
7000006070,1000006070,20250508,CARD,43560.0,PAID
7000006071,1000006071,20241014,TRANSFER,59023.8,PAID
7000006072,1000006072,20250811,GATEWAY,32505.12,PAID
7000006073,1000006073,20250601,GATEWAY,85188.6,PAID
7000006074,1000006074,20241230,CARD,48714.6,PAID
7000006075,1000006075,20241220,CARD,57800.25,PAID
7000006076,1000006076,20250614,CASH,45375.0,FAILED
7000006077,1000006077,20240117,CASH,11761.2,PENDING
7000006078,1000006078,20250117,CARD,70857.6,PAID
7000006079,1000006079,20241214,CARD,48191.64,FAILED
7000006080,1000006080,20250619,CARD,47117.4,PAID
7000006081,1000006081,20241221,CARD,18351.75,PAID
7000006082,1000006082,20240126,CASH,58697.1,PAID
7000006083,1000006083,20240617,CARD,39204.0,PAID
7000006084,1000006084,20240305,CARD,27588.0,PAID
7000006085,1000006085,20241221,CARD,31692.0,PAID
7000006086,1000006086,20250328,CARD,26329.2,PAID
7000006087,1000006087,20240502,CASH,84324.9,PAID
7000006088,1000006088,20241011,TRANSFER,16008.3,PENDING
7000006089,1000006089,20250928,CASH,27442.8,PAID
7000006090,1000006090,20250116,CASH,68244.0,PAID
7000006091,1000006091,20241128,GATEWAY,77328.36,PAID
7000006092,1000006092,20240421,CARD,39204.0,PAID
7000006093,1000006093,20250519,CASH,42688.8,PAID
7000006094,1000006094,20250630,CARD,55513.88,PAID
7000006095,1000006095,20250406,CASH,14229.6,PAID
7000006096,1000006096,20250714,CARD,17535.0,PAID
7000006097,1000006097,20250812,CASH,45738.0,PAID
7000006098,1000006098,20240801,GATEWAY,15720.0,PAID
7000006099,1000006099,20250324,CARD,54261.0,PAID
7000006100,1000006100,20240702,GATEWAY,44188.8,PAID
7000006101,1000006101,20240416,GATEWAY,79462.8,PAID
7000006102,1000006102,20240403,GATEWAY,52927.5,PAID
7000006103,1000006103,20240619,CARD,29403.0,PAID
7000006104,1000006104,20250915,CARD,86958.75,PAID
7000006105,1000006105,20250819,TRANSFER,13794.0,PAID
7000006106,1000006106,20250924,TRANSFER,19057.5,PAID
7000006107,1000006107,20240926,GATEWAY,56929.05,PAID
7000006108,1000006108,20240607,GATEWAY,29088.0,PAID
7000006109,1000006109,20250521,CASH,42688.8,PAID
7000006110,1000006110,20241224,CARD,39204.0,PENDING
7000006111,1000006111,20240118,CARD,43588.8,PAID
7000006112,1000006112,20250529,CASH,41454.6,PAID
7000006113,1000006113,20240903,CARD,33570.0,PAID
7000006114,1000006114,20241119,CARD,35574.0,PAID
7000006115,1000006115,20250916,GATEWAY,19004.62,PAID
7000006116,1000006116,20240902,GATEWAY,16335.0,PAID
7000006117,1000006117,20240703,CARD,50674.8,PAID
7000006118,1000006118,20240826,CARD,29959.2,PENDING
7000006119,1000006119,20240831,CARD,12414.6,FAILED
7000006120,1000006120,20250316,CARD,35503.5,PAID
7000006121,1000006121,20240313,GATEWAY,58072.5,PAID
7000006122,1000006122,20240725,GATEWAY,29940.0,PAID
7000006123,1000006123,20241213,CARD,79608.0,PAID
7000006124,1000006124,20250207,CARD,19350.0,PAID
7000006125,1000006125,20241129,CARD,39233.85,PAID
7000006126,1000006126,20241118,CARD,18987.0,PAID
7000006127,1000006127,20241024,CASH,49005.0,PAID
7000006128,1000006128,20240425,GATEWAY,71622.0,FAILED
7000006129,1000006129,20241022,GATEWAY,68718.0,PAID
7000006130,1000006130,20240924,GATEWAY,16446.0,PAID
7000006131,1000006131,20240213,CARD,32236.5,FAILED
7000006132,1000006132,20250323,CARD,37137.0,PAID
7000006133,1000006133,20240519,CARD,30240.0,PAID
7000006134,1000006134,20250603,CASH,35283.6,REFUNDED
7000006135,1000006135,20240330,CARD,35385.0,FAILED
7000006136,1000006136,20241007,CARD,25729.2,PENDING
7000006137,1000006137,20240805,GATEWAY,35685.0,PAID
7000006138,1000006138,20250418,CASH,14229.6,PAID
7000006139,1000006139,20240628,CASH,53179.5,PAID
7000006140,1000006140,20240305,CARD,58554.0,PAID
7000006141,1000006141,20250417,TRANSFER,28459.2,PAID
7000006142,1000006142,20240703,CARD,54261.0,PAID
7000006143,1000006143,20240504,CARD,71874.0,REFUNDED
7000006144,1000006144,20250206,CARD,42282.0,PAID
7000006145,1000006145,20250804,CARD,110344.5,PAID
7000006146,1000006146,20250326,CASH,18150.0,FAILED
7000006147,1000006147,20240509,CASH,66429.0,PAID
7000006148,1000006148,20250411,CARD,79182.0,PAID
7000006149,1000006149,20250823,CASH,41382.0,PAID
7000006150,1000006150,20240114,CARD,52627.5,PAID
7000006151,1000006151,20250109,GATEWAY,89709.0,FAILED
7000006152,1000006152,20240626,CARD,77623.92,FAILED
7000006153,1000006153,20240814,CARD,49905.0,PAID
7000006154,1000006154,20240225,CARD,14520.0,PAID
7000006155,1000006155,20240927,CASH,47291.64,PAID
7000006156,1000006156,20250407,CARD,97032.0,PAID
7000006157,1000006157,20240408,CARD,53724.0,PAID
7000006158,1000006158,20240504,CARD,29461.08,PAID
7000006159,1000006159,20240818,GATEWAY,77430.0,PAID
7000006160,1000006160,20250530,CARD,33444.0,PAID
7000006161,1000006161,20240208,CARD,29088.0,PAID
7000006162,1000006162,20240922,GATEWAY,39204.0,PAID
7000006163,1000006163,20250616,CASH,42688.8,PAID
7000006164,1000006164,20250410,GATEWAY,15383.7,PAID
7000006165,1000006165,20250930,GATEWAY,123785.1,PAID
7000006166,1000006166,20240818,CASH,57172.5,PAID
7000006167,1000006167,20240412,CARD,26136.0,PAID
7000006168,1000006168,20240317,GATEWAY,49116.0,PAID
7000006169,1000006169,20240925,CARD,33570.0,PAID
7000006170,1000006170,20250516,CARD,32236.5,PAID
7000006171,1000006171,20240703,GATEWAY,18742.5,PAID
7000006172,1000006172,20240302,GATEWAY,37137.0,PAID
7000006173,1000006173,20240622,CASH,35283.6,PENDING
7000006174,1000006174,20240513,GATEWAY,44460.0,PAID
7000006175,1000006175,20250317,CARD,17508.3,PAID
7000006176,1000006176,20240701,CARD,27336.0,PAID
7000006177,1000006177,20250421,CARD,16146.0,PAID
7000006178,1000006178,20250610,CARD,55950.0,PAID
7000006179,1000006179,20240904,CARD,52627.5,PAID
7000006180,1000006180,20240909,CARD,77623.92,PAID
7000006181,1000006181,20240303,GATEWAY,57646.5,PAID
7000006182,1000006182,20250921,CARD,48816.0,PAID
7000006183,1000006183,20250618,GATEWAY,56376.0,PAID
7000006184,1000006184,20240308,CASH,95650.5,PAID
7000006185,1000006185,20250924,GATEWAY,68079.12,PAID
7000006186,1000006186,20240529,CASH,41164.2,REFUNDED
7000006187,1000006187,20240323,CARD,79063.5,PAID
7000006188,1000006188,20240825,CARD,52663.8,PAID
7000006189,1000006189,20240202,CASH,67844.7,PAID
7000006190,1000006190,20250627,GATEWAY,28488.0,PAID
7000006191,1000006191,20250315,CARD,28788.0,PAID
7000006192,1000006192,20240620,CASH,35937.0,PAID
7000006193,1000006193,20241228,CARD,44760.0,PAID
7000006194,1000006194,20250214,GATEWAY,71332.12,REFUNDED
7000006195,1000006195,20240111,CASH,38419.92,PAID
7000006196,1000006196,20240103,CARD,41130.0,PAID
7000006197,1000006197,20241017,CASH,39204.0,PAID
7000006198,1000006198,20240704,CARD,18868.5,PENDING
7000006199,1000006199,20250816,GATEWAY,78582.0,REFUNDED
7000006200,1000006200,20250729,CARD,39204.0,FAILED
7000006201,1000006201,20241122,GATEWAY,40104.0,PAID
7000006202,1000006202,20250828,GATEWAY,39319.92,PAID
7000006203,1000006203,20250301,GATEWAY,34170.0,PAID
7000006204,1000006204,20240226,TRANSFER,41382.0,PAID
7000006205,1000006205,20250208,CARD,28459.2,PAID
7000006206,1000006206,20250702,GATEWAY,43124.4,PAID
7000006207,1000006207,20250510,GATEWAY,36456.38,FAILED
7000006208,1000006208,20240913,GATEWAY,38615.7,PAID
7000006209,1000006209,20240713,CASH,13794.0,FAILED
7000006210,1000006210,20240213,TRANSFER,37352.7,PAID
7000006211,1000006211,20250824,CARD,15841.08,PAID
7000006212,1000006212,20240503,GATEWAY,26136.0,PAID
7000006213,1000006213,20240507,CARD,71449.05,PAID
7000006214,1000006214,20240416,GATEWAY,51429.6,PAID
7000006215,1000006215,20250823,CARD,16008.3,REFUNDED
7000006216,1000006216,20241203,GATEWAY,29088.0,PAID
7000006217,1000006217,20250924,CARD,51636.75,PAID
7000006218,1000006218,20250701,CASH,29882.16,REFUNDED
7000006219,1000006219,20250403,CARD,95280.0,PAID
7000006220,1000006220,20250815,CARD,36774.0,FAILED
7000006221,1000006221,20240315,CARD,130401.3,PAID
7000006222,1000006222,20250328,CARD,15383.7,PAID
7000006223,1000006223,20240405,CARD,14994.0,PAID
7000006224,1000006224,20250404,GATEWAY,17235.0,PAID
7000006225,1000006225,20240217,CARD,40104.0,PAID
7000006226,1000006226,20240115,GATEWAY,29659.2,PAID
7000006227,1000006227,20250529,CARD,45738.0,PAID
7000006228,1000006228,20250403,GATEWAY,16446.0,PAID
7000006229,1000006229,20240604,CARD,43269.6,PAID
7000006230,1000006230,20241123,CASH,43560.0,FAILED
7000006231,1000006231,20240329,CARD,57680.7,PAID
7000006232,1000006232,20250527,CARD,35385.0,PAID
7000006233,1000006233,20240608,CARD,48678.3,FAILED
7000006234,1000006234,20240102,GATEWAY,29659.2,PAID
7000006235,1000006235,20241110,CARD,76549.2,FAILED
7000006236,1000006236,20240515,GATEWAY,53472.0,PAID
7000006237,1000006237,20250223,CASH,37243.8,FAILED
7000006238,1000006238,20250531,GATEWAY,33570.0,PAID
7000006239,1000006239,20240704,GATEWAY,85842.0,PAID
7000006240,1000006240,20240421,CARD,14694.0,PAID
7000006241,1000006241,20241017,CARD,46609.2,PAID
7000006242,1000006242,20250101,CARD,26136.0,PAID
7000006243,1000006243,20250529,CASH,12414.6,PAID
7000006244,1000006244,20240228,CARD,26329.2,PAID
7000006245,1000006245,20241119,CASH,14229.6,PAID
7000006246,1000006246,20240516,CARD,18104.62,PAID
7000006247,1000006247,20240413,GATEWAY,39315.0,PAID
7000006248,1000006248,20250510,CARD,18442.5,PAID
7000006249,1000006249,20240328,CASH,27442.8,PAID
7000006250,1000006250,20240604,CASH,80368.2,PAID
7000006251,1000006251,20250806,CARD,72019.2,PAID
7000006252,1000006252,20240421,GATEWAY,58529.88,PAID
7000006253,1000006253,20250525,GATEWAY,31936.5,PAID
7000006254,1000006254,20240904,GATEWAY,44878.5,PAID
7000006255,1000006255,20250612,CARD,32236.5,PAID
7000006256,1000006256,20250425,CARD,17787.0,PAID
7000006257,1000006257,20240910,GATEWAY,29940.0,PAID
7000006258,1000006258,20240417,CARD,54313.88,PAID
7000006259,1000006259,20250208,CARD,13614.6,PAID
7000006260,1000006260,20240122,GATEWAY,42037.5,PAID
7000006261,1000006261,20250706,CARD,73543.8,PAID
7000006262,1000006262,20240515,CASH,49005.0,PAID
7000006263,1000006263,20250729,CARD,84753.0,PAID
7000006264,1000006264,20250919,GATEWAY,29359.2,REFUNDED
7000006265,1000006265,20250505,CARD,27036.0,PAID
7000006266,1000006266,20241020,CARD,42364.2,PAID
7000006267,1000006267,20250115,GATEWAY,66749.25,PAID
7000006268,1000006268,20250228,CARD,17535.0,FAILED
7000006269,1000006269,20250123,CARD,85779.0,PAID
7000006270,1000006270,20241104,CARD,18687.0,PAID
7000006271,1000006271,20250427,GATEWAY,70470.0,PAID
7000006272,1000006272,20240413,CASH,17787.0,PAID
7000006273,1000006273,20250819,CARD,19957.5,PAID
7000006274,1000006274,20250116,CASH,58697.1,PAID
7000006275,1000006275,20240920,CASH,32670.0,REFUNDED
7000006276,1000006276,20250303,CARD,26136.0,PAID
7000006277,1000006277,20241128,CARD,26329.2,PAID
7000006278,1000006278,20250731,CARD,34485.0,PAID
7000006279,1000006279,20250116,GATEWAY,49905.0,PAID
7000006280,1000006280,20240218,GATEWAY,15294.0,PAID
7000006281,1000006281,20250928,TRANSFER,81021.6,PAID
7000006282,1000006282,20250222,GATEWAY,36774.0,PAID
7000006283,1000006283,20241109,CARD,29949.6,PAID
7000006284,1000006284,20250510,CASH,29040.0,PAID
7000006285,1000006285,20241117,CARD,32670.0,REFUNDED
7000006286,1000006286,20250515,TRANSFER,26136.0,PAID
7000006287,1000006287,20240215,CARD,17535.0,PAID
7000006288,1000006288,20240116,TRANSFER,65993.4,PAID
7000006289,1000006289,20240130,CARD,27336.0,PAID
7000006290,1000006290,20240621,CARD,16852.56,PAID
7000006291,1000006291,20250625,GATEWAY,37243.8,FAILED
7000006292,1000006292,20241203,CASH,41382.0,PAID
7000006293,1000006293,20240205,CARD,18687.0,PAID
7000006294,1000006294,20240921,CARD,64904.4,PAID
7000006295,1000006295,20240509,CASH,43451.1,PAID
7000006296,1000006296,20240414,GATEWAY,29940.0,FAILED
7000006297,1000006297,20250226,GATEWAY,19050.0,PAID
7000006298,1000006298,20240312,CARD,37709.25,FAILED
7000006299,1000006299,20250522,CARD,48816.0,PAID
7000006300,1000006300,20240312,CARD,42664.2,PAID
7000006301,1000006301,20241223,CASH,54450.0,PAID
7000006302,1000006302,20241008,GATEWAY,35685.0,PAID
7000006303,1000006303,20241130,CASH,48142.88,REFUNDED
7000006304,1000006304,20250426,CARD,75687.6,PAID
7000006305,1000006305,20250420,CASH,28967.4,PAID
7000006306,1000006306,20241111,CARD,29867.4,PAID
7000006307,1000006307,20240715,CARD,47916.0,PAID
7000006308,1000006308,20240131,GATEWAY,52627.5,PAID
7000006309,1000006309,20250410,GATEWAY,14268.0,PAID
7000006310,1000006310,20241026,GATEWAY,15729.6,PAID
7000006311,1000006311,20240328,TRANSFER,53905.5,PAID
7000006312,1000006312,20250206,GATEWAY,51158.4,PAID
7000006313,1000006313,20250131,CASH,30346.8,PAID
7000006314,1000006314,20240308,CASH,95962.68,PAID
7000006315,1000006315,20240609,CASH,16335.0,PAID
7000006316,1000006316,20240305,GATEWAY,18442.5,PAID
7000006317,1000006317,20240928,GATEWAY,16746.0,PAID
7000006318,1000006318,20241205,CARD,45423.0,PAID
7000006319,1000006319,20250515,GATEWAY,32205.12,REFUNDED
7000006320,1000006320,20250221,CARD,81312.0,PAID
7000006321,1000006321,20241118,CARD,58917.0,PAID
7000006322,1000006322,20241212,GATEWAY,31305.12,PAID
7000006323,1000006323,20250803,CARD,17787.0,PENDING
7000006324,1000006324,20250421,CARD,14921.4,PAID
7000006325,1000006325,20240620,CARD,14268.0,PAID
7000006326,1000006326,20250525,GATEWAY,79462.8,PAID
7000006327,1000006327,20240928,CASH,60112.8,PAID
7000006328,1000006328,20250921,CARD,128229.75,PAID
7000006329,1000006329,20240512,CARD,56918.4,FAILED
7000006330,1000006330,20250501,CASH,35574.0,PAID
7000006331,1000006331,20240131,GATEWAY,49905.0,PAID
7000006332,1000006332,20240618,CARD,29882.16,PAID
7000006333,1000006333,20250225,CARD,17535.0,PAID
7000006334,1000006334,20250108,CARD,19350.0,PAID
7000006335,1000006335,20250407,CASH,84070.8,PAID
7000006336,1000006336,20250625,GATEWAY,28788.0,PAID
7000006337,1000006337,20250316,CARD,17535.0,PAID
7000006338,1000006338,20240928,GATEWAY,31936.5,PAID
7000006339,1000006339,20250515,CARD,71601.75,PAID
7000006340,1000006340,20241118,GATEWAY,39619.92,PAID
7000006341,1000006341,20250212,CARD,27036.0,PAID
7000006342,1000006342,20250306,GATEWAY,85788.6,PAID
7000006343,1000006343,20250312,TRANSFER,68970.0,REFUNDED
7000006344,1000006344,20240117,CARD,73689.0,PAID
7000006345,1000006345,20240203,CARD,17787.0,PAID
7000006346,1000006346,20241101,GATEWAY,31464.6,FAILED
7000006347,1000006347,20250804,GATEWAY,64570.2,PAID
7000006348,1000006348,20250510,GATEWAY,18142.5,PAID
7000006349,1000006349,20250717,CARD,29882.16,PENDING
7000006350,1000006350,20241028,CARD,49905.0,PAID
7000006351,1000006351,20240620,CARD,75189.0,FAILED
7000006352,1000006352,20241222,CASH,51727.5,PAID
7000006353,1000006353,20240811,CARD,35322.0,FAILED
7000006354,1000006354,20240814,CASH,39204.0,PAID
7000006355,1000006355,20240902,CARD,109301.4,PAID
7000006356,1000006356,20250406,CARD,54261.0,PAID
7000006357,1000006357,20240703,CARD,25613.28,PAID
7000006358,1000006358,20250209,CARD,14483.7,PAID
7000006359,1000006359,20250127,CARD,43560.0,PAID
7000006360,1000006360,20241031,GATEWAY,61821.0,PAID
7000006361,1000006361,20240127,CASH,88209.0,PAID
7000006362,1000006362,20241004,CASH,11761.2,FAILED
7000006363,1000006363,20250413,GATEWAY,18142.5,PAID
7000006364,1000006364,20250210,GATEWAY,29659.2,PAID
7000006365,1000006365,20241014,CARD,45060.0,PAID
7000006366,1000006366,20240805,CASH,45738.0,REFUNDED
7000006367,1000006367,20240628,CARD,36300.0,PAID
7000006368,1000006368,20240704,GATEWAY,59597.1,PAID
7000006369,1000006369,20250404,CARD,18150.0,FAILED
7000006370,1000006370,20250828,CARD,29882.16,PAID
7000006371,1000006371,20250916,CARD,64614.0,PAID
7000006372,1000006372,20240223,GATEWAY,28788.0,PAID
7000006373,1000006373,20240422,GATEWAY,76404.0,PAID
7000006374,1000006374,20250416,CARD,95643.0,PAID
7000006375,1000006375,20240331,GATEWAY,13968.0,PAID
7000006376,1000006376,20240122,CARD,34485.0,PAID
7000006377,1000006377,20240930,GATEWAY,14694.0,PAID
7000006378,1000006378,20240715,CARD,14229.6,REFUNDED
7000006379,1000006379,20240918,GATEWAY,28642.8,PAID
7000006380,1000006380,20250820,GATEWAY,59622.75,FAILED
7000006381,1000006381,20250522,GATEWAY,17172.0,PAID
7000006382,1000006382,20240126,CASH,31036.5,PAID
7000006383,1000006383,20240803,CARD,44641.5,PAID
7000006384,1000006384,20240623,GATEWAY,24722.4,PAID
7000006385,1000006385,20240610,CARD,79545.0,PAID
7000006386,1000006386,20240610,CARD,42282.0,PAID
7000006387,1000006387,20240101,CARD,54972.48,PAID
7000006388,1000006388,20250106,CASH,68607.0,REFUNDED
7000006389,1000006389,20240701,CARD,52973.4,PAID
7000006390,1000006390,20250308,CARD,79462.8,PAID
7000006391,1000006391,20250525,GATEWAY,18142.5,FAILED
7000006392,1000006392,20240105,CARD,37500.0,PAID
7000006393,1000006393,20240524,CARD,48924.9,PAID
7000006394,1000006394,20250311,CARD,54261.0,PAID
7000006395,1000006395,20250905,CARD,84579.0,PAID
7000006396,1000006396,20240221,CASH,56900.25,PAID
7000006397,1000006397,20250902,CASH,14701.5,PAID
7000006398,1000006398,20240313,GATEWAY,43560.0,REFUNDED
7000006399,1000006399,20250620,GATEWAY,31392.0,PAID
7000006400,1000006400,20241113,CARD,54805.5,PAID
7000006401,1000006401,20250118,CARD,26136.0,PAID
7000006402,1000006402,20240911,CASH,36300.0,PAID
7000006403,1000006403,20250803,CASH,13794.0,PAID
7000006404,1000006404,20250517,CASH,14520.0,PAID
7000006405,1000006405,20250830,GATEWAY,14006.64,PAID
7000006406,1000006406,20250228,TRANSFER,17242.5,PAID
7000006407,1000006407,20250502,GATEWAY,37409.25,REFUNDED
7000006408,1000006408,20241004,CARD,18142.5,PAID
7000006409,1000006409,20250114,CARD,30240.0,PAID
7000006410,1000006410,20240428,CARD,16335.0,PAID
7000006411,1000006411,20240117,CASH,49005.0,PAID
7000006412,1000006412,20241226,CASH,36300.0,FAILED
7000006413,1000006413,20240225,TRANSFER,53724.0,PAID
7000006414,1000006414,20241215,CARD,17968.5,PAID
7000006415,1000006415,20241108,CARD,52355.25,PAID
7000006416,1000006416,20240913,GATEWAY,15574.8,PAID
7000006417,1000006417,20250706,CASH,51909.0,PAID
7000006418,1000006418,20250107,CARD,34485.0,FAILED
7000006419,1000006419,20240530,CARD,77130.0,PAID
7000006420,1000006420,20240312,CARD,66186.6,PAID
7000006421,1000006421,20250116,CARD,14701.5,PAID
7000006422,1000006422,20250214,GATEWAY,49116.0,PAID
7000006423,1000006423,20250109,CARD,14229.6,PAID
7000006424,1000006424,20250106,CARD,29040.0,REFUNDED
7000006425,1000006425,20250121,CARD,55650.0,PAID
7000006426,1000006426,20250722,TRANSFER,14229.6,FAILED
7000006427,1000006427,20241103,CARD,44351.1,PAID
7000006428,1000006428,20250608,CASH,86248.8,PAID
7000006429,1000006429,20250904,CARD,13068.0,PAID
7000006430,1000006430,20240613,CARD,118047.6,PAID
7000006431,1000006431,20250227,GATEWAY,75032.1,REFUNDED
7000006432,1000006432,20250302,CARD,68534.4,PAID
7000006433,1000006433,20250912,CARD,17235.0,PAID
7000006434,1000006434,20240805,CARD,29659.2,PAID
7000006435,1000006435,20240324,CARD,54450.0,PAID
7000006436,1000006436,20250526,CARD,54561.0,PAID
7000006437,1000006437,20250319,CARD,27336.0,PAID
7000006438,1000006438,20250428,CARD,59532.0,PAID
7000006439,1000006439,20240303,CARD,18442.5,PAID
7000006440,1000006440,20240718,CARD,43080.6,PAID
7000006441,1000006441,20250607,CARD,32728.08,PAID
7000006442,1000006442,20241227,CARD,43888.8,PAID
7000006443,1000006443,20241107,CASH,53905.5,PAID
7000006444,1000006444,20241110,CASH,27588.0,FAILED
7000006445,1000006445,20250202,GATEWAY,49905.0,REFUNDED
7000006446,1000006446,20250318,GATEWAY,69579.6,PAID
7000006447,1000006447,20250107,CARD,35985.0,PAID
7000006448,1000006448,20250926,CASH,13068.0,PAID
7000006449,1000006449,20241209,CASH,13068.0,PAID
7000006450,1000006450,20240804,CARD,30945.75,PAID
7000006451,1000006451,20241112,GATEWAY,12661.2,PAID
7000006452,1000006452,20250128,CARD,40704.0,PAID
7000006453,1000006453,20241020,CARD,92431.5,PAID
7000006454,1000006454,20250116,GATEWAY,14694.0,FAILED
7000006455,1000006455,20240226,CASH,15972.0,FAILED
7000006456,1000006456,20241106,CARD,13794.0,PAID
7000006457,1000006457,20250826,CARD,36474.0,PAID
7000006458,1000006458,20240227,CARD,26136.0,PAID
7000006459,1000006459,20241210,CARD,26029.2,PAID
7000006460,1000006460,20250704,GATEWAY,33870.0,PAID
7000006461,1000006461,20240523,CARD,33870.0,PAID
7000006462,1000006462,20240929,CASH,51455.25,PAID
7000006463,1000006463,20240310,CARD,103455.0,PAID
7000006464,1000006464,20240616,CARD,31692.0,PAID
7000006465,1000006465,20241125,CARD,36774.0,PAID
7000006466,1000006466,20241123,CARD,29940.0,PAID
7000006467,1000006467,20240401,CASH,72570.96,PAID
7000006468,1000006468,20240313,CARD,56376.0,PAID
7000006469,1000006469,20250815,TRANSFER,26136.0,FAILED
7000006470,1000006470,20250309,CARD,17018.25,PAID
7000006471,1000006471,20250725,CARD,15294.0,PAID
7000006472,1000006472,20250403,CASH,18150.0,PAID
7000006473,1000006473,20240512,CARD,43560.0,PAID
7000006474,1000006474,20240707,CARD,15383.7,PAID
7000006475,1000006475,20240212,GATEWAY,29659.2,PAID
7000006476,1000006476,20250523,CARD,60076.5,PAID
7000006477,1000006477,20241214,GATEWAY,13968.0,PAID
7000006478,1000006478,20240105,CASH,39204.0,PAID
7000006479,1000006479,20250324,CASH,39930.0,PAID
7000006480,1000006480,20241115,GATEWAY,49179.0,PAID
7000006481,1000006481,20250709,GATEWAY,44188.8,PAID
7000006482,1000006482,20240301,CARD,140410.5,PAID
7000006483,1000006483,20250408,CARD,14520.0,REFUNDED
7000006484,1000006484,20240803,GATEWAY,18987.0,PAID
7000006485,1000006485,20250830,CASH,54450.0,PAID
7000006486,1000006486,20250607,CASH,71728.8,PAID
7000006487,1000006487,20240911,CARD,43923.0,REFUNDED
7000006488,1000006488,20240220,CARD,39131.4,PAID
7000006489,1000006489,20240303,CARD,35685.0,PAID
7000006490,1000006490,20240630,GATEWAY,79308.0,PAID
7000006491,1000006491,20250329,CARD,19565.7,PAID
7000006492,1000006492,20250726,GATEWAY,29088.0,PAID
7000006493,1000006493,20241208,TRANSFER,89479.5,PAID
7000006494,1000006494,20240719,CARD,45520.2,PAID
7000006495,1000006495,20240219,CARD,42582.0,PAID
7000006496,1000006496,20250613,CARD,29088.0,FAILED
7000006497,1000006497,20250829,TRANSFER,32804.31,PAID
7000006498,1000006498,20240723,GATEWAY,18142.5,PAID
7000006499,1000006499,20240916,TRANSFER,30492.0,PAID
7000006500,1000006500,20240823,CARD,33870.0,PAID
7000006501,1000006501,20241101,CARD,54261.0,FAILED
7000006502,1000006502,20241107,TRANSFER,18966.75,PAID
7000006503,1000006503,20250116,CARD,14268.0,REFUNDED
7000006504,1000006504,20240527,CARD,72926.7,PAID
7000006505,1000006505,20240318,GATEWAY,33870.0,PAID
7000006506,1000006506,20241022,GATEWAY,43879.2,PAID
7000006507,1000006507,20250220,CARD,19050.0,PAID
7000006508,1000006508,20250716,CASH,49803.6,PAID
7000006509,1000006509,20250529,CARD,112641.0,PAID
7000006510,1000006510,20250309,CASH,75141.0,PAID
7000006511,1000006511,20250309,CARD,74197.2,PAID
7000006512,1000006512,20240128,GATEWAY,30249.6,PAID
7000006513,1000006513,20240812,CASH,15652.56,PAID
7000006514,1000006514,20250622,CASH,17242.5,PAID
7000006515,1000006515,20250226,CARD,56702.7,PAID
7000006516,1000006516,20240402,GATEWAY,24722.4,PAID
7000006517,1000006517,20250708,CARD,44760.0,PAID
7000006518,1000006518,20240823,CARD,50703.6,PAID
7000006519,1000006519,20250714,CARD,15429.6,PAID
7000006520,1000006520,20240517,CARD,27336.0,PAID
7000006521,1000006521,20241010,CARD,46638.0,PAID
7000006522,1000006522,20241102,CARD,104218.88,PAID
7000006523,1000006523,20250916,CARD,35685.0,PENDING
7000006524,1000006524,20250117,CASH,35283.6,PAID
7000006525,1000006525,20250816,CARD,56029.05,PAID
7000006526,1000006526,20241012,GATEWAY,13968.0,PAID
7000006527,1000006527,20250921,CARD,66007.92,PAID
7000006528,1000006528,20240918,CARD,37109.25,PAID
7000006529,1000006529,20240915,GATEWAY,53227.5,PAID
7000006530,1000006530,20241208,GATEWAY,39133.5,PAID
7000006531,1000006531,20240623,CASH,26136.0,FAILED
7000006532,1000006532,20240127,CARD,55350.0,PAID
7000006533,1000006533,20240204,CARD,36300.0,PAID
7000006534,1000006534,20240406,CARD,42688.8,FAILED
7000006535,1000006535,20250112,CARD,30346.8,PAID
7000006536,1000006536,20250308,GATEWAY,73509.6,PAID
7000006537,1000006537,20241012,CARD,14701.5,PAID
7000006538,1000006538,20240229,CASH,34485.0,PAID
7000006539,1000006539,20250110,GATEWAY,17835.0,PAID
7000006540,1000006540,20240827,TRANSFER,15173.4,PAID
7000006541,1000006541,20240127,TRANSFER,54885.6,FAILED
7000006542,1000006542,20250209,GATEWAY,35339.62,PAID
7000006543,1000006543,20250718,CARD,28788.0,PAID
7000006544,1000006544,20240630,CARD,44760.0,PAID
7000006545,1000006545,20250118,GATEWAY,56956.8,PAID
7000006546,1000006546,20250716,CARD,45302.4,PAID
7000006547,1000006547,20250818,GATEWAY,33388.5,PAID
7000006548,1000006548,20250811,CARD,18351.75,PAID
7000006549,1000006549,20240221,CARD,19957.5,PAID
7000006550,1000006550,20250914,GATEWAY,38252.7,PAID
7000006551,1000006551,20240522,CARD,31944.0,PAID
7000006552,1000006552,20250217,TRANSFER,49005.0,PAID
7000006553,1000006553,20240424,GATEWAY,17835.0,PENDING
7000006554,1000006554,20241226,CARD,29359.2,PAID
7000006555,1000006555,20250322,CARD,33870.0,PAID
7000006556,1000006556,20241208,GATEWAY,19050.0,PAID
7000006557,1000006557,20240120,CASH,44823.24,PAID
7000006558,1000006558,20250226,CASH,14520.0,PAID
7000006559,1000006559,20240105,TRANSFER,42688.8,PAID
7000006560,1000006560,20241222,GATEWAY,19876.35,PAID
7000006561,1000006561,20250610,GATEWAY,18868.5,PAID
7000006562,1000006562,20250917,CARD,29659.2,PAID
7000006563,1000006563,20250123,CASH,31305.12,PAID
7000006564,1000006564,20250524,GATEWAY,37200.0,FAILED
7000006565,1000006565,20240930,GATEWAY,30603.0,PAID
7000006566,1000006566,20240912,GATEWAY,16020.0,FAILED
7000006567,1000006567,20240128,CARD,34170.0,PAID
7000006568,1000006568,20250621,GATEWAY,50205.0,PAID
7000006569,1000006569,20240713,CARD,17242.5,PAID
7000006570,1000006570,20241011,CARD,30540.0,PAID
7000006571,1000006571,20240423,TRANSFER,18150.0,PAID
7000006572,1000006572,20250819,CARD,100188.0,REFUNDED
7000006573,1000006573,20250827,CARD,36783.6,PAID
7000006574,1000006574,20241216,GATEWAY,27442.8,FAILED
7000006575,1000006575,20240407,CARD,19965.0,PAID
7000006576,1000006576,20240211,CARD,69144.0,PAID
7000006577,1000006577,20250310,GATEWAY,33388.5,PAID
7000006578,1000006578,20240401,CASH,53724.0,PAID
7000006579,1000006579,20240420,CARD,71467.2,PAID
7000006580,1000006580,20250824,CARD,49905.0,PAID
7000006581,1000006581,20241123,CARD,83344.8,PAID
7000006582,1000006582,20241231,CASH,41382.0,PAID
7000006583,1000006583,20250326,CASH,99679.8,PAID
7000006584,1000006584,20250507,GATEWAY,85924.2,PAID
7000006585,1000006585,20250701,CARD,16872.0,FAILED
7000006586,1000006586,20250724,CARD,16373.4,PAID
7000006587,1000006587,20241112,CARD,40240.65,REFUNDED
7000006588,1000006588,20250124,CARD,63018.9,PAID
7000006589,1000006589,20240613,CASH,49005.0,PAID
7000006590,1000006590,20240710,CARD,37500.0,PAID
7000006591,1000006591,20241009,CARD,37243.8,FAILED
7000006592,1000006592,20240917,CARD,135719.25,PAID
7000006593,1000006593,20240221,CARD,19057.5,FAILED
7000006594,1000006594,20240904,CASH,27442.8,PAID
7000006595,1000006595,20240604,CARD,43888.8,PAID
7000006596,1000006596,20241231,CARD,16335.0,PAID
7000006597,1000006597,20250415,CARD,41382.0,PAID
7000006598,1000006598,20241208,CARD,44104.5,PAID
7000006599,1000006599,20250409,CARD,28788.0,PAID
7000006600,1000006600,20240403,CASH,38419.92,PAID
7000006601,1000006601,20240329,GATEWAY,57229.05,PAID
7000006602,1000006602,20240208,CASH,15518.25,PAID
7000006603,1000006603,20240919,CARD,71803.5,PAID
7000006604,1000006604,20240920,GATEWAY,59129.88,PAID
7000006605,1000006605,20240605,CARD,77502.6,PAID
7000006606,1000006606,20240921,CARD,29359.2,PAID
7000006607,1000006607,20250903,CARD,55950.0,PAID
7000006608,1000006608,20250417,CARD,21165.0,PAID
7000006609,1000006609,20241114,CARD,54450.0,PAID
7000006610,1000006610,20241211,CARD,43690.68,REFUNDED
7000006611,1000006611,20240706,CARD,43923.0,PAID
7000006612,1000006612,20240602,CARD,45723.24,PAID
7000006613,1000006613,20250725,GATEWAY,48859.8,PAID
7000006614,1000006614,20240720,TRANSFER,90387.0,PAID
7000006615,1000006615,20240506,CARD,51112.5,FAILED
7000006616,1000006616,20250613,CASH,58334.1,PAID
7000006617,1000006617,20240212,CASH,53433.6,PAID
7000006618,1000006618,20241214,CARD,46957.68,PAID
7000006619,1000006619,20250624,CASH,42761.4,PAID
7000006620,1000006620,20250501,CARD,37137.0,PAID
7000006621,1000006621,20240517,CASH,17787.0,PAID
7000006622,1000006622,20250810,CASH,39930.0,FAILED
7000006623,1000006623,20250810,CARD,41382.0,PAID
7000006624,1000006624,20241220,GATEWAY,19050.0,PAID
7000006625,1000006625,20250812,CARD,19287.0,PAID
7000006626,1000006626,20240114,CASH,118701.0,PAID
7000006627,1000006627,20250314,CASH,14229.6,REFUNDED
7000006628,1000006628,20240228,GATEWAY,32916.6,PAID
7000006629,1000006629,20250318,GATEWAY,48157.68,FAILED
7000006630,1000006630,20240313,GATEWAY,29867.4,PAID
7000006631,1000006631,20240707,CARD,42282.0,PAID
7000006632,1000006632,20250911,CASH,47916.0,PAID
7000006633,1000006633,20240914,CARD,15518.25,PAID
7000006634,1000006634,20250205,GATEWAY,26513.28,PAID
7000006635,1000006635,20250916,CARD,18442.5,PAID
7000006636,1000006636,20250303,GATEWAY,14694.0,PAID
7000006637,1000006637,20250103,CARD,56323.08,PAID
7000006638,1000006638,20250506,CARD,35685.0,PAID
7000006639,1000006639,20250728,CARD,14701.5,FAILED
7000006640,1000006640,20241224,CARD,68055.0,REFUNDED
7000006641,1000006641,20240128,GATEWAY,53181.6,PAID
7000006642,1000006642,20250730,GATEWAY,40104.0,REFUNDED
7000006643,1000006643,20250731,GATEWAY,44043.6,PAID
7000006644,1000006644,20250901,CARD,69044.7,PAID
7000006645,1000006645,20241119,CARD,36474.0,PAID
7000006646,1000006646,20240430,CARD,77430.0,PAID
7000006647,1000006647,20240910,GATEWAY,32670.0,PAID
7000006648,1000006648,20240119,CARD,15221.4,PAID
7000006649,1000006649,20250730,CARD,46554.75,PAID
7000006650,1000006650,20241226,CASH,40656.0,FAILED
7000006651,1000006651,20250823,GATEWAY,45060.0,PAID
7000006652,1000006652,20250502,GATEWAY,17535.0,PAID
7000006653,1000006653,20240828,GATEWAY,37200.0,PAID
7000006654,1000006654,20250119,TRANSFER,35937.0,PAID
7000006655,1000006655,20240918,CARD,55650.0,FAILED
7000006656,1000006656,20240502,CARD,54261.0,FAILED
7000006657,1000006657,20241213,CASH,17242.5,PAID
7000006658,1000006658,20250228,GATEWAY,57800.25,PAID
7000006659,1000006659,20250721,TRANSFER,54268.5,PAID
7000006660,1000006660,20250730,CARD,61664.62,PAID
7000006661,1000006661,20240827,CARD,18987.0,PAID
7000006662,1000006662,20240307,CARD,20257.5,PAID
7000006663,1000006663,20240104,CARD,14374.8,PAID
7000006664,1000006664,20250203,GATEWAY,28488.0,PENDING
7000006665,1000006665,20250414,GATEWAY,62073.0,PAID
7000006666,1000006666,20250615,CASH,83490.0,PAID
7000006667,1000006667,20240702,CARD,29040.0,FAILED
7000006668,1000006668,20240812,CARD,14520.0,PAID
7000006669,1000006669,20240228,CASH,14520.0,PAID
7000006670,1000006670,20240727,GATEWAY,27036.0,PAID
7000006671,1000006671,20241015,CASH,26136.0,FAILED
7000006672,1000006672,20250427,CARD,60976.5,PAID
7000006673,1000006673,20240816,CARD,66973.5,PAID
7000006674,1000006674,20240325,TRANSFER,42688.8,PAID
7000006675,1000006675,20240418,CASH,54450.0,PAID
7000006676,1000006676,20240316,CASH,51473.4,PAID
7000006677,1000006677,20240722,GATEWAY,37409.25,PENDING
7000006678,1000006678,20250908,CARD,37243.8,PAID
7000006679,1000006679,20241015,CASH,48024.9,PAID
7000006680,1000006680,20250930,GATEWAY,46023.24,PAID
7000006681,1000006681,20250506,CASH,14229.6,PAID
7000006682,1000006682,20240713,CASH,41654.25,PAID
7000006683,1000006683,20240815,CARD,29040.0,REFUNDED
7000006684,1000006684,20241208,CARD,35985.0,PAID
7000006685,1000006685,20241102,CARD,17787.0,PAID
7000006686,1000006686,20240626,CARD,49005.0,FAILED
7000006687,1000006687,20250730,GATEWAY,123422.1,PAID
7000006688,1000006688,20240522,CARD,54313.88,PAID
7000006689,1000006689,20240204,CARD,18142.5,PAID
7000006690,1000006690,20240201,CASH,94743.0,PAID
7000006691,1000006691,20240714,CASH,43560.0,PAID
7000006692,1000006692,20241231,CARD,30346.8,PAID
7000006693,1000006693,20250821,GATEWAY,29659.2,REFUNDED
7000006694,1000006694,20250401,CASH,37243.8,PAID
7000006695,1000006695,20240722,GATEWAY,19350.0,FAILED
7000006696,1000006696,20250502,CARD,34170.0,PAID
7000006697,1000006697,20240719,CARD,15518.25,PAID
7000006698,1000006698,20240925,GATEWAY,30240.0,PAID
7000006699,1000006699,20240729,CASH,29403.0,FAILED
7000006700,1000006700,20240515,CARD,42688.8,PAID
7000006701,1000006701,20241012,CASH,76484.1,PAID
7000006702,1000006702,20240710,GATEWAY,41382.0,PAID
7000006703,1000006703,20240205,GATEWAY,18442.5,PAID
7000006704,1000006704,20240308,CARD,18442.5,PAID
7000006705,1000006705,20250725,CARD,81386.7,REFUNDED
7000006706,1000006706,20241202,TRANSFER,70204.2,PAID
7000006707,1000006707,20240127,CASH,17242.5,PAID
7000006708,1000006708,20241214,CASH,85522.8,FAILED
7000006709,1000006709,20250426,CARD,55345.08,PAID
7000006710,1000006710,20240825,CARD,15420.0,PAID
7000006711,1000006711,20240622,GATEWAY,30492.0,PAID
7000006712,1000006712,20250307,GATEWAY,27588.0,REFUNDED
7000006713,1000006713,20250725,CARD,12961.2,PAID
7000006714,1000006714,20250128,GATEWAY,16141.08,PAID
7000006715,1000006715,20250315,CARD,36300.0,PAID
7000006716,1000006716,20240211,CASH,68970.0,PAID
7000006717,1000006717,20241012,CARD,35574.0,PAID
7000006718,1000006718,20241014,GATEWAY,16020.0,PAID
7000006719,1000006719,20250123,GATEWAY,20466.75,PAID
7000006720,1000006720,20240811,GATEWAY,54313.88,PAID
7000006721,1000006721,20240208,CASH,42688.8,REFUNDED
7000006722,1000006722,20240809,CARD,14229.6,PAID
7000006723,1000006723,20250408,CARD,42282.0,PAID
7000006724,1000006724,20241111,GATEWAY,17235.0,PAID
7000006725,1000006725,20250712,GATEWAY,17235.0,FAILED
7000006726,1000006726,20240509,GATEWAY,34187.1,PAID
7000006727,1000006727,20250312,CARD,109545.9,PAID
7000006728,1000006728,20240923,TRANSFER,31036.5,PAID
7000006729,1000006729,20240804,CARD,13968.0,PAID
7000006730,1000006730,20250819,GATEWAY,44651.1,PAID
7000006731,1000006731,20240227,CARD,37500.0,PAID
7000006732,1000006732,20240319,CARD,39204.0,PAID
7000006733,1000006733,20240624,CARD,31246.8,PAID
7000006734,1000006734,20250618,CARD,97304.25,PAID
7000006735,1000006735,20250223,CARD,13794.0,PAID
7000006736,1000006736,20240629,CARD,83490.0,PAID
7000006737,1000006737,20250825,GATEWAY,37200.0,PAID
7000006738,1000006738,20250609,CARD,27336.0,PAID
7000006739,1000006739,20250731,CARD,54450.0,PAID
7000006740,1000006740,20250128,GATEWAY,90280.2,PAID
7000006741,1000006741,20241022,GATEWAY,50205.0,PAID
7000006742,1000006742,20240518,GATEWAY,75552.0,PAID
7000006743,1000006743,20240927,CASH,27588.0,FAILED
7000006744,1000006744,20240202,CARD,13261.2,PAID
7000006745,1000006745,20250524,CARD,77493.0,PAID
7000006746,1000006746,20240511,GATEWAY,16446.0,PAID
7000006747,1000006747,20250716,CARD,54313.88,PAID
7000006748,1000006748,20250317,GATEWAY,49479.0,FAILED
7000006749,1000006749,20250717,CARD,33870.0,FAILED
7000006750,1000006750,20240312,GATEWAY,55350.0,PAID
7000006751,1000006751,20240725,CASH,55920.15,PAID
7000006752,1000006752,20250131,GATEWAY,73737.0,PAID
7000006753,1000006753,20250223,GATEWAY,44460.0,PAID
7000006754,1000006754,20250715,CARD,52627.5,PAID
7000006755,1000006755,20240614,CARD,20465.7,PAID
7000006756,1000006756,20250910,CARD,45701.7,PAID
7000006757,1000006757,20240407,TRANSFER,57172.5,PAID
7000006758,1000006758,20250126,CARD,32670.0,PAID
7000006759,1000006759,20240723,GATEWAY,16446.0,PAID
7000006760,1000006760,20240709,GATEWAY,57229.05,PAID
7000006761,1000006761,20250804,CASH,33486.75,PAID
7000006762,1000006762,20241207,CASH,13721.4,PAID
7000006763,1000006763,20250215,GATEWAY,18142.5,PAID
7000006764,1000006764,20250411,TRANSFER,13794.0,PAID
7000006765,1000006765,20240915,GATEWAY,46681.8,PAID
7000006766,1000006766,20250621,GATEWAY,17535.0,PAID
7000006767,1000006767,20250310,CASH,61710.0,PAID
7000006768,1000006768,20250429,CARD,42471.0,PAID
7000006769,1000006769,20240126,CASH,53361.0,PAID
7000006770,1000006770,20240120,CARD,44760.0,PAID
7000006771,1000006771,20241212,CARD,17535.0,PAID
7000006772,1000006772,20240224,CARD,12414.6,PENDING
7000006773,1000006773,20250430,CARD,87294.0,PAID
7000006774,1000006774,20241213,CARD,56656.8,PAID
7000006775,1000006775,20241008,CARD,45738.0,PAID
7000006776,1000006776,20240125,GATEWAY,13968.0,PAID
7000006777,1000006777,20241123,GATEWAY,74589.0,PAID
7000006778,1000006778,20250408,CARD,12414.6,PAID
7000006779,1000006779,20240323,CASH,25613.28,FAILED
7000006780,1000006780,20240505,CASH,43451.1,PAID
7000006781,1000006781,20241103,TRANSFER,27442.8,PAID
7000006782,1000006782,20250405,CARD,17242.5,PAID
7000006783,1000006783,20240711,CASH,67518.0,PAID
7000006784,1000006784,20250822,CARD,42761.4,PAID
7000006785,1000006785,20250118,TRANSFER,54313.88,PAID
7000006786,1000006786,20241213,CASH,36300.0,REFUNDED
7000006787,1000006787,20240411,TRANSFER,58697.1,PAID
7000006788,1000006788,20250321,TRANSFER,32670.0,PAID
7000006789,1000006789,20250125,CARD,43451.1,PAID
7000006790,1000006790,20240517,CARD,55513.88,FAILED
7000006791,1000006791,20240623,GATEWAY,46420.2,PAID
7000006792,1000006792,20250515,TRANSFER,39204.0,PAID
7000006793,1000006793,20241010,TRANSFER,48024.9,PAID
7000006794,1000006794,20241017,TRANSFER,19057.5,REFUNDED
7000006795,1000006795,20250630,CARD,52627.5,PAID
7000006796,1000006796,20250506,CASH,54313.88,PAID
7000006797,1000006797,20240829,CARD,55350.0,PAID
7000006798,1000006798,20250201,GATEWAY,13794.0,PAID
7000006799,1000006799,20250603,CASH,13794.0,PAID
7000006800,1000006800,20250420,CARD,44324.4,PAID
7000006801,1000006801,20240928,CASH,28749.6,REFUNDED
7000006802,1000006802,20250910,GATEWAY,54561.0,PAID
7000006803,1000006803,20240714,CARD,82575.0,PAID
7000006804,1000006804,20240314,CASH,24829.2,PAID
7000006805,1000006805,20241121,CARD,94391.7,PAID
7000006806,1000006806,20240428,CASH,14941.08,PAID
7000006807,1000006807,20240326,GATEWAY,98910.0,PAID
7000006808,1000006808,20250807,CARD,129048.6,PAID
7000006809,1000006809,20250810,GATEWAY,52627.5,PAID
7000006810,1000006810,20250903,GATEWAY,13794.0,PAID
7000006811,1000006811,20250920,CARD,29959.2,REFUNDED
7000006812,1000006812,20240518,GATEWAY,36300.0,PAID
7000006813,1000006813,20240608,CASH,41382.0,FAILED
7000006814,1000006814,20240213,CARD,14374.8,REFUNDED
7000006815,1000006815,20240403,CARD,46802.4,FAILED
7000006816,1000006816,20250722,CARD,43451.1,PAID
7000006817,1000006817,20250407,CASH,41382.0,PAID
7000006818,1000006818,20250810,CASH,39930.0,REFUNDED
7000006819,1000006819,20250718,GATEWAY,45004.5,PAID
7000006820,1000006820,20240413,GATEWAY,83301.0,PAID
7000006821,1000006821,20240415,CARD,17151.75,PAID
7000006822,1000006822,20240421,CARD,107956.2,PAID
7000006823,1000006823,20241006,CARD,49005.0,PAID
7000006824,1000006824,20240518,CARD,53361.0,PAID
7000006825,1000006825,20250125,CARD,49005.0,FAILED
7000006826,1000006826,20240720,CARD,68790.6,PAID
7000006827,1000006827,20240124,CASH,71547.3,PAID
7000006828,1000006828,20250519,CASH,14229.6,PENDING
7000006829,1000006829,20241002,CARD,52927.5,PAID
7000006830,1000006830,20240424,CARD,15420.0,PAID
7000006831,1000006831,20241121,CARD,35685.0,PAID
7000006832,1000006832,20240718,CARD,40704.0,PAID
7000006833,1000006833,20240827,GATEWAY,86986.5,PAID
7000006834,1000006834,20250312,CASH,28459.2,PAID
7000006835,1000006835,20240105,CARD,43588.8,PAID
7000006836,1000006836,20250113,CARD,26136.0,PAID
7000006837,1000006837,20240912,CARD,14520.0,PAID
7000006838,1000006838,20250724,CARD,35574.0,PAID
7000006839,1000006839,20241209,CARD,59733.75,PAID
7000006840,1000006840,20240721,GATEWAY,31936.5,REFUNDED
7000006841,1000006841,20250108,CARD,40104.0,PAID
7000006842,1000006842,20250729,TRANSFER,35574.0,PAID
7000006843,1000006843,20250923,GATEWAY,19565.7,PAID
7000006844,1000006844,20240310,TRANSFER,18150.0,PENDING
7000006845,1000006845,20250115,GATEWAY,82086.0,PAID
7000006846,1000006846,20250812,GATEWAY,45694.2,PAID
7000006847,1000006847,20240906,GATEWAY,44104.5,PAID
7000006848,1000006848,20250615,CARD,49005.0,PAID
7000006849,1000006849,20240118,GATEWAY,42521.58,PAID
7000006850,1000006850,20250720,TRANSFER,43560.0,PAID
7000006851,1000006851,20240911,CARD,15901.5,PAID
7000006852,1000006852,20240724,CARD,59284.92,FAILED
7000006853,1000006853,20250303,CARD,64688.7,PAID
7000006854,1000006854,20240215,CARD,49005.0,PAID
7000006855,1000006855,20240908,GATEWAY,47754.75,PAID
7000006856,1000006856,20240114,CARD,14006.64,PAID
7000006857,1000006857,20250915,GATEWAY,59895.0,PAID
7000006858,1000006858,20241014,CARD,32372.1,PAID
7000006859,1000006859,20240102,GATEWAY,13314.6,PAID
7000006860,1000006860,20240915,CARD,18687.0,PAID
7000006861,1000006861,20250615,CARD,15601.5,PAID
7000006862,1000006862,20250114,CARD,26136.0,PAID
7000006863,1000006863,20240523,CARD,14268.0,PAID
7000006864,1000006864,20250704,GATEWAY,15429.6,PAID
7000006865,1000006865,20250823,CARD,27336.0,PAID
7000006866,1000006866,20250310,CARD,34303.5,PAID
7000006867,1000006867,20250131,CARD,36300.0,PAID
7000006868,1000006868,20240314,CARD,74705.4,PAID
7000006869,1000006869,20240127,CARD,27336.0,PAID
7000006870,1000006870,20241106,GATEWAY,16718.25,PAID
7000006871,1000006871,20250814,TRANSFER,26136.0,PAID
7000006872,1000006872,20240328,CARD,44460.0,PAID
7000006873,1000006873,20240919,CARD,14229.6,PAID
7000006874,1000006874,20250922,GATEWAY,42582.0,PAID
7000006875,1000006875,20250608,CARD,18104.62,PAID
7000006876,1000006876,20250215,GATEWAY,29359.2,PAID
7000006877,1000006877,20240804,CARD,15652.56,PAID
7000006878,1000006878,20250510,CARD,31692.0,PAID
7000006879,1000006879,20250516,TRANSFER,47916.0,PAID
7000006880,1000006880,20241123,CASH,26136.0,PAID
7000006881,1000006881,20241114,CARD,20865.0,PAID
7000006882,1000006882,20240508,CARD,16872.0,PAID
7000006883,1000006883,20241230,GATEWAY,29940.0,FAILED
7000006884,1000006884,20250704,GATEWAY,95044.05,PAID
7000006885,1000006885,20250511,CARD,15274.8,PAID
7000006886,1000006886,20250113,GATEWAY,29940.0,PAID
7000006887,1000006887,20240518,CARD,35685.0,PAID
7000006888,1000006888,20240714,CARD,19050.0,PAID
7000006889,1000006889,20240616,CARD,37074.0,FAILED
7000006890,1000006890,20250511,CARD,62610.24,PAID
7000006891,1000006891,20250510,CASH,27442.8,PAID
7000006892,1000006892,20240410,GATEWAY,32236.5,PAID
7000006893,1000006893,20250719,CARD,46500.3,PAID
7000006894,1000006894,20241009,GATEWAY,66421.5,FAILED
7000006895,1000006895,20240109,CARD,37200.0,PENDING
7000006896,1000006896,20250702,CARD,28459.2,PAID
7000006897,1000006897,20240105,CARD,54450.0,PAID
7000006898,1000006898,20240320,TRANSFER,28459.2,PAID
7000006899,1000006899,20250730,GATEWAY,29040.0,FAILED
7000006900,1000006900,20250820,CASH,90517.68,REFUNDED
7000006901,1000006901,20240626,GATEWAY,40104.0,PAID
7000006902,1000006902,20241220,CARD,28642.8,REFUNDED
7000006903,1000006903,20240623,CARD,31936.5,PAID
7000006904,1000006904,20240810,GATEWAY,91608.78,FAILED
7000006905,1000006905,20250329,CASH,87846.0,PAID
7000006906,1000006906,20241022,GATEWAY,59733.75,PAID
7000006907,1000006907,20250916,CASH,53905.5,PAID
7000006908,1000006908,20250515,CARD,29359.2,FAILED
7000006909,1000006909,20240310,CARD,27036.0,PAID
7000006910,1000006910,20250409,GATEWAY,37074.0,PAID
7000006911,1000006911,20240110,CARD,31065.82,PAID
7000006912,1000006912,20250210,CASH,13794.0,PAID
7000006913,1000006913,20250827,CARD,72904.92,PAID
7000006914,1000006914,20240222,CARD,52627.5,PAID
7000006915,1000006915,20250507,CARD,13068.0,PAID
7000006916,1000006916,20240303,GATEWAY,70741.2,PAID
7000006917,1000006917,20250108,CARD,14568.0,PAID
7000006918,1000006918,20240420,TRANSFER,17787.0,PAID
7000006919,1000006919,20240125,GATEWAY,45060.0,PAID
7000006920,1000006920,20250413,CARD,37207.5,PAID
7000006921,1000006921,20240312,CARD,31082.16,PAID
7000006922,1000006922,20241219,CASH,17242.5,PAID
7000006923,1000006923,20250622,CASH,72237.0,REFUNDED
7000006924,1000006924,20250715,CASH,51727.5,PAID
7000006925,1000006925,20240211,CARD,28434.6,PAID
7000006926,1000006926,20250308,CARD,39319.92,REFUNDED
7000006927,1000006927,20240813,CARD,56376.0,PAID
7000006928,1000006928,20250412,CARD,29940.0,PAID
7000006929,1000006929,20240802,CASH,27588.0,PAID
7000006930,1000006930,20250928,CASH,59786.1,PAID
7000006931,1000006931,20240418,CARD,58191.0,PAID
7000006932,1000006932,20240924,CARD,106994.25,PAID
7000006933,1000006933,20250203,CASH,52998.0,PAID
7000006934,1000006934,20240620,CARD,13794.0,PAID
7000006935,1000006935,20240219,CARD,98010.0,PAID
7000006936,1000006936,20241026,GATEWAY,31392.0,PAID
7000006937,1000006937,20240102,GATEWAY,37074.0,PAID
7000006938,1000006938,20250408,CARD,35574.0,PAID
7000006939,1000006939,20240222,GATEWAY,35685.0,PAID
7000006940,1000006940,20240501,GATEWAY,19876.35,PAID
7000006941,1000006941,20240619,GATEWAY,44460.0,PAID
7000006942,1000006942,20240507,GATEWAY,27336.0,PAID
7000006943,1000006943,20250110,CARD,30492.0,REFUNDED
7000006944,1000006944,20250913,CARD,45004.5,PAID
7000006945,1000006945,20250914,CARD,26136.0,PAID
7000006946,1000006946,20241215,CARD,94100.25,PAID
7000006947,1000006947,20250628,CARD,66331.8,PENDING
7000006948,1000006948,20250723,GATEWAY,93283.5,PAID
7000006949,1000006949,20241108,CARD,45060.0,PAID
7000006950,1000006950,20240531,CARD,63336.0,PAID
7000006951,1000006951,20250309,CARD,83673.08,PAID
7000006952,1000006952,20250214,GATEWAY,58191.0,PAID
7000006953,1000006953,20250322,GATEWAY,55950.0,PAID
7000006954,1000006954,20240602,CARD,31111.2,FAILED
7000006955,1000006955,20250804,CARD,28788.0,PAID
7000006956,1000006956,20250330,GATEWAY,40104.0,PAID
7000006957,1000006957,20241130,CARD,43923.0,FAILED
7000006958,1000006958,20241213,CARD,35985.0,PAID
7000006959,1000006959,20241116,CARD,53361.0,PAID
7000006960,1000006960,20240510,CASH,26136.0,FAILED
7000006961,1000006961,20250527,CASH,89606.55,FAILED
7000006962,1000006962,20250403,CARD,14520.0,REFUNDED
7000006963,1000006963,20241226,CASH,64251.0,PAID
7000006964,1000006964,20240321,CARD,59897.1,PAID
7000006965,1000006965,20250410,GATEWAY,38419.92,FAILED
7000006966,1000006966,20250607,CASH,110279.4,PAID
7000006967,1000006967,20241225,CARD,62944.2,PAID
7000006968,1000006968,20250128,CARD,57172.5,FAILED
7000006969,1000006969,20240117,CARD,19057.5,PAID
7000006970,1000006970,20241020,GATEWAY,36774.0,PAID
7000006971,1000006971,20240324,GATEWAY,27036.0,FAILED
7000006972,1000006972,20250612,CASH,58769.7,PAID
7000006973,1000006973,20250616,CARD,55950.0,PAID
7000006974,1000006974,20250423,CARD,29882.16,PAID
7000006975,1000006975,20240920,CARD,17968.5,PAID
7000006976,1000006976,20241104,CARD,45738.0,PAID
7000006977,1000006977,20250709,CARD,39319.92,PAID
7000006978,1000006978,20250323,CASH,14229.6,FAILED
7000006979,1000006979,20240708,CARD,55650.0,PAID
7000006980,1000006980,20241230,CARD,14520.0,PAID
7000006981,1000006981,20240420,GATEWAY,37500.0,PENDING
7000006982,1000006982,20250203,CARD,49005.0,PAID
7000006983,1000006983,20241215,CARD,63125.7,FAILED
7000006984,1000006984,20240512,GATEWAY,49005.0,PAID
7000006985,1000006985,20240114,GATEWAY,30240.0,PAID
7000006986,1000006986,20250630,CARD,43923.0,PAID
7000006987,1000006987,20240316,CARD,49005.0,PAID
7000006988,1000006988,20250828,GATEWAY,44460.0,PAID
7000006989,1000006989,20240402,CASH,43560.0,PAID
7000006990,1000006990,20250427,CARD,15420.0,PAID
7000006991,1000006991,20250922,GATEWAY,30303.0,PAID
7000006992,1000006992,20250829,GATEWAY,123194.7,PAID
7000006993,1000006993,20240811,CASH,27951.0,PAID
7000006994,1000006994,20240727,CARD,50205.0,PENDING
7000006995,1000006995,20240625,CASH,56918.4,PAID
7000006996,1000006996,20250908,CASH,15972.0,PAID
7000006997,1000006997,20250710,CARD,45123.0,PAID
7000006998,1000006998,20240607,CARD,54450.0,PAID
7000006999,1000006999,20250129,CARD,15518.25,PAID
7000007000,1000007000,20250823,CARD,18742.5,PAID
7000007001,1000007001,20240805,CASH,53361.0,REFUNDED
7000007002,1000007002,20241123,CARD,56929.05,PAID
7000007003,1000007003,20241230,TRANSFER,42688.8,FAILED
7000007004,1000007004,20250621,CARD,85893.06,PAID
7000007005,1000007005,20240213,GATEWAY,60984.0,PAID
7000007006,1000007006,20240117,CASH,83308.5,PAID
7000007007,1000007007,20250706,CARD,28749.6,PAID
7000007008,1000007008,20250203,CASH,14229.6,PAID
7000007009,1000007009,20250303,CARD,49905.0,PAID
7000007010,1000007010,20250930,CARD,71166.44,PAID
7000007011,1000007011,20250904,CARD,14268.0,PAID
7000007012,1000007012,20240526,CASH,76665.6,FAILED
7000007013,1000007013,20240324,CARD,19350.0,PAID
7000007014,1000007014,20241230,CASH,26789.4,PAID
7000007015,1000007015,20241203,GATEWAY,17172.0,PAID
7000007016,1000007016,20240409,GATEWAY,54261.0,PAID
7000007017,1000007017,20240413,CASH,76992.3,PAID
7000007018,1000007018,20250729,TRANSFER,56047.2,PAID
7000007019,1000007019,20240914,CARD,78393.24,PAID
7000007020,1000007020,20250715,CARD,18742.5,PAID
7000007021,1000007021,20240926,GATEWAY,34170.0,PAID
7000007022,1000007022,20240917,TRANSFER,76121.1,PAID
7000007023,1000007023,20250824,GATEWAY,59234.1,PAID
7000007024,1000007024,20240117,TRANSFER,12806.64,PAID
7000007025,1000007025,20241220,CARD,26136.0,PAID
7000007026,1000007026,20240515,TRANSFER,44104.5,PAID
7000007027,1000007027,20240113,CARD,43888.8,PAID
7000007028,1000007028,20240103,CARD,105044.7,PAID
7000007029,1000007029,20241028,CARD,32670.0,PAID
7000007030,1000007030,20240316,CARD,74407.5,PAID
7000007031,1000007031,20250205,CARD,17968.5,PAID
7000007032,1000007032,20241026,CARD,27036.0,PAID
7000007033,1000007033,20250524,GATEWAY,14568.0,PAID
7000007034,1000007034,20240220,CARD,12961.2,PAID
7000007035,1000007035,20240923,CASH,17242.5,PAID
7000007036,1000007036,20240223,CARD,37200.0,PAID
7000007037,1000007037,20250331,CARD,64253.1,PAID
7000007038,1000007038,20250722,CARD,74316.75,PAID
7000007039,1000007039,20250713,CARD,73500.0,PAID
7000007040,1000007040,20240617,TRANSFER,34485.0,PAID
7000007041,1000007041,20250323,CASH,48736.38,PAID
7000007042,1000007042,20240910,CARD,38443.8,PAID
7000007043,1000007043,20240628,GATEWAY,27336.0,PAID
7000007044,1000007044,20240820,CARD,51727.5,FAILED
7000007045,1000007045,20240201,CARD,54450.0,PAID
7000007046,1000007046,20240705,CARD,15720.0,PAID
7000007047,1000007047,20250429,GATEWAY,15683.7,REFUNDED
7000007048,1000007048,20240921,GATEWAY,15720.0,PAID
7000007049,1000007049,20250308,TRANSFER,36300.0,PAID
7000007050,1000007050,20241005,CARD,29403.0,REFUNDED
7000007051,1000007051,20250625,CARD,55650.0,FAILED
7000007052,1000007052,20241006,CARD,41382.0,PAID
7000007053,1000007053,20240101,CARD,30782.16,PAID
7000007054,1000007054,20240126,CARD,30249.6,PAID
7000007055,1000007055,20250313,CARD,32670.0,PAID
7000007056,1000007056,20250829,CASH,18104.62,PAID
7000007057,1000007057,20241004,CARD,110653.05,PAID
7000007058,1000007058,20240107,TRANSFER,26644.2,PAID
7000007059,1000007059,20250507,CARD,47019.15,PENDING
7000007060,1000007060,20250813,CARD,38552.7,PAID
7000007061,1000007061,20250524,GATEWAY,48457.68,PAID
7000007062,1000007062,20250909,CARD,28967.4,PAID
7000007063,1000007063,20240314,CARD,34303.5,PAID
7000007064,1000007064,20250629,CARD,43044.3,PAID
7000007065,1000007065,20241127,CARD,100018.2,PAID
7000007066,1000007066,20241009,CARD,32670.0,PAID
7000007067,1000007067,20240519,GATEWAY,51727.5,PAID
7000007068,1000007068,20250306,GATEWAY,42282.0,PAID
7000007069,1000007069,20240223,CARD,78456.0,PAID
7000007070,1000007070,20240724,CARD,110100.0,PAID
7000007071,1000007071,20250312,GATEWAY,34150.8,PAID
7000007072,1000007072,20240620,GATEWAY,30056.4,REFUNDED
7000007073,1000007073,20240503,CARD,14483.7,PAID
7000007074,1000007074,20240531,CARD,48271.5,PAID
7000007075,1000007075,20240920,GATEWAY,72592.5,PAID
7000007076,1000007076,20240725,CARD,27588.0,PENDING
7000007077,1000007077,20250823,CASH,17151.75,PAID
7000007078,1000007078,20240208,CARD,43560.0,PAID
7000007079,1000007079,20240613,GATEWAY,75034.2,PAID
7000007080,1000007080,20240312,CARD,15972.0,PAID
7000007081,1000007081,20240609,CARD,52627.5,PAID
7000007082,1000007082,20240104,TRANSFER,111259.5,PAID
7000007083,1000007083,20250805,CARD,29040.0,PAID
7000007084,1000007084,20250528,CARD,73863.0,PAID
7000007085,1000007085,20241126,GATEWAY,44460.0,PAID
7000007086,1000007086,20240924,CARD,18150.0,PAID
7000007087,1000007087,20240326,CARD,40704.0,PAID
7000007088,1000007088,20241207,GATEWAY,41130.0,PAID
7000007089,1000007089,20240721,CASH,14520.0,PAID
7000007090,1000007090,20250618,GATEWAY,16141.08,PAID
7000007091,1000007091,20240822,CARD,18987.0,PAID
7000007092,1000007092,20240822,CARD,31036.5,PAID
7000007093,1000007093,20240109,GATEWAY,63962.7,PAID
7000007094,1000007094,20250211,CARD,16335.0,FAILED
7000007095,1000007095,20250315,CARD,56511.6,PAID
7000007096,1000007096,20240827,CASH,30492.0,PAID
7000007097,1000007097,20250417,GATEWAY,44460.0,PAID
7000007098,1000007098,20240828,GATEWAY,58672.5,PENDING
7000007099,1000007099,20250912,CARD,13068.0,PAID
7000007100,1000007100,20250312,GATEWAY,54450.0,PAID
7000007101,1000007101,20250519,CARD,44460.0,PAID
7000007102,1000007102,20241202,CARD,46554.75,PAID
7000007103,1000007103,20240130,CASH,13794.0,PAID
7000007104,1000007104,20240617,CARD,43888.8,PAID
7000007105,1000007105,20250929,GATEWAY,16073.4,PAID
7000007106,1000007106,20250828,CARD,20765.7,PAID
7000007107,1000007107,20250330,CASH,84796.8,PAID
7000007108,1000007108,20250605,CARD,58191.0,PAID
7000007109,1000007109,20241218,CARD,27442.8,FAILED
7000007110,1000007110,20240204,CASH,74669.1,PAID
7000007111,1000007111,20240522,CARD,44760.0,PAID
7000007112,1000007112,20250501,GATEWAY,27636.0,PAID
7000007113,1000007113,20250325,CARD,35685.0,PAID
7000007114,1000007114,20250605,CARD,54450.0,PAID
7000007115,1000007115,20240831,CASH,13794.0,PAID
7000007116,1000007116,20250803,CARD,30540.0,PAID
7000007117,1000007117,20250130,GATEWAY,38443.8,PAID
7000007118,1000007118,20250422,CARD,39204.0,PAID
7000007119,1000007119,20241215,GATEWAY,32236.5,PAID
7000007120,1000007120,20250227,TRANSFER,28749.6,PAID
7000007121,1000007121,20250626,CASH,34485.0,PAID
7000007122,1000007122,20250818,GATEWAY,91294.5,PAID
7000007123,1000007123,20250418,GATEWAY,54333.6,FAILED
7000007124,1000007124,20240907,CARD,57172.5,PAID
7000007125,1000007125,20240303,TRANSFER,54450.0,PAID
7000007126,1000007126,20250607,CARD,78843.6,PAID
7000007127,1000007127,20240311,GATEWAY,42282.0,PAID
7000007128,1000007128,20250924,GATEWAY,40104.0,PAID
7000007129,1000007129,20240905,CASH,54450.0,REFUNDED
7000007130,1000007130,20240311,CASH,23522.4,PAID
7000007131,1000007131,20240422,GATEWAY,39315.0,PAID
7000007132,1000007132,20241212,GATEWAY,40031.4,FAILED
7000007133,1000007133,20240605,CARD,13068.0,PAID
7000007134,1000007134,20250112,CASH,50529.6,PAID
7000007135,1000007135,20250801,CARD,59840.55,REFUNDED
7000007136,1000007136,20250328,CARD,19565.7,PAID
7000007137,1000007137,20250204,CARD,50205.0,PAID
7000007138,1000007138,20250412,GATEWAY,14621.4,PAID
7000007139,1000007139,20241028,GATEWAY,26513.28,REFUNDED
7000007140,1000007140,20250220,TRANSFER,81675.0,PAID
7000007141,1000007141,20241221,GATEWAY,35685.0,PAID
7000007142,1000007142,20241025,GATEWAY,32236.5,REFUNDED
7000007143,1000007143,20240830,CASH,16335.0,PAID
7000007144,1000007144,20240822,CARD,60124.5,PAID
7000007145,1000007145,20241229,CARD,17787.0,PAID
7000007146,1000007146,20250730,CARD,92746.5,PAID
7000007147,1000007147,20240507,CASH,49821.75,PAID
7000007148,1000007148,20250723,CASH,26136.0,PAID
7000007149,1000007149,20250709,CARD,51727.5,PAID
7000007150,1000007150,20241217,CASH,34485.0,PAID
7000007151,1000007151,20250721,CASH,151316.55,PAID
7000007152,1000007152,20250905,GATEWAY,40704.0,PAID
7000007153,1000007153,20250730,CARD,43560.0,PAID
7000007154,1000007154,20250906,CARD,55513.88,PAID
7000007155,1000007155,20240914,CARD,27588.0,PAID
7000007156,1000007156,20250927,CARD,94743.0,PAID
7000007157,1000007157,20240928,CARD,95832.0,PAID
7000007158,1000007158,20250823,CARD,54450.0,PAID
7000007159,1000007159,20240929,CARD,52627.5,PAID
7000007160,1000007160,20241023,CASH,19565.7,PAID
7000007161,1000007161,20240622,CARD,14994.0,PAID
7000007162,1000007162,20250520,CARD,13068.0,PAID
7000007163,1000007163,20240118,CARD,55571.67,PAID
7000007164,1000007164,20241024,GATEWAY,30303.0,PAID
7000007165,1000007165,20240925,CARD,19866.75,REFUNDED
7000007166,1000007166,20240614,GATEWAY,33570.0,PAID
7000007167,1000007167,20250210,CASH,77609.4,PAID
7000007168,1000007168,20250109,GATEWAY,45738.0,PAID
7000007169,1000007169,20250911,GATEWAY,14994.0,PAID
7000007170,1000007170,20250402,CARD,62610.0,PAID
7000007171,1000007171,20250126,CARD,27588.0,PAID
7000007172,1000007172,20250712,CARD,58072.5,PAID
7000007173,1000007173,20250114,CARD,35283.6,PAID
7000007174,1000007174,20250101,GATEWAY,44651.1,PAID
7000007175,1000007175,20250103,GATEWAY,73500.0,PAID
7000007176,1000007176,20240904,CARD,28459.2,PAID
7000007177,1000007177,20250408,CARD,12961.2,PAID
7000007178,1000007178,20241013,CASH,50048.62,PAID
7000007179,1000007179,20250227,CARD,140836.5,REFUNDED
7000007180,1000007180,20250202,TRANSFER,49005.0,REFUNDED
7000007181,1000007181,20240229,CARD,57455.4,PAID
7000007182,1000007182,20250516,TRANSFER,12414.6,PAID
7000007183,1000007183,20240718,CARD,78262.8,PAID
7000007184,1000007184,20240222,TRANSFER,13068.0,PAID
7000007185,1000007185,20250122,CARD,29223.6,PAID
7000007186,1000007186,20240403,CASH,50529.6,FAILED
7000007187,1000007187,20240101,CARD,30240.0,PAID
7000007188,1000007188,20241224,CARD,37800.0,PAID
7000007189,1000007189,20240705,CARD,29040.0,PAID
7000007190,1000007190,20240523,CASH,39204.0,PAID
7000007191,1000007191,20241122,GATEWAY,60795.0,PAID
7000007192,1000007192,20250423,CARD,49416.0,PAID
7000007193,1000007193,20241119,CASH,63162.0,PAID
7000007194,1000007194,20240203,GATEWAY,13706.64,PAID
7000007195,1000007195,20240627,CASH,26136.0,PAID
7000007196,1000007196,20240903,CASH,18150.0,PAID
7000007197,1000007197,20250612,GATEWAY,83238.0,PAID
7000007198,1000007198,20241012,GATEWAY,71380.08,PAID
7000007199,1000007199,20250111,CARD,73126.35,PAID
7000007200,1000007200,20240417,CARD,58072.5,PAID
7000007201,1000007201,20250123,CARD,16335.0,PAID
7000007202,1000007202,20250125,CARD,39131.4,PAID
7000007203,1000007203,20241029,CARD,40104.0,PAID
7000007204,1000007204,20241115,CARD,63880.5,PAID
7000007205,1000007205,20250311,GATEWAY,13614.6,PAID
7000007206,1000007206,20250313,CARD,16446.0,PAID
7000007207,1000007207,20250819,CASH,13794.0,PAID
7000007208,1000007208,20250606,CARD,26513.28,PAID
7000007209,1000007209,20250123,GATEWAY,32672.1,FAILED
7000007210,1000007210,20250428,GATEWAY,25613.28,PAID
7000007211,1000007211,20250604,CASH,42688.8,PAID
7000007212,1000007212,20250819,CASH,72990.22,PAID
7000007213,1000007213,20250605,CARD,13968.0,PAID
7000007214,1000007214,20250528,GATEWAY,25729.2,PAID
7000007215,1000007215,20241213,CASH,18150.0,FAILED
7000007216,1000007216,20241223,CASH,26136.0,PAID
7000007217,1000007217,20241122,GATEWAY,94348.14,PAID
7000007218,1000007218,20240806,TRANSFER,35937.0,PAID
7000007219,1000007219,20250713,CARD,40104.0,PAID
7000007220,1000007220,20240705,CARD,42688.8,PAID
7000007221,1000007221,20250730,GATEWAY,63999.0,PAID
7000007222,1000007222,20250113,GATEWAY,54087.0,PAID
7000007223,1000007223,20250615,CASH,39204.0,PAID
7000007224,1000007224,20250519,GATEWAY,20176.35,PAID
7000007225,1000007225,20250303,CARD,14568.0,PAID
7000007226,1000007226,20240708,CARD,40031.4,PAID
7000007227,1000007227,20250820,CARD,43560.0,PAID
7000007228,1000007228,20240127,CARD,39204.0,PAID
7000007229,1000007229,20250601,GATEWAY,20176.35,PAID
7000007230,1000007230,20250920,CARD,70160.4,FAILED
7000007231,1000007231,20250302,CASH,58624.5,PAID
7000007232,1000007232,20241208,TRANSFER,42035.4,PAID
7000007233,1000007233,20240526,CARD,66540.0,PAID
7000007234,1000007234,20240825,GATEWAY,36592.5,PAID
7000007235,1000007235,20250730,CARD,34485.0,PAID
7000007236,1000007236,20240719,GATEWAY,80089.5,PAID
7000007237,1000007237,20240824,CASH,59532.0,PENDING
7000007238,1000007238,20250911,GATEWAY,31381.35,PAID
7000007239,1000007239,20240217,CARD,54145.08,PAID
7000007240,1000007240,20240322,GATEWAY,30056.4,FAILED
7000007241,1000007241,20240425,GATEWAY,44460.0,FAILED
7000007242,1000007242,20250528,CASH,40656.0,PAID
7000007243,1000007243,20250830,CARD,17535.0,PAID
7000007244,1000007244,20250326,CARD,132560.1,PAID
7000007245,1000007245,20240211,CARD,54624.0,PAID
7000007246,1000007246,20241111,CARD,40104.0,PAID
7000007247,1000007247,20250515,CARD,26136.0,PAID
7000007248,1000007248,20240703,CARD,15901.5,PAID
7000007249,1000007249,20250215,CARD,54450.0,PAID
7000007250,1000007250,20241202,CARD,31305.12,PAID
7000007251,1000007251,20250119,CASH,41164.2,PAID
7000007252,1000007252,20241113,CARD,38833.5,PAID
7000007253,1000007253,20250923,GATEWAY,50205.0,PAID
7000007254,1000007254,20240608,GATEWAY,36474.0,PAID
7000007255,1000007255,20241029,CASH,13721.4,PAID
7000007256,1000007256,20241216,CARD,55650.0,PAID
7000007257,1000007257,20250628,GATEWAY,53227.5,PAID
7000007258,1000007258,20250224,TRANSFER,37243.8,PAID
7000007259,1000007259,20241016,CARD,82212.0,PAID
7000007260,1000007260,20250523,GATEWAY,45723.24,PAID
7000007261,1000007261,20240729,GATEWAY,31382.16,PAID
7000007262,1000007262,20241013,CARD,14694.0,PAID
7000007263,1000007263,20240521,CARD,41382.0,PAID
7000007264,1000007264,20240325,CASH,33922.35,PAID
7000007265,1000007265,20250101,GATEWAY,59706.0,PAID
7000007266,1000007266,20250208,GATEWAY,42282.0,PAID
7000007267,1000007267,20250616,TRANSFER,19057.5,PAID
7000007268,1000007268,20241206,TRANSFER,55393.8,PAID
7000007269,1000007269,20250902,CARD,78988.8,PAID
7000007270,1000007270,20241105,CARD,41130.0,PAID
7000007271,1000007271,20250424,GATEWAY,71922.0,PAID
7000007272,1000007272,20250514,CASH,87846.0,REFUNDED
7000007273,1000007273,20240321,CARD,38833.5,PAID
7000007274,1000007274,20250907,CASH,13068.0,PAID
7000007275,1000007275,20240124,CARD,30782.16,PAID
7000007276,1000007276,20250723,CARD,49005.0,PAID
7000007277,1000007277,20240414,GATEWAY,54561.0,FAILED
7000007278,1000007278,20250604,GATEWAY,30782.16,PAID
7000007279,1000007279,20250406,GATEWAY,38852.7,PAID
7000007280,1000007280,20250328,GATEWAY,54261.0,PAID
7000007281,1000007281,20250126,CASH,26136.0,PAID
7000007282,1000007282,20240706,GATEWAY,39015.0,PAID
7000007283,1000007283,20240125,CARD,32236.5,PAID
7000007284,1000007284,20240705,CASH,44104.5,PAID
7000007285,1000007285,20240922,GATEWAY,82938.0,PAID
7000007286,1000007286,20250216,CARD,30492.0,FAILED
7000007287,1000007287,20250716,GATEWAY,18987.0,PAID
7000007288,1000007288,20250124,CASH,29403.0,PAID
7000007289,1000007289,20240729,CARD,18987.0,PAID
7000007290,1000007290,20250527,GATEWAY,54261.0,PAID
7000007291,1000007291,20241110,CARD,28788.0,PAID
7000007292,1000007292,20241103,CARD,34303.5,PAID
7000007293,1000007293,20250206,CARD,72727.05,PAID
7000007294,1000007294,20250711,CARD,29359.2,PAID
7000007295,1000007295,20250520,GATEWAY,17787.0,PAID
7000007296,1000007296,20241101,CARD,94851.9,PAID
7000007297,1000007297,20240528,CARD,13068.0,PAID
7000007298,1000007298,20240927,GATEWAY,46270.08,PAID
7000007299,1000007299,20250316,GATEWAY,15129.6,PAID
7000007300,1000007300,20240510,GATEWAY,47799.6,PAID
7000007301,1000007301,20250424,CASH,68752.2,FAILED
7000007302,1000007302,20250411,CASH,54450.0,PAID
7000007303,1000007303,20250619,GATEWAY,19287.0,PAID
7000007304,1000007304,20240620,CARD,64795.5,PAID
7000007305,1000007305,20250308,TRANSFER,39204.0,PAID
7000007306,1000007306,20241216,GATEWAY,49905.0,PAID
7000007307,1000007307,20241112,CASH,133162.92,PAID
7000007308,1000007308,20240412,GATEWAY,39619.92,PAID
7000007309,1000007309,20241222,CARD,17242.5,PAID
7000007310,1000007310,20241004,CARD,34303.5,PAID
7000007311,1000007311,20250407,GATEWAY,28459.2,REFUNDED
7000007312,1000007312,20240514,GATEWAY,43560.0,PAID
7000007313,1000007313,20241106,GATEWAY,44651.1,FAILED
7000007314,1000007314,20250227,CARD,37352.7,PAID
7000007315,1000007315,20240610,GATEWAY,20166.75,PAID
7000007316,1000007316,20250905,GATEWAY,45060.0,PAID
7000007317,1000007317,20240220,CARD,27036.0,PAID
7000007318,1000007318,20240714,CARD,27442.8,PAID
7000007319,1000007319,20240501,GATEWAY,68244.0,PAID
7000007320,1000007320,20250622,GATEWAY,17835.0,FAILED
7000007321,1000007321,20250618,CARD,71322.0,PAID
7000007322,1000007322,20250602,CARD,18868.5,PAID
7000007323,1000007323,20250213,CARD,42282.0,PAID
7000007324,1000007324,20241112,GATEWAY,44188.8,PAID
7000007325,1000007325,20240927,CASH,39204.0,PAID
7000007326,1000007326,20240413,GATEWAY,55650.0,PAID
7000007327,1000007327,20241115,CARD,13068.0,PAID
7000007328,1000007328,20241210,TRANSFER,77623.92,PAID
7000007329,1000007329,20250523,CARD,53361.0,PAID
7000007330,1000007330,20250417,GATEWAY,54861.0,PAID
7000007331,1000007331,20240715,CASH,35937.0,PAID
7000007332,1000007332,20250917,CARD,40104.0,PAID
7000007333,1000007333,20241022,CARD,79363.5,PAID
7000007334,1000007334,20240815,CARD,39204.0,PAID
7000007335,1000007335,20250707,CARD,113183.16,PAID
7000007336,1000007336,20250205,CASH,56628.0,PAID
7000007337,1000007337,20240223,CARD,52272.0,PAID
7000007338,1000007338,20250907,GATEWAY,42282.0,FAILED
7000007339,1000007339,20250302,CARD,28488.0,FAILED
7000007340,1000007340,20241001,CASH,18966.75,PAID
7000007341,1000007341,20250212,CARD,18442.5,PAID
7000007342,1000007342,20240801,CARD,13614.6,PAID
7000007343,1000007343,20240708,CARD,139174.2,PAID
7000007344,1000007344,20250325,CASH,36300.0,PAID
7000007345,1000007345,20250730,CASH,32016.6,PAID
7000007346,1000007346,20240623,CARD,43124.4,REFUNDED
7000007347,1000007347,20250224,CASH,44104.5,PAID
7000007348,1000007348,20241010,CARD,36783.6,PAID
7000007349,1000007349,20250627,CARD,32805.12,PAID
7000007350,1000007350,20240315,CARD,15294.0,PAID
7000007351,1000007351,20240604,GATEWAY,85479.0,PAID
7000007352,1000007352,20240519,CARD,106107.0,PAID
7000007353,1000007353,20240730,GATEWAY,28788.0,FAILED
7000007354,1000007354,20240427,GATEWAY,45302.16,PAID
7000007355,1000007355,20240713,GATEWAY,68473.5,FAILED
7000007356,1000007356,20250605,CASH,16335.0,PAID
7000007357,1000007357,20240523,GATEWAY,18442.5,PAID
7000007358,1000007358,20250705,CARD,27336.0,PAID
7000007359,1000007359,20250614,GATEWAY,31246.8,PAID
7000007360,1000007360,20240606,GATEWAY,37800.0,PAID
7000007361,1000007361,20241002,CARD,49005.0,PAID
7000007362,1000007362,20250628,CASH,17787.0,PAID
7000007363,1000007363,20250112,CARD,55902.0,PAID
7000007364,1000007364,20240314,CARD,37200.0,PAID
7000007365,1000007365,20250827,TRANSFER,78262.8,REFUNDED
7000007366,1000007366,20250406,CARD,15429.6,PAID
7000007367,1000007367,20250510,GATEWAY,42882.0,PAID
7000007368,1000007368,20250402,CARD,37352.7,PENDING
7000007369,1000007369,20240109,CARD,94128.0,PAID
7000007370,1000007370,20240518,GATEWAY,62610.0,PAID
7000007371,1000007371,20250928,CASH,13794.0,FAILED
7000007372,1000007372,20240923,CARD,54450.0,FAILED
7000007373,1000007373,20250105,GATEWAY,70857.6,FAILED
7000007374,1000007374,20241007,CASH,36300.0,PAID
7000007375,1000007375,20241008,CARD,61975.8,PAID
7000007376,1000007376,20250902,CASH,120153.0,PAID
7000007377,1000007377,20240930,CASH,75358.8,PAID
7000007378,1000007378,20241001,GATEWAY,40404.0,PAID
7000007379,1000007379,20240726,CARD,94009.5,PAID
7000007380,1000007380,20250213,CARD,66240.0,PAID
7000007381,1000007381,20250718,CARD,96104.25,PAID
7000007382,1000007382,20240908,TRANSFER,43124.4,PAID
7000007383,1000007383,20240222,CASH,73326.0,PAID
7000007384,1000007384,20250107,CARD,16446.0,REFUNDED
7000007385,1000007385,20241214,GATEWAY,18687.0,PAID
7000007386,1000007386,20240726,CARD,47454.75,PAID
7000007387,1000007387,20240821,GATEWAY,29040.0,PAID
7000007388,1000007388,20240229,CASH,34485.0,PAID
7000007389,1000007389,20240902,CARD,14520.0,PAID
7000007390,1000007390,20240726,CARD,88390.5,PAID
7000007391,1000007391,20250426,CARD,42688.8,PAID
7000007392,1000007392,20241007,CARD,18104.62,REFUNDED
7000007393,1000007393,20240111,CASH,49005.0,PAID
7000007394,1000007394,20250716,GATEWAY,15383.7,FAILED
7000007395,1000007395,20240615,GATEWAY,40104.0,PAID
7000007396,1000007396,20250903,CARD,29040.0,PAID
7000007397,1000007397,20241217,CARD,27588.0,PAID
7000007398,1000007398,20250704,TRANSFER,29040.0,FAILED
7000007399,1000007399,20250517,CARD,69262.5,PAID
7000007400,1000007400,20240109,CARD,66603.0,PAID
7000007401,1000007401,20240514,CASH,41382.0,PAID
7000007402,1000007402,20241229,CARD,37933.5,PAID
7000007403,1000007403,20241225,CARD,44760.0,PAID
7000007404,1000007404,20241126,CARD,44823.24,PAID
7000007405,1000007405,20250311,CARD,90613.88,PAID
7000007406,1000007406,20241012,CARD,40631.4,PAID
7000007407,1000007407,20240325,CASH,71801.4,PAID
7000007408,1000007408,20240407,CARD,27336.0,PAID
7000007409,1000007409,20250917,GATEWAY,37200.0,PAID
7000007410,1000007410,20240707,GATEWAY,45060.0,PAID
7000007411,1000007411,20241115,CASH,12414.6,PAID
7000007412,1000007412,20250620,TRANSFER,35574.0,FAILED
7000007413,1000007413,20240424,CARD,16552.56,PAID
7000007414,1000007414,20250805,CARD,42064.2,PAID
7000007415,1000007415,20250129,CASH,118592.1,PAID
7000007416,1000007416,20240331,CARD,43588.8,PAID
7000007417,1000007417,20240518,CASH,12414.6,PAID
7000007418,1000007418,20250810,CARD,88637.1,PAID
7000007419,1000007419,20240506,CASH,26136.0,REFUNDED
7000007420,1000007420,20250331,CARD,49005.0,PAID
7000007421,1000007421,20250805,CARD,44188.8,PAID
7000007422,1000007422,20250823,CARD,28488.0,PAID
7000007423,1000007423,20250221,CARD,30346.8,PAID
7000007424,1000007424,20241104,GATEWAY,95425.2,REFUNDED
7000007425,1000007425,20250609,GATEWAY,52927.5,PAID
7000007426,1000007426,20240505,TRANSFER,12414.6,PAID
7000007427,1000007427,20241220,CARD,14694.0,PAID
7000007428,1000007428,20250618,CARD,41164.2,PAID
7000007429,1000007429,20240901,GATEWAY,28459.2,PAID
7000007430,1000007430,20241126,CARD,17968.5,PAID
7000007431,1000007431,20240219,CARD,37074.0,PAID
7000007432,1000007432,20240302,CASH,12806.64,PAID
7000007433,1000007433,20250227,TRANSFER,15246.0,PAID
7000007434,1000007434,20250922,CARD,13968.0,PAID
7000007435,1000007435,20240425,CARD,13068.0,PAID
7000007436,1000007436,20240303,CASH,53361.0,PAID
7000007437,1000007437,20240130,CARD,27036.0,PAID
7000007438,1000007438,20250516,GATEWAY,26813.28,PAID
7000007439,1000007439,20250604,CARD,14229.6,PAID
7000007440,1000007440,20250912,CARD,38143.8,REFUNDED
7000007441,1000007441,20240921,TRANSFER,28967.4,FAILED
7000007442,1000007442,20250202,CARD,20166.75,PAID
7000007443,1000007443,20241208,CASH,64388.94,PAID
7000007444,1000007444,20250527,GATEWAY,117597.24,PAID
7000007445,1000007445,20250617,CARD,37200.0,PAID
7000007446,1000007446,20250407,GATEWAY,19004.62,PAID
7000007447,1000007447,20240918,CASH,76593.0,PAID
7000007448,1000007448,20241120,CASH,32670.0,PAID
7000007449,1000007449,20240224,CARD,39015.0,PAID
7000007450,1000007450,20250918,CARD,55795.2,PAID
7000007451,1000007451,20250502,GATEWAY,30603.0,PAID
7000007452,1000007452,20250717,CARD,33870.0,FAILED
7000007453,1000007453,20250927,GATEWAY,27636.0,PAID
7000007454,1000007454,20240626,TRANSFER,51909.0,PAID
7000007455,1000007455,20240505,GATEWAY,60432.0,PAID
7000007456,1000007456,20240409,GATEWAY,43888.8,PAID
7000007457,1000007457,20241110,CASH,16335.0,PAID
7000007458,1000007458,20250323,CARD,14520.0,PAID
7000007459,1000007459,20240324,CASH,16335.0,PAID
7000007460,1000007460,20250219,TRANSFER,17787.0,PAID
7000007461,1000007461,20241130,GATEWAY,15901.5,FAILED
7000007462,1000007462,20240426,CARD,17018.25,PAID
7000007463,1000007463,20250919,CARD,45738.0,PAID
7000007464,1000007464,20241206,GATEWAY,30540.0,PENDING
7000007465,1000007465,20240828,CARD,44760.0,PAID
7000007466,1000007466,20240406,CARD,18742.5,PAID
7000007467,1000007467,20250122,CASH,28459.2,PAID
7000007468,1000007468,20240228,CASH,29403.0,PAID
7000007469,1000007469,20250602,CARD,95452.95,PAID
7000007470,1000007470,20241119,GATEWAY,15574.8,PAID
7000007471,1000007471,20250328,CARD,68797.58,PAID
7000007472,1000007472,20240721,CARD,61395.0,PAID
7000007473,1000007473,20240626,CARD,42882.0,PAID
7000007474,1000007474,20250423,GATEWAY,86277.6,PAID
7000007475,1000007475,20250825,CARD,43588.8,PAID
7000007476,1000007476,20240625,CARD,59580.0,PAID
7000007477,1000007477,20241212,GATEWAY,49005.0,PAID
7000007478,1000007478,20241215,GATEWAY,16146.0,PENDING
7000007479,1000007479,20250620,CARD,44760.0,PAID
7000007480,1000007480,20240302,CARD,13068.0,PAID
7000007481,1000007481,20250107,CASH,32670.0,PENDING
7000007482,1000007482,20250330,CARD,35574.0,PAID
7000007483,1000007483,20250412,CARD,26136.0,PAID
7000007484,1000007484,20250916,CASH,32670.0,PAID
7000007485,1000007485,20240317,CASH,103273.5,PAID
7000007486,1000007486,20250912,CARD,40404.0,PAID
7000007487,1000007487,20240818,GATEWAY,59241.36,PAID
7000007488,1000007488,20240303,GATEWAY,29949.6,PAID
7000007489,1000007489,20240525,CARD,52355.25,PAID
7000007490,1000007490,20250314,CARD,28642.8,PAID
7000007491,1000007491,20240814,TRANSFER,16335.0,PAID
7000007492,1000007492,20240320,GATEWAY,29659.2,PAID
7000007493,1000007493,20240403,CARD,36474.0,PAID
7000007494,1000007494,20250519,CASH,27442.8,PAID
7000007495,1000007495,20240514,CARD,15574.8,PAID
7000007496,1000007496,20241108,CARD,17835.0,PAID
7000007497,1000007497,20250101,GATEWAY,32670.0,PAID
7000007498,1000007498,20240716,CASH,13721.4,PAID
7000007499,1000007499,20240313,GATEWAY,80803.8,FAILED
7000007500,1000007500,20250204,CASH,15246.0,PAID
7000007501,1000007501,20241007,CASH,54450.0,PAID
7000007502,1000007502,20240604,CARD,13068.0,PAID
7000007503,1000007503,20240523,CASH,17787.0,PAID
7000007504,1000007504,20250523,CARD,66240.0,PAID
7000007505,1000007505,20240305,GATEWAY,49524.9,PAID
7000007506,1000007506,20240505,CARD,46420.2,PAID
7000007507,1000007507,20240101,CARD,60929.55,PAID
7000007508,1000007508,20240901,TRANSFER,17787.0,FAILED
7000007509,1000007509,20250412,CARD,14268.0,PAID
7000007510,1000007510,20250728,CASH,44823.24,PAID
7000007511,1000007511,20250628,CARD,14520.0,PENDING
7000007512,1000007512,20241124,CARD,90024.0,PAID
7000007513,1000007513,20240915,CASH,56991.0,PAID
7000007514,1000007514,20241109,GATEWAY,44760.0,PAID
7000007515,1000007515,20241230,CARD,36300.0,PAID
7000007516,1000007516,20250111,CARD,18142.5,PAID
7000007517,1000007517,20240829,GATEWAY,28788.0,PAID
7000007518,1000007518,20240124,GATEWAY,49905.0,PAID
7000007519,1000007519,20241207,GATEWAY,40404.0,PAID
7000007520,1000007520,20240318,CARD,49005.0,PAID
7000007521,1000007521,20241004,CARD,40704.0,PAID
7000007522,1000007522,20240812,CASH,43560.0,REFUNDED
7000007523,1000007523,20240907,GATEWAY,42631.53,PAID
7000007524,1000007524,20240926,TRANSFER,140780.48,PAID
7000007525,1000007525,20240831,GATEWAY,42582.0,PAID
7000007526,1000007526,20240528,CARD,48716.7,PAID
7000007527,1000007527,20250908,CARD,49005.0,PAID
7000007528,1000007528,20250507,CARD,16020.0,PAID
7000007529,1000007529,20250724,TRANSFER,45738.0,PAID
7000007530,1000007530,20240322,GATEWAY,103266.0,PAID
7000007531,1000007531,20250222,CARD,27588.0,PAID
7000007532,1000007532,20240119,CARD,44278.5,REFUNDED
7000007533,1000007533,20250613,GATEWAY,54805.5,PENDING
7000007534,1000007534,20240622,GATEWAY,50205.0,PAID
7000007535,1000007535,20250520,GATEWAY,29359.2,PAID
7000007536,1000007536,20240822,CASH,32670.0,PAID
7000007537,1000007537,20240918,CARD,68495.28,PAID
7000007538,1000007538,20250531,GATEWAY,32236.5,PAID
7000007539,1000007539,20240519,CARD,41817.6,PAID
7000007540,1000007540,20240323,CASH,17787.0,PAID
7000007541,1000007541,20241209,CARD,71783.25,FAILED
7000007542,1000007542,20250206,GATEWAY,16335.0,PAID
7000007543,1000007543,20240830,GATEWAY,13794.0,PAID
7000007544,1000007544,20240208,CARD,13068.0,PAID
7000007545,1000007545,20250416,TRANSFER,56900.25,PAID
7000007546,1000007546,20250809,GATEWAY,24722.4,PAID
7000007547,1000007547,20250523,CARD,27588.0,PAID
7000007548,1000007548,20240613,CARD,28459.2,PAID
7000007549,1000007549,20240920,GATEWAY,30240.0,PAID
7000007550,1000007550,20240102,CARD,17152.56,PAID
7000007551,1000007551,20240803,GATEWAY,14483.7,FAILED
7000007552,1000007552,20240512,GATEWAY,46023.24,PAID
7000007553,1000007553,20240310,GATEWAY,26136.0,PAID
7000007554,1000007554,20250602,CARD,26029.2,PAID
7000007555,1000007555,20250703,CARD,17787.0,PAID
7000007556,1000007556,20250314,CARD,40104.0,FAILED
7000007557,1000007557,20240525,CARD,43560.0,PAID
7000007558,1000007558,20240124,CASH,15652.56,PAID
7000007559,1000007559,20241001,GATEWAY,61158.0,PAID
7000007560,1000007560,20240726,CASH,41382.0,FAILED
7000007561,1000007561,20241107,GATEWAY,35385.0,PAID
7000007562,1000007562,20240129,CARD,92565.0,PAID
7000007563,1000007563,20250113,CARD,36474.0,PAID
7000007564,1000007564,20240411,GATEWAY,31246.8,PAID
7000007565,1000007565,20250614,CARD,39131.4,PAID
7000007566,1000007566,20241024,CARD,75968.4,PAID
7000007567,1000007567,20240707,CARD,56900.25,PAID
7000007568,1000007568,20240226,CARD,70070.7,PAID
7000007569,1000007569,20240110,CASH,56029.05,PAID
7000007570,1000007570,20250919,CASH,65340.0,PAID
7000007571,1000007571,20240721,GATEWAY,44624.4,FAILED
7000007572,1000007572,20240629,CASH,42688.8,PAID
7000007573,1000007573,20250705,GATEWAY,52272.0,PAID
7000007574,1000007574,20240914,CASH,32670.0,PAID
7000007575,1000007575,20240201,GATEWAY,88746.0,PAID
7000007576,1000007576,20240716,CARD,32670.0,PAID
7000007577,1000007577,20240727,CARD,52501.5,PAID
7000007578,1000007578,20250418,CASH,47916.0,PAID
7000007579,1000007579,20250412,CARD,54861.0,PAID
7000007580,1000007580,20241008,CARD,51727.5,FAILED
7000007581,1000007581,20240616,CASH,41382.0,PAID
7000007582,1000007582,20250411,CASH,62690.1,REFUNDED
7000007583,1000007583,20240910,GATEWAY,58708.8,PAID
7000007584,1000007584,20250218,CARD,25729.2,PENDING
7000007585,1000007585,20250610,TRANSFER,49005.0,PAID
7000007586,1000007586,20250622,CASH,15246.0,PAID
7000007587,1000007587,20250129,CASH,29040.0,PAID
7000007588,1000007588,20240409,TRANSFER,54856.56,PAID
7000007589,1000007589,20240803,CARD,16141.08,PAID
7000007590,1000007590,20250824,CASH,27442.8,PAID
7000007591,1000007591,20250621,CARD,96336.33,PAID
7000007592,1000007592,20241002,GATEWAY,37800.0,PAID
7000007593,1000007593,20240928,CARD,41382.0,PAID
7000007594,1000007594,20240219,GATEWAY,16141.08,PAID
7000007595,1000007595,20250728,GATEWAY,42282.0,PAID
7000007596,1000007596,20240524,GATEWAY,55350.0,PAID
7000007597,1000007597,20240806,TRANSFER,53361.0,PAID
7000007598,1000007598,20250317,GATEWAY,67568.58,PAID
7000007599,1000007599,20250909,CASH,71148.0,PAID
7000007600,1000007600,20250303,CASH,87301.5,PAID
7000007601,1000007601,20250222,CARD,41382.0,PAID
7000007602,1000007602,20240331,CARD,34657.18,PAID
7000007603,1000007603,20240218,CARD,17172.0,FAILED
7000007604,1000007604,20250912,GATEWAY,18687.0,FAILED
7000007605,1000007605,20250118,CASH,74778.0,PAID
7000007606,1000007606,20241109,CARD,49005.0,PAID
7000007607,1000007607,20241224,GATEWAY,29659.2,PAID
7000007608,1000007608,20250205,CARD,35503.5,PAID
7000007609,1000007609,20240619,CARD,27036.0,FAILED
7000007610,1000007610,20250117,CARD,39930.0,PAID
7000007611,1000007611,20240323,CARD,46554.75,PAID
7000007612,1000007612,20250420,CASH,15246.0,PAID
7000007613,1000007613,20250806,GATEWAY,132606.0,FAILED
7000007614,1000007614,20241205,CARD,103483.8,PAID
7000007615,1000007615,20250624,TRANSFER,26136.0,REFUNDED
7000007616,1000007616,20250107,CARD,75141.0,PAID
7000007617,1000007617,20240831,TRANSFER,25613.28,PAID
7000007618,1000007618,20250317,GATEWAY,53227.5,PAID
7000007619,1000007619,20240816,CARD,48157.68,PAID
7000007620,1000007620,20240908,GATEWAY,120009.9,PAID
7000007621,1000007621,20240724,CARD,54450.0,PAID
7000007622,1000007622,20241006,CARD,34659.0,PAID
7000007623,1000007623,20241015,CARD,17242.5,PAID
7000007624,1000007624,20250419,GATEWAY,19057.5,PAID
7000007625,1000007625,20250512,CARD,15720.0,PAID
7000007626,1000007626,20240122,CASH,72200.7,PAID
7000007627,1000007627,20240608,CARD,47857.68,PAID
7000007628,1000007628,20250214,CARD,33091.08,REFUNDED
7000007629,1000007629,20250421,CARD,64089.75,PAID
7000007630,1000007630,20250222,GATEWAY,55350.0,PAID
7000007631,1000007631,20240727,CARD,99781.2,PAID
7000007632,1000007632,20240222,CASH,86684.4,FAILED
7000007633,1000007633,20250513,GATEWAY,73228.8,PAID
7000007634,1000007634,20240814,CARD,15429.6,PAID
7000007635,1000007635,20240704,CARD,43451.1,PAID
7000007636,1000007636,20240316,CARD,14229.6,PAID
7000007637,1000007637,20250414,CASH,74197.2,PAID
7000007638,1000007638,20240914,CASH,48024.9,PAID
7000007639,1000007639,20250817,CARD,35122.35,PAID
7000007640,1000007640,20241108,CARD,42688.8,PAID
7000007641,1000007641,20250926,CARD,18150.0,PAID
7000007642,1000007642,20240207,GATEWAY,29359.2,REFUNDED
7000007643,1000007643,20240502,CARD,16673.4,REFUNDED
7000007644,1000007644,20250122,CARD,28488.0,PAID
7000007645,1000007645,20250417,CASH,31944.0,FAILED
7000007646,1000007646,20250926,CARD,33570.0,PAID
7000007647,1000007647,20240824,CARD,42582.0,PAID
7000007648,1000007648,20250415,CARD,29882.16,PAID
7000007649,1000007649,20240628,CASH,90114.75,PAID
7000007650,1000007650,20250101,CARD,51727.5,PAID
7000007651,1000007651,20250725,CASH,27588.0,PAID
7000007652,1000007652,20240727,CARD,47454.75,FAILED
7000007653,1000007653,20241225,GATEWAY,30240.0,PAID
7000007654,1000007654,20240625,CARD,59669.7,PAID
7000007655,1000007655,20240208,CARD,27036.0,PAID
7000007656,1000007656,20250531,CASH,43560.0,PAID
7000007657,1000007657,20240917,TRANSFER,16335.0,PAID
7000007658,1000007658,20250702,CARD,70785.0,PAID
7000007659,1000007659,20250507,CASH,39204.0,PAID
7000007660,1000007660,20250409,GATEWAY,66711.9,FAILED
7000007661,1000007661,20240823,CARD,14268.0,PAID
7000007662,1000007662,20240929,CARD,33570.0,FAILED
7000007663,1000007663,20250323,GATEWAY,40075.2,FAILED
7000007664,1000007664,20250420,GATEWAY,63908.25,PAID
7000007665,1000007665,20250925,CARD,13794.0,REFUNDED
7000007666,1000007666,20250117,CARD,15518.25,PAID
7000007667,1000007667,20250418,CASH,95287.5,PAID
7000007668,1000007668,20240516,CASH,26136.0,REFUNDED
7000007669,1000007669,20240814,GATEWAY,98692.2,PAID
7000007670,1000007670,20240624,CARD,42688.8,PAID
7000007671,1000007671,20250410,CARD,72570.96,PAID
7000007672,1000007672,20250831,CASH,49005.0,PAID
7000007673,1000007673,20250410,CASH,29882.16,PAID
7000007674,1000007674,20250103,CARD,18442.5,PAID
7000007675,1000007675,20250704,CARD,30240.0,PAID
7000007676,1000007676,20241120,CASH,63416.1,PAID
7000007677,1000007677,20240325,CARD,15294.0,PAID
7000007678,1000007678,20240829,CASH,42688.8,PAID
7000007679,1000007679,20241118,CARD,95882.58,PAID
7000007680,1000007680,20240314,GATEWAY,43269.6,REFUNDED
7000007681,1000007681,20240401,CARD,17151.75,PAID
7000007682,1000007682,20250424,GATEWAY,82766.1,PAID
7000007683,1000007683,20241218,CARD,28488.0,PAID
7000007684,1000007684,20240818,CARD,26136.0,PAID
7000007685,1000007685,20240321,GATEWAY,14994.0,PAID
7000007686,1000007686,20240708,CARD,42582.0,PAID
7000007687,1000007687,20250901,CARD,29403.0,PAID
7000007688,1000007688,20250529,CARD,14520.0,PAID
7000007689,1000007689,20240907,CARD,27588.0,FAILED
7000007690,1000007690,20250523,TRANSFER,36300.0,PAID
7000007691,1000007691,20250320,GATEWAY,88864.5,PAID
7000007692,1000007692,20240616,CASH,70240.5,PAID
7000007693,1000007693,20250104,CARD,29940.0,PAID
7000007694,1000007694,20250422,CARD,42582.0,FAILED
7000007695,1000007695,20241129,CARD,137346.78,PAID
7000007696,1000007696,20241024,TRANSFER,30038.25,PAID
7000007697,1000007697,20240730,CARD,24829.2,PAID
7000007698,1000007698,20240505,CASH,27588.0,PAID
7000007699,1000007699,20250827,GATEWAY,40104.0,PAID
7000007700,1000007700,20250927,CARD,28451.7,PENDING
7000007701,1000007701,20250907,CASH,26136.0,PAID
7000007702,1000007702,20250922,TRANSFER,17242.5,PAID
7000007703,1000007703,20241021,GATEWAY,16020.0,PAID
7000007704,1000007704,20241014,CASH,62073.0,PAID
7000007705,1000007705,20250830,CASH,46957.68,PAID
7000007706,1000007706,20250908,CARD,35022.0,PAID
7000007707,1000007707,20250712,GATEWAY,17242.5,PAID
7000007708,1000007708,20250221,CARD,53361.0,PAID
7000007709,1000007709,20250502,CARD,18987.0,PAID
7000007710,1000007710,20250906,GATEWAY,28642.8,PAID
7000007711,1000007711,20240709,CARD,36774.0,PAID
7000007712,1000007712,20240709,GATEWAY,29088.0,PAID
7000007713,1000007713,20240606,CASH,31944.0,PAID
7000007714,1000007714,20241001,CARD,30467.4,PAID
7000007715,1000007715,20250223,CARD,69696.0,PAID
7000007716,1000007716,20240407,GATEWAY,37200.0,PAID
7000007717,1000007717,20250822,TRANSFER,32670.0,PAID
7000007718,1000007718,20250509,GATEWAY,120745.5,PAID
7000007719,1000007719,20241114,CARD,27442.8,FAILED
7000007720,1000007720,20240712,CARD,27336.0,PAID
7000007721,1000007721,20241208,CARD,37500.0,PAID
7000007722,1000007722,20250710,CASH,35574.0,PAID
7000007723,1000007723,20240615,CARD,77173.8,PAID
7000007724,1000007724,20240618,CARD,13794.0,PAID
7000007725,1000007725,20240318,TRANSFER,56900.25,REFUNDED
7000007726,1000007726,20250320,CARD,86466.6,PAID
7000007727,1000007727,20250410,TRANSFER,41382.0,PAID
7000007728,1000007728,20241024,CARD,88354.2,PAID
7000007729,1000007729,20240727,CARD,27588.0,PAID
7000007730,1000007730,20250205,GATEWAY,39204.0,PAID
7000007731,1000007731,20250114,CASH,32851.5,PAID
7000007732,1000007732,20240320,CARD,79308.24,PENDING
7000007733,1000007733,20250916,TRANSFER,36300.0,PAID
7000007734,1000007734,20240404,CARD,29959.2,PAID
7000007735,1000007735,20250330,CARD,101388.0,PAID
7000007736,1000007736,20241111,CARD,54861.0,PAID
7000007737,1000007737,20240714,GATEWAY,55650.0,PAID
7000007738,1000007738,20240603,CARD,83954.64,PAID
7000007739,1000007739,20240113,CASH,137032.5,PAID
7000007740,1000007740,20250217,CARD,81786.0,PAID
7000007741,1000007741,20241101,GATEWAY,44723.7,PAID
7000007742,1000007742,20250125,CARD,55513.88,PAID
7000007743,1000007743,20240928,CARD,90147.42,PAID
7000007744,1000007744,20240712,GATEWAY,36774.0,PAID
7000007745,1000007745,20240227,CARD,44104.5,PAID
7000007746,1000007746,20240227,CARD,101932.5,PAID
7000007747,1000007747,20250330,CASH,81820.2,PAID
7000007748,1000007748,20240815,CARD,15972.0,PAID
7000007749,1000007749,20240113,CARD,97395.0,PAID
7000007750,1000007750,20250907,CASH,49005.0,PAID
7000007751,1000007751,20240913,GATEWAY,44460.0,PAID
7000007752,1000007752,20241026,GATEWAY,46554.75,PAID
7000007753,1000007753,20250808,CARD,37800.0,FAILED
7000007754,1000007754,20240622,CARD,33570.0,PAID
7000007755,1000007755,20250128,CARD,32072.62,FAILED
7000007756,1000007756,20241006,GATEWAY,44460.0,FAILED
7000007757,1000007757,20240717,CASH,50003.25,PAID
7000007758,1000007758,20250226,CARD,32205.12,PAID
7000007759,1000007759,20240210,CARD,23522.4,PAID
7000007760,1000007760,20241030,CARD,46957.68,PAID
7000007761,1000007761,20240218,GATEWAY,32844.0,PAID
7000007762,1000007762,20250514,GATEWAY,42282.0,PAID
7000007763,1000007763,20250116,CASH,14520.0,PAID
7000007764,1000007764,20240512,CASH,44823.24,PAID
7000007765,1000007765,20240216,GATEWAY,27336.0,PENDING
7000007766,1000007766,20240721,CASH,63499.59,PAID
7000007767,1000007767,20250416,CARD,43560.0,PAID
7000007768,1000007768,20240704,GATEWAY,28488.0,PAID
7000007769,1000007769,20250927,CASH,28459.2,PAID
7000007770,1000007770,20241216,TRANSFER,76375.2,PAID
7000007771,1000007771,20240523,CARD,66186.6,PAID
7000007772,1000007772,20240805,GATEWAY,47857.68,PAID
7000007773,1000007773,20250904,GATEWAY,13968.0,PAID
7000007774,1000007774,20240602,CARD,43451.1,FAILED
7000007775,1000007775,20250331,GATEWAY,29649.6,PAID
7000007776,1000007776,20250111,GATEWAY,17242.5,PAID
7000007777,1000007777,20250918,TRANSFER,14229.6,PAID
7000007778,1000007778,20241021,CASH,35574.0,PAID
7000007779,1000007779,20241014,GATEWAY,12961.2,FAILED
7000007780,1000007780,20240207,GATEWAY,36837.0,PAID
7000007781,1000007781,20250914,CASH,34303.5,PAID
7000007782,1000007782,20250604,CARD,61603.2,PAID
7000007783,1000007783,20240810,CARD,72418.5,PAID
7000007784,1000007784,20250412,GATEWAY,33870.0,FAILED
7000007785,1000007785,20250308,CASH,27588.0,REFUNDED
7000007786,1000007786,20250223,CARD,27515.4,PAID
7000007787,1000007787,20241020,CARD,83855.1,PAID
7000007788,1000007788,20240606,CARD,31936.5,PAID
7000007789,1000007789,20240415,CARD,16020.0,PAID
7000007790,1000007790,20240815,CARD,38115.0,PAID
7000007791,1000007791,20240823,CARD,43888.8,PAID
7000007792,1000007792,20250409,CASH,12414.6,PAID
7000007793,1000007793,20240618,GATEWAY,12661.2,PAID
7000007794,1000007794,20240822,GATEWAY,17535.0,FAILED
7000007795,1000007795,20250222,CARD,16141.08,PAID
7000007796,1000007796,20250730,TRANSFER,51727.5,PAID
7000007797,1000007797,20240714,GATEWAY,49005.0,PAID
7000007798,1000007798,20241114,CARD,14994.0,PAID
7000007799,1000007799,20240118,CARD,55350.0,PAID
7000007800,1000007800,20240506,TRANSFER,16335.0,PAID
7000007801,1000007801,20250319,GATEWAY,34777.5,PAID
7000007802,1000007802,20250731,CARD,61966.2,PAID
7000007803,1000007803,20240808,CASH,41164.2,PAID
7000007804,1000007804,20240107,TRANSFER,54072.48,PAID
7000007805,1000007805,20240630,CARD,43981.08,PAID
7000007806,1000007806,20240327,CARD,39619.92,PAID
7000007807,1000007807,20250424,CASH,41382.0,PAID
7000007808,1000007808,20250327,CASH,36300.0,PAID
7000007809,1000007809,20250425,CARD,54313.88,PAID
7000007810,1000007810,20250911,GATEWAY,15420.0,PAID
7000007811,1000007811,20250814,CASH,47916.0,PAID
7000007812,1000007812,20250728,CARD,49005.0,PAID
7000007813,1000007813,20240220,TRANSFER,84833.1,PAID
7000007814,1000007814,20240824,GATEWAY,74826.0,PAID
7000007815,1000007815,20241004,CARD,50505.0,PAID
7000007816,1000007816,20240206,GATEWAY,40104.0,PAID
7000007817,1000007817,20240926,CARD,55950.0,PAID
7000007818,1000007818,20240905,GATEWAY,95783.28,FAILED
7000007819,1000007819,20240113,GATEWAY,17208.3,PAID
7000007820,1000007820,20241106,TRANSFER,32670.0,REFUNDED
7000007821,1000007821,20250717,GATEWAY,19057.5,PAID
7000007822,1000007822,20240820,GATEWAY,40365.6,PAID
7000007823,1000007823,20250415,GATEWAY,33570.0,PAID
7000007824,1000007824,20240925,CASH,26136.0,PAID
7000007825,1000007825,20240906,GATEWAY,55650.0,PAID
7000007826,1000007826,20240822,CARD,13068.0,PAID
7000007827,1000007827,20240616,CARD,27588.0,FAILED
7000007828,1000007828,20240929,CARD,31718.7,PAID
7000007829,1000007829,20240113,CARD,15173.4,PAID
7000007830,1000007830,20241007,GATEWAY,47373.6,PAID
7000007831,1000007831,20240521,CARD,17242.5,PAID
7000007832,1000007832,20250429,CARD,94037.25,PAID
7000007833,1000007833,20240502,CASH,13794.0,PAID
7000007834,1000007834,20241113,CARD,43124.4,PAID
7000007835,1000007835,20250106,CARD,36300.0,PAID
7000007836,1000007836,20250904,CARD,15173.4,PAID
7000007837,1000007837,20250907,CARD,17242.5,PAID
7000007838,1000007838,20241206,CARD,28488.0,PAID
7000007839,1000007839,20250304,CARD,18142.5,FAILED
7000007840,1000007840,20250723,GATEWAY,80987.4,PAID
7000007841,1000007841,20240227,CARD,13794.0,FAILED
7000007842,1000007842,20250826,GATEWAY,69153.6,PAID
7000007843,1000007843,20240919,GATEWAY,14268.0,PAID
7000007844,1000007844,20240120,CASH,35574.0,PAID
7000007845,1000007845,20250406,CARD,62882.25,REFUNDED
7000007846,1000007846,20240625,CARD,33870.0,PAID
7000007847,1000007847,20240312,CARD,63936.0,PAID
7000007848,1000007848,20240221,CASH,14520.0,PAID
7000007849,1000007849,20240229,CARD,43888.8,REFUNDED
7000007850,1000007850,20250401,GATEWAY,51548.1,PAID
7000007851,1000007851,20250726,CARD,18987.0,PAID
7000007852,1000007852,20240122,CARD,37800.0,PAID
7000007853,1000007853,20241222,CASH,32670.0,FAILED
7000007854,1000007854,20250510,GATEWAY,17787.0,PENDING
7000007855,1000007855,20250105,GATEWAY,42582.0,PAID
7000007856,1000007856,20250927,GATEWAY,45060.0,REFUNDED
7000007857,1000007857,20240704,GATEWAY,29940.0,PAID
7000007858,1000007858,20250207,GATEWAY,56376.0,REFUNDED
7000007859,1000007859,20250621,CASH,73180.8,PAID
7000007860,1000007860,20240527,CARD,30240.0,PAID
7000007861,1000007861,20241123,CARD,35385.0,PAID
7000007862,1000007862,20250129,CASH,45193.5,PAID
7000007863,1000007863,20250207,CARD,43888.8,REFUNDED
7000007864,1000007864,20241225,CARD,41382.0,PAID
7000007865,1000007865,20240215,CARD,69480.3,PAID
7000007866,1000007866,20250602,CASH,42688.8,FAILED
7000007867,1000007867,20250914,CARD,41164.2,PAID
7000007868,1000007868,20250810,GATEWAY,35985.0,PAID
7000007869,1000007869,20250819,CARD,86955.12,REFUNDED
7000007870,1000007870,20250528,CARD,26281.2,PAID
7000007871,1000007871,20240605,CASH,72854.1,PAID
7000007872,1000007872,20250522,CARD,33870.0,PAID
7000007873,1000007873,20250428,TRANSFER,51727.5,PAID
7000007874,1000007874,20240114,CARD,35574.0,PAID
7000007875,1000007875,20240201,CARD,43098.75,PAID
7000007876,1000007876,20250612,CARD,30564.6,PAID
7000007877,1000007877,20240821,CARD,41382.0,PAID
7000007878,1000007878,20250823,CARD,50820.0,PAID
7000007879,1000007879,20240226,CARD,43888.8,PAID
7000007880,1000007880,20250722,CARD,18687.0,PAID
7000007881,1000007881,20250725,CARD,13968.0,PAID
7000007882,1000007882,20250929,GATEWAY,19168.5,PAID
7000007883,1000007883,20241001,CARD,35985.0,PAID
7000007884,1000007884,20240422,CARD,53542.5,PAID
7000007885,1000007885,20250324,TRANSFER,28967.4,PAID
7000007886,1000007886,20250110,CARD,44460.0,PAID
7000007887,1000007887,20240208,CARD,36483.6,PAID
7000007888,1000007888,20241106,CARD,67082.4,PAID
7000007889,1000007889,20250420,CARD,14520.0,PAID
7000007890,1000007890,20250829,CARD,18676.35,REFUNDED
7000007891,1000007891,20250623,GATEWAY,50205.0,PAID
7000007892,1000007892,20250129,CARD,13968.0,PAID
7000007893,1000007893,20241025,CASH,29403.0,PAID
7000007894,1000007894,20240215,CASH,90750.0,PAID
7000007895,1000007895,20240302,GATEWAY,14694.0,PAID
7000007896,1000007896,20240709,CARD,15601.5,PAID
7000007897,1000007897,20250328,GATEWAY,63636.0,REFUNDED
7000007898,1000007898,20250528,GATEWAY,69545.64,PAID
7000007899,1000007899,20240806,CARD,19468.5,PAID
7000007900,1000007900,20250302,CASH,28967.4,PAID
7000007901,1000007901,20250702,CASH,17242.5,REFUNDED
7000007902,1000007902,20250520,CARD,26136.0,PAID
7000007903,1000007903,20241128,CARD,55176.0,PAID
7000007904,1000007904,20240912,CARD,71331.6,PAID
7000007905,1000007905,20250420,GATEWAY,43888.8,FAILED
7000007906,1000007906,20250508,GATEWAY,15173.4,PAID
7000007907,1000007907,20250806,CASH,26136.0,PENDING
7000007908,1000007908,20250908,CARD,46554.75,PAID
7000007909,1000007909,20250922,CARD,30603.0,PENDING
7000007910,1000007910,20250317,TRANSFER,34485.0,PAID
7000007911,1000007911,20240207,CASH,13794.0,PAID
7000007912,1000007912,20250217,GATEWAY,17835.0,PAID
7000007913,1000007913,20240418,CARD,43560.0,PAID
7000007914,1000007914,20241208,CARD,42582.0,FAILED
7000007915,1000007915,20240727,CASH,25613.28,PAID
7000007916,1000007916,20240717,GATEWAY,39619.92,PAID
7000007917,1000007917,20240613,CARD,37074.0,PAID
7000007918,1000007918,20250420,GATEWAY,52170.12,PAID
7000007919,1000007919,20250625,CARD,35685.0,PAID
7000007920,1000007920,20240827,CARD,40404.0,PAID
7000007921,1000007921,20240929,CARD,54561.0,FAILED
7000007922,1000007922,20240315,GATEWAY,18687.0,PAID
7000007923,1000007923,20240926,CARD,35937.0,PAID
7000007924,1000007924,20241111,TRANSFER,14520.0,PAID
7000007925,1000007925,20240201,CARD,57862.2,PAID
7000007926,1000007926,20240206,CARD,67155.0,REFUNDED
7000007927,1000007927,20250408,GATEWAY,79245.0,PAID
7000007928,1000007928,20240415,CARD,44760.0,PAID
7000007929,1000007929,20250809,TRANSFER,81312.0,REFUNDED
7000007930,1000007930,20240626,CARD,18651.75,PAID
7000007931,1000007931,20240421,CASH,58697.1,PAID
7000007932,1000007932,20241022,CARD,44104.5,REFUNDED
7000007933,1000007933,20240625,CARD,66114.0,PAID
7000007934,1000007934,20240119,CARD,52272.0,PAID
7000007935,1000007935,20240418,CARD,37243.8,PAID
7000007936,1000007936,20240117,CARD,54561.0,PAID
7000007937,1000007937,20240329,CASH,49005.0,PAID
7000007938,1000007938,20240624,GATEWAY,49905.0,PAID
7000007939,1000007939,20250710,CARD,54125.4,FAILED
7000007940,1000007940,20241016,CASH,28967.4,PAID
7000007941,1000007941,20240617,CASH,42688.8,PAID
7000007942,1000007942,20240514,CARD,18150.0,PAID
7000007943,1000007943,20240208,CARD,101932.5,PAID
7000007944,1000007944,20240205,CARD,49005.0,PAID
7000007945,1000007945,20240428,CARD,93356.1,PAID
7000007946,1000007946,20250207,GATEWAY,42582.0,PAID
7000007947,1000007947,20240223,GATEWAY,47238.0,PAID
7000007948,1000007948,20241021,CASH,95832.0,PAID
7000007949,1000007949,20250820,CARD,47857.68,PAID
7000007950,1000007950,20241129,GATEWAY,44760.0,PAID
7000007951,1000007951,20250308,CARD,13968.0,PAID
7000007952,1000007952,20250119,CARD,20166.75,PAID
7000007953,1000007953,20250808,CASH,62073.0,PAID
7000007954,1000007954,20240505,CARD,14229.6,PAID
7000007955,1000007955,20240929,CARD,15383.7,PAID
7000007956,1000007956,20240522,GATEWAY,33870.0,PAID
7000007957,1000007957,20250911,CARD,14268.0,REFUNDED
7000007958,1000007958,20240526,TRANSFER,28814.94,PAID
7000007959,1000007959,20240220,TRANSFER,35574.0,FAILED
7000007960,1000007960,20250619,GATEWAY,35385.0,PAID
7000007961,1000007961,20240802,CARD,45520.2,PAID
7000007962,1000007962,20240902,TRANSFER,27588.0,PAID
7000007963,1000007963,20240416,GATEWAY,16418.25,PAID
7000007964,1000007964,20250927,CASH,19965.0,PAID
7000007965,1000007965,20241021,GATEWAY,89835.0,PAID
7000007966,1000007966,20250331,CARD,52927.5,PAID
7000007967,1000007967,20240422,CARD,50205.0,PAID
7000007968,1000007968,20250502,TRANSFER,51727.5,PAID
7000007969,1000007969,20240508,CARD,27036.0,PAID
7000007970,1000007970,20250413,CARD,27442.8,PAID
7000007971,1000007971,20241003,CASH,13794.0,PAID
7000007972,1000007972,20240410,GATEWAY,55350.0,PAID
7000007973,1000007973,20241105,GATEWAY,50205.0,REFUNDED
7000007974,1000007974,20240109,GATEWAY,28788.0,PAID
7000007975,1000007975,20240407,CARD,18442.5,PAID
7000007976,1000007976,20240222,GATEWAY,15972.0,FAILED
7000007977,1000007977,20250418,CASH,15972.0,PAID
7000007978,1000007978,20240704,CASH,56918.4,PAID
7000007979,1000007979,20240902,CASH,13794.0,PAID
7000007980,1000007980,20241221,CARD,35685.0,FAILED
7000007981,1000007981,20241218,CARD,50729.25,PAID
7000007982,1000007982,20240714,CARD,27113.28,PAID
7000007983,1000007983,20250605,GATEWAY,40404.0,PAID
7000007984,1000007984,20250205,CARD,54958.2,PAID
7000007985,1000007985,20240504,GATEWAY,55650.0,PAID
7000007986,1000007986,20241209,CARD,17235.0,PAID
7000007987,1000007987,20240912,CARD,29940.0,PAID
7000007988,1000007988,20240512,CARD,16335.0,PAID
7000007989,1000007989,20240920,CARD,55350.0,PAID
7000007990,1000007990,20240402,GATEWAY,37800.0,PAID
7000007991,1000007991,20250417,CARD,77938.2,PAID
7000007992,1000007992,20241221,CARD,17787.0,PAID
7000007993,1000007993,20250910,CARD,26136.0,PAID
7000007994,1000007994,20240805,CARD,26136.0,PAID
7000007995,1000007995,20240922,TRANSFER,65340.0,FAILED
7000007996,1000007996,20250718,CASH,37243.8,PAID
7000007997,1000007997,20250104,CARD,14568.0,PAID
7000007998,1000007998,20250908,CASH,84579.0,PAID
7000007999,1000007999,20241028,CASH,34485.0,PAID
7000008000,1000008000,20241112,CARD,35029.5,PAID
7000008001,1000008001,20241206,CARD,53724.0,PAID
7000008002,1000008002,20250613,CARD,60572.28,PAID
7000008003,1000008003,20240406,GATEWAY,71874.0,PAID
7000008004,1000008004,20250725,CARD,55213.88,PAID
7000008005,1000008005,20250716,CASH,80586.0,PAID
7000008006,1000008006,20240430,CARD,50086.5,PAID
7000008007,1000008007,20250203,GATEWAY,28459.2,PAID
7000008008,1000008008,20250815,CASH,53361.0,PAID
7000008009,1000008009,20250422,CASH,43560.0,FAILED
7000008010,1000008010,20250917,CARD,18051.75,PAID
7000008011,1000008011,20250608,CARD,17787.0,PAID
7000008012,1000008012,20240628,CARD,17151.75,PAID
7000008013,1000008013,20241231,CARD,54561.0,PAID
7000008014,1000008014,20250627,CARD,13068.0,PAID
7000008015,1000008015,20240904,CASH,13068.0,PAID
7000008016,1000008016,20240118,CARD,43453.2,PAID
7000008017,1000008017,20250725,CARD,55650.0,PAID
7000008018,1000008018,20241213,GATEWAY,13614.6,FAILED
7000008019,1000008019,20240905,CASH,54450.0,PAID
7000008020,1000008020,20250701,GATEWAY,40404.0,PAID
7000008021,1000008021,20240621,CARD,42364.2,PAID
7000008022,1000008022,20240605,GATEWAY,60369.0,PAID
7000008023,1000008023,20241111,GATEWAY,12961.2,REFUNDED
7000008024,1000008024,20250313,CARD,32488.5,PAID
7000008025,1000008025,20250629,CARD,64570.2,PAID
7000008026,1000008026,20250128,CARD,118194.9,PENDING
7000008027,1000008027,20241023,GATEWAY,55974.6,PAID
7000008028,1000008028,20240201,CARD,40404.0,PAID
7000008029,1000008029,20250301,TRANSFER,29040.0,PAID
7000008030,1000008030,20240516,CASH,44823.24,PAID
7000008031,1000008031,20250118,CASH,28314.0,PAID
7000008032,1000008032,20250629,CARD,95178.6,PAID
7000008033,1000008033,20240517,CASH,17242.5,PAID
7000008034,1000008034,20240921,CARD,56628.0,PAID
7000008035,1000008035,20240316,CARD,19565.7,FAILED
7000008036,1000008036,20250506,GATEWAY,37109.25,PAID
7000008037,1000008037,20240926,CARD,53056.08,PAID
7000008038,1000008038,20250102,CASH,16335.0,FAILED
7000008039,1000008039,20250513,CARD,93646.5,PAID
7000008040,1000008040,20240917,TRANSFER,15652.56,PAID
7000008041,1000008041,20240910,CASH,17787.0,PAID
7000008042,1000008042,20250209,CARD,14520.0,PAID
7000008043,1000008043,20250822,GATEWAY,36774.0,PAID
7000008044,1000008044,20240822,CARD,114519.0,FAILED
7000008045,1000008045,20240430,CARD,40104.0,PAID
7000008046,1000008046,20250808,CARD,53070.6,PAID
7000008047,1000008047,20240827,CASH,58697.1,PAID
7000008048,1000008048,20250223,CARD,25729.2,PAID
7000008049,1000008049,20241109,CARD,61441.38,PAID
7000008050,1000008050,20250704,CARD,91504.8,PAID
7000008051,1000008051,20241028,GATEWAY,13968.0,PAID
7000008052,1000008052,20240428,GATEWAY,14268.0,PAID
7000008053,1000008053,20250421,CASH,36209.25,FAILED
7000008054,1000008054,20241121,CARD,30240.0,PAID
7000008055,1000008055,20241201,CASH,38419.92,PAID
7000008056,1000008056,20250517,CARD,51727.5,PAID
7000008057,1000008057,20240621,CARD,29359.2,PAID
7000008058,1000008058,20250327,CARD,27588.0,PAID
7000008059,1000008059,20240902,CASH,14229.6,FAILED
7000008060,1000008060,20240508,CARD,57800.25,PAID
7000008061,1000008061,20241228,GATEWAY,28488.0,PAID
7000008062,1000008062,20250412,GATEWAY,29040.0,REFUNDED
7000008063,1000008063,20250213,CARD,24722.4,PAID
7000008064,1000008064,20240304,CARD,41382.0,PAID
7000008065,1000008065,20250115,GATEWAY,40104.0,PAID
7000008066,1000008066,20250117,CARD,44760.0,PAID
7000008067,1000008067,20240102,GATEWAY,68490.6,PAID
7000008068,1000008068,20250427,CARD,16201.5,PAID
7000008069,1000008069,20240117,GATEWAY,36774.0,FAILED
7000008070,1000008070,20240608,CARD,43560.0,PAID
7000008071,1000008071,20250614,CARD,14483.7,PAID
7000008072,1000008072,20250107,CARD,76486.2,PAID
7000008073,1000008073,20250930,CASH,29003.7,PAID
7000008074,1000008074,20250518,CARD,27442.8,PAID
7000008075,1000008075,20250418,CARD,58072.5,PAID
7000008076,1000008076,20240806,GATEWAY,59098.5,PAID
7000008077,1000008077,20250608,GATEWAY,37116.75,PAID
7000008078,1000008078,20240727,CARD,89409.0,PAID
7000008079,1000008079,20240624,CARD,27336.0,PAID
7000008080,1000008080,20240624,GATEWAY,30240.0,PAID
7000008081,1000008081,20250901,CASH,45738.0,PAID
7000008082,1000008082,20240522,CARD,30467.4,PAID
7000008083,1000008083,20250707,CARD,58372.5,PAID
7000008084,1000008084,20241202,CASH,59023.8,PAID
7000008085,1000008085,20250512,CARD,95943.0,PAID
7000008086,1000008086,20250109,CARD,13706.64,PAID
7000008087,1000008087,20250921,GATEWAY,52426.56,REFUNDED
7000008088,1000008088,20250412,CASH,98554.5,PAID
7000008089,1000008089,20250830,CARD,19287.0,PAID
7000008090,1000008090,20250815,CARD,36247.12,PAID
7000008091,1000008091,20250321,CARD,16373.4,REFUNDED
7000008092,1000008092,20240827,GATEWAY,54313.88,PAID
7000008093,1000008093,20240128,CASH,16335.0,PAID
7000008094,1000008094,20241118,CARD,26136.0,PAID
7000008095,1000008095,20250422,GATEWAY,39315.0,PAID
7000008096,1000008096,20240109,GATEWAY,32236.5,PAID
7000008097,1000008097,20240116,CARD,55853.28,PAID
7000008098,1000008098,20240313,CARD,71874.0,PAID
7000008099,1000008099,20240207,CASH,28459.2,PAID
7000008100,1000008100,20240428,CASH,101857.8,REFUNDED
7000008101,1000008101,20250429,CASH,39204.0,PAID
7000008102,1000008102,20250817,GATEWAY,29659.2,PAID
7000008103,1000008103,20250907,CASH,27588.0,PAID
7000008104,1000008104,20240127,GATEWAY,13614.6,PAID
7000008105,1000008105,20250307,GATEWAY,14941.08,PAID
7000008106,1000008106,20240119,CARD,144511.88,PAID
7000008107,1000008107,20241211,CARD,42064.2,PAID
7000008108,1000008108,20241019,CARD,36300.0,PAID
7000008109,1000008109,20240718,CARD,26136.0,PAID
7000008110,1000008110,20240318,CASH,14229.6,FAILED
7000008111,1000008111,20250506,CASH,105705.6,PAID
7000008112,1000008112,20250827,CASH,15972.0,PAID
7000008113,1000008113,20241201,CASH,16335.0,PAID
7000008114,1000008114,20250520,CARD,31392.0,PAID
7000008115,1000008115,20250924,CARD,17535.0,PAID
7000008116,1000008116,20250702,CARD,20557.5,REFUNDED
7000008117,1000008117,20250228,CARD,27336.0,FAILED
7000008118,1000008118,20250209,CARD,39204.0,PAID
7000008119,1000008119,20240726,GATEWAY,32505.12,PAID
7000008120,1000008120,20240416,GATEWAY,14921.4,PAID
7000008121,1000008121,20250606,CARD,46957.68,PAID
7000008122,1000008122,20250618,CARD,41382.0,PAID
7000008123,1000008123,20250120,GATEWAY,14994.0,PAID
7000008124,1000008124,20240706,CARD,16335.0,PAID
7000008125,1000008125,20240321,CARD,95287.5,PAID
7000008126,1000008126,20241121,GATEWAY,18351.75,PAID
7000008127,1000008127,20240524,CARD,54450.0,FAILED
7000008128,1000008128,20250302,GATEWAY,17787.0,PAID
7000008129,1000008129,20240808,CASH,15246.0,PAID
7000008130,1000008130,20241212,CASH,16008.3,PAID
7000008131,1000008131,20240226,GATEWAY,14621.4,PAID
7000008132,1000008132,20240811,CARD,42582.0,FAILED
7000008133,1000008133,20250324,TRANSFER,43451.1,PAID
7000008134,1000008134,20250528,CASH,41382.0,PAID
7000008135,1000008135,20250108,GATEWAY,50205.0,PENDING
7000008136,1000008136,20240609,TRANSFER,13794.0,PAID
7000008137,1000008137,20241023,CARD,14568.0,PAID
7000008138,1000008138,20240417,CARD,16020.0,PAID
7000008139,1000008139,20240821,CARD,16008.3,PAID
7000008140,1000008140,20250302,CASH,17242.5,PAID
7000008141,1000008141,20241126,CARD,46030.5,PAID
7000008142,1000008142,20240115,CARD,47916.0,FAILED
7000008143,1000008143,20240425,CARD,24829.2,PAID
7000008144,1000008144,20250107,CARD,47700.3,PAID
7000008145,1000008145,20240620,CARD,51037.8,PAID
7000008146,1000008146,20241115,CARD,44823.24,PAID
7000008147,1000008147,20250524,GATEWAY,40704.0,PAID
7000008148,1000008148,20240705,CARD,42688.8,PAID
7000008149,1000008149,20240901,CASH,18966.75,PAID
7000008150,1000008150,20250518,CARD,14483.7,PAID
7000008151,1000008151,20250623,GATEWAY,49488.6,PAID
7000008152,1000008152,20241221,GATEWAY,17235.0,PAID
7000008153,1000008153,20250416,CASH,95614.2,PAID
7000008154,1000008154,20250204,TRANSFER,13794.0,PAID
7000008155,1000008155,20241109,CARD,35283.6,PAID
7000008156,1000008156,20241202,GATEWAY,56095.2,PAID
7000008157,1000008157,20250923,CASH,41382.0,PAID
7000008158,1000008158,20250314,CARD,107733.24,PAID
7000008159,1000008159,20250314,GATEWAY,34170.0,PAID
7000008160,1000008160,20241019,CARD,31305.12,PAID
7000008161,1000008161,20240517,GATEWAY,42582.0,PAID
7000008162,1000008162,20250504,GATEWAY,40404.0,PAID
7000008163,1000008163,20250117,TRANSFER,13068.0,PAID
7000008164,1000008164,20241201,GATEWAY,56076.0,PENDING
7000008165,1000008165,20240127,GATEWAY,91693.8,PAID
7000008166,1000008166,20240407,CARD,15420.0,PAID
7000008167,1000008167,20250415,CARD,24422.4,PAID
7000008168,1000008168,20250707,CARD,27336.0,PAID
7000008169,1000008169,20250910,CARD,87120.0,PAID
7000008170,1000008170,20240519,GATEWAY,97494.3,PAID
7000008171,1000008171,20250718,CARD,14229.6,PAID
7000008172,1000008172,20240528,CASH,95178.6,PAID
7000008173,1000008173,20250820,CARD,25022.4,REFUNDED
7000008174,1000008174,20240309,CARD,48157.68,PAID
7000008175,1000008175,20250713,CARD,17242.5,FAILED
7000008176,1000008176,20241103,GATEWAY,60124.5,PAID
7000008177,1000008177,20240826,CARD,15729.6,PAID
7000008178,1000008178,20250625,CARD,36300.0,PAID
7000008179,1000008179,20250713,CARD,55105.5,PAID
7000008180,1000008180,20250516,CASH,43560.0,PAID
7000008181,1000008181,20250121,CARD,51727.5,PAID
7000008182,1000008182,20250517,GATEWAY,51901.5,PAID
7000008183,1000008183,20241022,TRANSFER,54450.0,PAID
7000008184,1000008184,20250220,GATEWAY,29659.2,PAID
7000008185,1000008185,20241030,CARD,42582.0,PAID
7000008186,1000008186,20250729,CARD,51727.5,PAID
7000008187,1000008187,20250331,GATEWAY,14921.4,PAID
7000008188,1000008188,20240912,CASH,27588.0,PAID
7000008189,1000008189,20241203,GATEWAY,15294.0,PAID
7000008190,1000008190,20240917,CARD,13068.0,PAID
7000008191,1000008191,20250428,GATEWAY,91042.5,PAID
7000008192,1000008192,20241213,CASH,92492.4,PAID
7000008193,1000008193,20250907,CARD,62254.5,REFUNDED
7000008194,1000008194,20240207,TRANSFER,42688.8,PAID
7000008195,1000008195,20250511,CARD,42582.0,PAID
7000008196,1000008196,20250811,CASH,18150.0,PAID
7000008197,1000008197,20241028,CARD,18442.5,REFUNDED
7000008198,1000008198,20241006,CASH,19057.5,PAID
7000008199,1000008199,20241023,CASH,66211.2,PAID
7000008200,1000008200,20250626,GATEWAY,55650.0,PAID
7000008201,1000008201,20250407,CARD,48024.9,FAILED
7000008202,1000008202,20250911,GATEWAY,34170.0,PAID
7000008203,1000008203,20250409,CARD,27036.0,PAID
7000008204,1000008204,20240414,GATEWAY,28342.8,PAID
7000008205,1000008205,20240401,CARD,29649.6,PAID
7000008206,1000008206,20250602,TRANSFER,82292.1,PAID
7000008207,1000008207,20241019,CARD,29214.0,PAID
7000008208,1000008208,20250923,GATEWAY,55650.0,PAID
7000008209,1000008209,20240825,CARD,29949.6,PAID
7000008210,1000008210,20250818,CARD,49905.0,PENDING
7000008211,1000008211,20250716,CARD,52927.5,PAID
7000008212,1000008212,20250904,TRANSFER,14520.0,PAID
7000008213,1000008213,20240422,CASH,42688.8,PAID
7000008214,1000008214,20250429,TRANSFER,52635.0,PAID
7000008215,1000008215,20240909,CASH,44830.5,PAID
7000008216,1000008216,20241001,CARD,103566.0,PAID
7000008217,1000008217,20241231,CASH,14520.0,PAID
7000008218,1000008218,20250418,CARD,29940.0,PAID
7000008219,1000008219,20250401,CARD,57172.5,PAID
7000008220,1000008220,20240616,CASH,56029.05,PAID
7000008221,1000008221,20250312,CARD,43888.8,PAID
7000008222,1000008222,20250604,CARD,54198.0,PAID
7000008223,1000008223,20250912,GATEWAY,44351.1,PAID
7000008224,1000008224,20241231,CARD,26136.0,FAILED
7000008225,1000008225,20240310,CARD,18150.0,PAID
7000008226,1000008226,20241103,TRANSFER,53361.0,PAID
7000008227,1000008227,20250220,CARD,50205.0,FAILED
7000008228,1000008228,20241215,GATEWAY,14994.0,PAID
7000008229,1000008229,20250415,CARD,57172.5,PAID
7000008230,1000008230,20250817,CARD,71511.0,FAILED
7000008231,1000008231,20250418,CARD,35385.0,PAID
7000008232,1000008232,20241024,CARD,37500.0,PAID
7000008233,1000008233,20250320,CARD,36292.5,PAID
7000008234,1000008234,20250503,GATEWAY,18987.0,PAID
7000008235,1000008235,20240128,CARD,34485.0,PAID
7000008236,1000008236,20240630,CASH,14941.08,PENDING
7000008237,1000008237,20250511,CARD,26029.2,PAID
7000008238,1000008238,20250327,CARD,94699.2,PAID
7000008239,1000008239,20250920,CARD,55138.17,PAID
7000008240,1000008240,20241110,GATEWAY,15652.56,PAID
7000008241,1000008241,20250806,CASH,46554.75,PAID
7000008242,1000008242,20240406,TRANSFER,75141.0,PAID
7000008243,1000008243,20250330,CARD,54261.0,PAID
7000008244,1000008244,20250730,TRANSFER,13068.0,PAID
7000008245,1000008245,20250316,CARD,31036.5,PAID
7000008246,1000008246,20250929,CARD,14994.0,PAID
7000008247,1000008247,20240204,CARD,29088.0,PAID
7000008248,1000008248,20250201,CARD,53433.6,FAILED
7000008249,1000008249,20250406,CARD,27036.0,FAILED
7000008250,1000008250,20241116,CARD,27408.6,PAID
7000008251,1000008251,20241021,CARD,42882.0,PAID
7000008252,1000008252,20240601,CARD,29959.2,PAID
7000008253,1000008253,20241231,TRANSFER,38115.0,PAID
7000008254,1000008254,20240315,CARD,35283.6,PAID
7000008255,1000008255,20250522,CASH,29403.0,PAID
7000008256,1000008256,20250418,CARD,42471.0,PAID
7000008257,1000008257,20240609,CARD,55350.0,PAID
7000008258,1000008258,20250601,GATEWAY,15246.0,PAID
7000008259,1000008259,20240314,CARD,29040.0,PAID
7000008260,1000008260,20250122,GATEWAY,40404.0,PAID
7000008261,1000008261,20240205,GATEWAY,53172.0,PAID
7000008262,1000008262,20250201,CARD,59824.5,PAID
7000008263,1000008263,20240524,CARD,56003.4,PAID
7000008264,1000008264,20240804,GATEWAY,18742.5,PAID
7000008265,1000008265,20240311,CARD,49224.9,PAID
7000008266,1000008266,20240217,GATEWAY,60940.2,PAID
7000008267,1000008267,20241224,GATEWAY,79801.92,PAID
7000008268,1000008268,20250211,CARD,57934.8,PAID
7000008269,1000008269,20240101,CARD,47335.2,PAID
7000008270,1000008270,20250402,CARD,29949.6,PAID
7000008271,1000008271,20240223,CARD,24422.4,PAID
7000008272,1000008272,20250506,TRANSFER,67518.0,PAID
7000008273,1000008273,20241210,GATEWAY,49905.0,PAID
7000008274,1000008274,20240911,CARD,16146.0,PAID
7000008275,1000008275,20240714,CARD,36774.0,PAID
7000008276,1000008276,20240417,CARD,40104.0,PAID
7000008277,1000008277,20240823,TRANSFER,41382.0,REFUNDED
7000008278,1000008278,20250310,CARD,80578.5,PAID
7000008279,1000008279,20241108,CARD,121670.62,PAID
7000008280,1000008280,20240314,GATEWAY,67764.6,PAID
7000008281,1000008281,20240704,CARD,49731.0,PAID
7000008282,1000008282,20250714,CASH,39204.0,PAID
7000008283,1000008283,20240906,CASH,17151.75,PAID
7000008284,1000008284,20240818,CASH,45520.2,FAILED
7000008285,1000008285,20250522,CARD,26862.0,PAID
7000008286,1000008286,20241124,CARD,28749.6,PAID
7000008287,1000008287,20240614,CARD,13614.6,PAID
7000008288,1000008288,20240804,TRANSFER,44104.5,PAID
7000008289,1000008289,20250531,CASH,69841.2,PAID
7000008290,1000008290,20250909,GATEWAY,58554.0,PAID
7000008291,1000008291,20250528,CARD,17535.0,FAILED
7000008292,1000008292,20250227,CARD,19350.0,PAID
7000008293,1000008293,20240305,CARD,36474.0,REFUNDED
7000008294,1000008294,20240524,GATEWAY,37800.0,PAID
7000008295,1000008295,20250110,GATEWAY,19650.0,PAID
7000008296,1000008296,20240922,GATEWAY,33570.0,PAID
7000008297,1000008297,20250819,CARD,81442.68,PAID
7000008298,1000008298,20240523,GATEWAY,42282.0,PAID
7000008299,1000008299,20250109,CARD,86440.95,PAID
7000008300,1000008300,20240430,GATEWAY,47746.2,REFUNDED
7000008301,1000008301,20250801,CARD,44823.24,PAID
7000008302,1000008302,20241229,GATEWAY,14520.0,PAID
7000008303,1000008303,20241029,CASH,27442.8,PAID
7000008304,1000008304,20241204,CARD,40104.0,PAID
7000008305,1000008305,20240229,CARD,43371.0,PAID
7000008306,1000008306,20250617,CARD,51727.5,PAID
7000008307,1000008307,20250224,CARD,31846.8,PAID
7000008308,1000008308,20250204,GATEWAY,53772.0,PAID
7000008309,1000008309,20250806,GATEWAY,18687.0,FAILED
7000008310,1000008310,20250510,CARD,55350.0,PAID
7000008311,1000008311,20240320,CARD,36209.25,PAID
7000008312,1000008312,20240828,CARD,17787.0,PAID
7000008313,1000008313,20240523,CARD,44760.0,PAID
7000008314,1000008314,20250119,CARD,37500.0,PAID
7000008315,1000008315,20250718,CARD,127078.8,PAID
7000008316,1000008316,20250927,CARD,15601.5,REFUNDED
7000008317,1000008317,20240608,CARD,58999.2,PAID
7000008318,1000008318,20240131,CARD,43560.0,PAID
7000008319,1000008319,20250717,CARD,18687.0,PAID
7000008320,1000008320,20250322,CARD,40331.4,PAID
7000008321,1000008321,20250601,CARD,68781.0,PAID
7000008322,1000008322,20250626,GATEWAY,42282.0,PAID
7000008323,1000008323,20241020,CASH,18150.0,FAILED
7000008324,1000008324,20240829,GATEWAY,13968.0,PAID
7000008325,1000008325,20250312,CASH,86938.5,FAILED
7000008326,1000008326,20240330,GATEWAY,105226.72,REFUNDED
7000008327,1000008327,20240916,CARD,28788.0,PAID
7000008328,1000008328,20250701,CARD,16852.56,PAID
7000008329,1000008329,20240110,CARD,29659.2,PAID
7000008330,1000008330,20240102,CARD,43560.0,PAID
7000008331,1000008331,20240422,TRANSFER,28459.2,PAID
7000008332,1000008332,20240221,CARD,14483.7,PAID
7000008333,1000008333,20240113,GATEWAY,65705.1,PAID
7000008334,1000008334,20250612,CASH,14520.0,PAID
7000008335,1000008335,20241108,CARD,27588.0,PAID
7000008336,1000008336,20240722,CARD,67692.0,PAID
7000008337,1000008337,20240217,CARD,20765.7,PAID
7000008338,1000008338,20240315,CARD,32505.12,PAID
7000008339,1000008339,20240522,GATEWAY,15429.6,PAID
7000008340,1000008340,20250516,GATEWAY,63626.4,PAID
7000008341,1000008341,20250822,CARD,46957.68,PAID
7000008342,1000008342,20250728,GATEWAY,30240.0,PAID
7000008343,1000008343,20241019,CARD,17787.0,PAID
7000008344,1000008344,20240429,CARD,43888.8,PAID
7000008345,1000008345,20250309,CARD,74142.75,PAID
7000008346,1000008346,20240120,CARD,86248.8,PAID
7000008347,1000008347,20250314,CASH,43124.4,PAID
7000008348,1000008348,20241113,GATEWAY,83175.0,PAID
7000008349,1000008349,20250125,CARD,13968.0,PAID
7000008350,1000008350,20250129,CARD,76794.75,PAID
7000008351,1000008351,20250324,GATEWAY,80034.0,PAID
7000008352,1000008352,20241213,CARD,13068.0,PAID
7000008353,1000008353,20240930,CARD,36183.6,PAID
7000008354,1000008354,20240228,CARD,46420.2,PAID
7000008355,1000008355,20240224,CARD,41164.2,PAID
7000008356,1000008356,20250130,GATEWAY,34822.35,PAID
7000008357,1000008357,20250129,TRANSFER,28967.4,PAID
7000008358,1000008358,20250330,CARD,39204.0,PAID
7000008359,1000008359,20250418,CARD,35610.06,PAID
7000008360,1000008360,20240519,CARD,15294.0,PAID
7000008361,1000008361,20250414,CASH,27951.0,PAID
7000008362,1000008362,20250720,CASH,17787.0,PAID
7000008363,1000008363,20250309,CARD,57646.5,PAID
7000008364,1000008364,20240613,CARD,73507.5,PAID
7000008365,1000008365,20241103,CASH,44402.16,FAILED
7000008366,1000008366,20250203,GATEWAY,15420.0,PAID
7000008367,1000008367,20250301,GATEWAY,42582.0,PAID
7000008368,1000008368,20240523,CASH,32670.0,PAID
7000008369,1000008369,20250830,CARD,102257.1,PAID
7000008370,1000008370,20241102,GATEWAY,40331.4,PAID
7000008371,1000008371,20240607,CASH,53361.0,PAID
7000008372,1000008372,20250530,CASH,39930.0,PAID
7000008373,1000008373,20240114,CARD,28459.2,PAID
7000008374,1000008374,20250708,CARD,39204.0,PAID
7000008375,1000008375,20240218,CASH,64795.5,PAID
7000008376,1000008376,20240809,GATEWAY,30240.0,PAID
7000008377,1000008377,20250220,GATEWAY,14520.0,PAID
7000008378,1000008378,20241109,CARD,70920.12,PAID
7000008379,1000008379,20250514,CARD,42108.0,PAID
7000008380,1000008380,20240619,CARD,60766.2,PAID
7000008381,1000008381,20250412,GATEWAY,42282.0,PAID
7000008382,1000008382,20240707,CARD,17172.0,FAILED
7000008383,1000008383,20250605,CASH,27588.0,PAID
7000008384,1000008384,20240718,GATEWAY,82149.0,PAID
7000008385,1000008385,20240122,CARD,17535.0,FAILED
7000008386,1000008386,20250902,CARD,13068.0,FAILED
7000008387,1000008387,20240322,CASH,24829.2,PAID
7000008388,1000008388,20241223,CASH,13794.0,PAID
7000008389,1000008389,20250101,CASH,53361.0,PAID
7000008390,1000008390,20250918,CARD,53361.0,PAID
7000008391,1000008391,20240605,CARD,39131.4,PAID
7000008392,1000008392,20250109,GATEWAY,66540.0,PAID
7000008393,1000008393,20241130,CARD,18987.0,PAID
7000008394,1000008394,20250512,GATEWAY,33960.75,FAILED
7000008395,1000008395,20240628,GATEWAY,68970.0,PAID
7000008396,1000008396,20240529,GATEWAY,18868.5,PAID
7000008397,1000008397,20250128,CARD,18687.0,PAID
7000008398,1000008398,20250925,CARD,42582.0,PAID
7000008399,1000008399,20250928,GATEWAY,85996.8,PAID
7000008400,1000008400,20240902,CASH,32016.6,FAILED
7000008401,1000008401,20240402,GATEWAY,78882.0,PAID
7000008402,1000008402,20250504,GATEWAY,16852.56,PAID
7000008403,1000008403,20250311,CARD,48024.9,PAID
7000008404,1000008404,20241216,CASH,26136.0,PAID
7000008405,1000008405,20250602,CARD,36474.0,PAID
7000008406,1000008406,20240122,CARD,40404.0,PAID
7000008407,1000008407,20250108,CARD,63706.5,PAID
7000008408,1000008408,20240803,GATEWAY,40104.0,PAID
7000008409,1000008409,20250123,GATEWAY,24722.4,FAILED
7000008410,1000008410,20250215,CARD,76613.25,PAID
7000008411,1000008411,20250714,GATEWAY,17535.0,PAID
7000008412,1000008412,20240427,CARD,29088.0,PAID
7000008413,1000008413,20250514,TRANSFER,27588.0,PAID
7000008414,1000008414,20240320,CASH,29040.0,PAID
7000008415,1000008415,20250425,GATEWAY,17508.3,PAID
7000008416,1000008416,20241106,GATEWAY,43888.8,PAID
7000008417,1000008417,20240116,GATEWAY,62910.0,PAID
7000008418,1000008418,20241105,CARD,58072.5,PAID
7000008419,1000008419,20240818,CARD,45738.0,FAILED
7000008420,1000008420,20241203,GATEWAY,54861.0,PAID
7000008421,1000008421,20250612,CARD,53361.0,PAID
7000008422,1000008422,20240627,TRANSFER,31944.0,PAID
7000008423,1000008423,20250421,CARD,33226.2,PAID
7000008424,1000008424,20240913,CARD,41382.0,PAID
7000008425,1000008425,20250224,CARD,60793.42,PAID
7000008426,1000008426,20250110,CARD,35203.5,FAILED
7000008427,1000008427,20240801,CARD,37243.8,PAID
7000008428,1000008428,20240507,CARD,29959.2,PAID
7000008429,1000008429,20250629,GATEWAY,33144.0,FAILED
7000008430,1000008430,20240920,CARD,17242.5,REFUNDED
7000008431,1000008431,20240418,CARD,80832.6,PAID
7000008432,1000008432,20240730,CASH,27442.8,PAID
7000008433,1000008433,20240623,CARD,62247.0,PAID
7000008434,1000008434,20240707,CARD,109527.75,PAID
7000008435,1000008435,20240218,CARD,34303.5,PAID
7000008436,1000008436,20250619,CARD,18150.0,PENDING
7000008437,1000008437,20250128,GATEWAY,94491.0,PENDING
7000008438,1000008438,20240125,GATEWAY,12661.2,PAID
7000008439,1000008439,20240423,CASH,81442.68,PAID
7000008440,1000008440,20250316,CARD,15574.8,PAID
7000008441,1000008441,20240424,CARD,15420.0,PAID
7000008442,1000008442,20250228,CARD,39857.4,PAID
7000008443,1000008443,20250421,CARD,26136.0,PAID
7000008444,1000008444,20250811,CASH,32670.0,PAID
7000008445,1000008445,20240425,CARD,48024.9,PAID
7000008446,1000008446,20250414,CARD,29040.0,PAID
7000008447,1000008447,20240717,CARD,83020.2,PAID
7000008448,1000008448,20240324,CARD,92565.0,PAID
7000008449,1000008449,20250808,TRANSFER,28459.2,PAID
7000008450,1000008450,20240628,CARD,28459.2,PAID
7000008451,1000008451,20250612,CARD,53472.0,FAILED
7000008452,1000008452,20240212,GATEWAY,50205.0,PAID
7000008453,1000008453,20240618,GATEWAY,15294.0,PAID
7000008454,1000008454,20250823,CARD,15129.6,PAID
7000008455,1000008455,20241008,GATEWAY,35685.0,PAID
7000008456,1000008456,20240809,GATEWAY,53145.3,PAID
7000008457,1000008457,20240603,GATEWAY,36300.0,PAID
7000008458,1000008458,20240204,CASH,45048.3,PAID
7000008459,1000008459,20240324,GATEWAY,15518.25,REFUNDED
7000008460,1000008460,20240215,CARD,58043.7,PAID
7000008461,1000008461,20250327,CARD,87148.8,PAID
7000008462,1000008462,20250110,CARD,31987.56,PAID
7000008463,1000008463,20240102,CARD,35503.5,PAID
7000008464,1000008464,20240828,GATEWAY,44760.0,REFUNDED
7000008465,1000008465,20250809,CARD,19304.62,PAID
7000008466,1000008466,20240313,CARD,33795.3,PAID
7000008467,1000008467,20240623,CASH,34485.0,PAID
7000008468,1000008468,20241025,CASH,14520.0,PAID
7000008469,1000008469,20240731,CARD,70489.44,PAID
7000008470,1000008470,20250718,CARD,42882.0,PAID
7000008471,1000008471,20240715,CASH,37243.8,PAID
7000008472,1000008472,20240606,CARD,14694.0,PAID
7000008473,1000008473,20241103,TRANSFER,35937.0,PAID
7000008474,1000008474,20250625,CARD,27588.0,PAID
7000008475,1000008475,20250508,CARD,43588.8,PAID
7000008476,1000008476,20250202,CARD,47073.6,PAID
7000008477,1000008477,20250809,CARD,92567.1,PAID
7000008478,1000008478,20241017,CASH,34485.0,PAID
7000008479,1000008479,20250121,CARD,75776.25,PAID
7000008480,1000008480,20241011,CARD,30240.0,PAID
7000008481,1000008481,20240817,GATEWAY,32670.0,PAID
7000008482,1000008482,20241209,GATEWAY,36774.0,PAID
7000008483,1000008483,20250204,CARD,67518.0,PAID
7000008484,1000008484,20240905,TRANSFER,35574.0,PAID
7000008485,1000008485,20250113,CARD,58408.8,PAID
7000008486,1000008486,20250321,CARD,17208.3,PAID
7000008487,1000008487,20240630,CARD,68418.0,PENDING
7000008488,1000008488,20240116,CARD,43888.8,PAID
7000008489,1000008489,20250610,CARD,41382.0,PAID
7000008490,1000008490,20240301,CASH,54450.0,PAID
7000008491,1000008491,20250204,CASH,105052.2,PAID
7000008492,1000008492,20240317,CARD,18150.0,PAID
7000008493,1000008493,20250211,GATEWAY,74952.0,PAID
7000008494,1000008494,20240723,CASH,92492.4,PAID
7000008495,1000008495,20250718,CARD,16335.0,PAID
7000008496,1000008496,20250121,CARD,59561.04,REFUNDED
7000008497,1000008497,20240621,CARD,82038.0,PAID
7000008498,1000008498,20241113,CASH,16008.3,PAID
7000008499,1000008499,20241116,GATEWAY,39204.0,PAID
7000008500,1000008500,20250407,CARD,76258.8,PAID
7000008501,1000008501,20250717,CARD,52627.5,PAID
7000008502,1000008502,20241210,CARD,20166.75,REFUNDED
7000008503,1000008503,20241108,GATEWAY,26813.28,REFUNDED
7000008504,1000008504,20250509,CARD,31036.5,PAID
7000008505,1000008505,20250327,CASH,46899.6,PAID
7000008506,1000008506,20241018,CASH,26136.0,PAID
7000008507,1000008507,20240525,CARD,60278.25,PAID
7000008508,1000008508,20250702,GATEWAY,15429.6,PAID
7000008509,1000008509,20250816,GATEWAY,14694.0,PAID
7000008510,1000008510,20250319,CASH,44823.24,PAID
7000008511,1000008511,20241008,CARD,72665.1,PAID
7000008512,1000008512,20240510,GATEWAY,15874.8,PAID
7000008513,1000008513,20240910,CARD,30603.0,PAID
7000008514,1000008514,20250225,CARD,33870.0,PAID
7000008515,1000008515,20250501,CARD,65959.2,PAID
7000008516,1000008516,20250829,GATEWAY,32670.0,PAID
7000008517,1000008517,20240227,GATEWAY,27036.0,PAID
7000008518,1000008518,20250703,GATEWAY,42582.0,PAID
7000008519,1000008519,20241010,GATEWAY,15294.0,PAID
7000008520,1000008520,20250119,CASH,49005.0,PAID
7000008521,1000008521,20250123,CARD,31692.0,FAILED
7000008522,1000008522,20240420,GATEWAY,102177.0,PAID
7000008523,1000008523,20250121,CARD,55350.0,PAID
7000008524,1000008524,20241019,CARD,48714.6,PAID
7000008525,1000008525,20240810,CASH,46645.5,PAID
7000008526,1000008526,20240601,CARD,32118.0,PAID
7000008527,1000008527,20240810,GATEWAY,99510.0,PAID
7000008528,1000008528,20241220,CARD,35294.25,REFUNDED
7000008529,1000008529,20241012,TRANSFER,39204.0,PAID
7000008530,1000008530,20250704,CARD,74100.0,PAID
7000008531,1000008531,20241228,CARD,14268.0,PAID
7000008532,1000008532,20240307,CARD,44830.5,FAILED
7000008533,1000008533,20240214,CARD,16418.25,REFUNDED
7000008534,1000008534,20250930,CARD,14229.6,PENDING
7000008535,1000008535,20250520,CARD,27336.0,PAID
7000008536,1000008536,20250716,TRANSFER,117517.62,FAILED
7000008537,1000008537,20241130,CARD,37243.8,PAID
7000008538,1000008538,20240512,GATEWAY,69444.0,PAID
7000008539,1000008539,20240911,CARD,77130.0,PAID
7000008540,1000008540,20240819,CARD,27036.0,PAID
7000008541,1000008541,20240601,GATEWAY,31936.5,PAID
7000008542,1000008542,20240308,CARD,44150.16,PAID
7000008543,1000008543,20241214,GATEWAY,40104.0,PAID
7000008544,1000008544,20240809,CARD,43124.4,PAID
7000008545,1000008545,20240403,CASH,51455.25,FAILED
7000008546,1000008546,20250130,GATEWAY,16746.0,PAID
7000008547,1000008547,20240428,CARD,74182.44,PAID
7000008548,1000008548,20240704,CARD,26136.0,PAID
7000008549,1000008549,20240916,CARD,19350.0,FAILED
7000008550,1000008550,20240630,CARD,32418.0,PAID
7000008551,1000008551,20240608,CARD,81384.6,PAID
7000008552,1000008552,20240525,CASH,62073.0,PAID
7000008553,1000008553,20250113,CARD,29088.0,PAID
7000008554,1000008554,20250813,CASH,56482.8,PAID
7000008555,1000008555,20241204,CASH,96303.9,PAID
7000008556,1000008556,20250426,GATEWAY,72048.0,PAID
7000008557,1000008557,20250211,CARD,67183.8,PENDING
7000008558,1000008558,20240205,CARD,13068.0,PAID
7000008559,1000008559,20250909,CARD,43888.8,PAID
7000008560,1000008560,20241208,CARD,53361.0,PAID
7000008561,1000008561,20240605,CASH,43560.0,PAID
7000008562,1000008562,20250905,CARD,36300.0,PAID
7000008563,1000008563,20250720,GATEWAY,15294.0,PAID
7000008564,1000008564,20240511,CARD,36474.0,PAID
7000008565,1000008565,20250705,CARD,36483.6,PAID
7000008566,1000008566,20240928,CASH,102601.95,PAID
7000008567,1000008567,20240727,CASH,18150.0,PAID
7000008568,1000008568,20240117,CASH,36300.0,PAID
7000008569,1000008569,20250218,CASH,16335.0,PAID
7000008570,1000008570,20240418,CARD,71793.9,PAID
7000008571,1000008571,20240615,CASH,49005.0,PAID
7000008572,1000008572,20250401,CASH,69296.7,PAID
7000008573,1000008573,20250520,GATEWAY,15429.6,PAID
7000008574,1000008574,20240426,CARD,33652.2,PAID
7000008575,1000008575,20250927,CARD,13794.0,PAID
7000008576,1000008576,20240721,CARD,54885.6,PAID
7000008577,1000008577,20250609,GATEWAY,19050.0,PAID
7000008578,1000008578,20241214,CARD,19050.0,PAID
7000008579,1000008579,20241220,TRANSFER,27588.0,FAILED
7000008580,1000008580,20250515,GATEWAY,70170.0,PAID
7000008581,1000008581,20250426,GATEWAY,13721.4,PAID
7000008582,1000008582,20240107,CARD,53201.28,PAID
7000008583,1000008583,20240615,CARD,30249.6,PAID
7000008584,1000008584,20240106,CARD,44460.0,FAILED
7000008585,1000008585,20240524,GATEWAY,31392.0,FAILED
7000008586,1000008586,20240613,GATEWAY,33870.0,PAID
7000008587,1000008587,20240106,CARD,53227.5,PAID
7000008588,1000008588,20240102,CARD,87838.5,PAID
7000008589,1000008589,20250515,GATEWAY,14694.0,PAID
7000008590,1000008590,20240116,CARD,35385.0,PAID
7000008591,1000008591,20241124,GATEWAY,28459.2,PAID
7000008592,1000008592,20250116,CASH,35574.0,PAID
7000008593,1000008593,20250602,CARD,55950.0,PAID
7000008594,1000008594,20250314,CARD,109011.0,FAILED
7000008595,1000008595,20250929,CARD,14994.0,FAILED
7000008596,1000008596,20250117,CARD,52355.25,PAID
7000008597,1000008597,20240725,GATEWAY,46938.0,PAID
7000008598,1000008598,20250406,CARD,51720.0,PAID
7000008599,1000008599,20250803,GATEWAY,18987.0,PAID
7000008600,1000008600,20241112,CASH,113256.0,PAID
7000008601,1000008601,20250424,CARD,42064.2,FAILED
7000008602,1000008602,20250701,CARD,52627.5,PAID
7000008603,1000008603,20250704,CARD,29659.2,PAID
7000008604,1000008604,20250703,CARD,16335.0,PAID
7000008605,1000008605,20250817,CARD,14921.4,PAID
7000008606,1000008606,20250413,GATEWAY,63210.0,PAID
7000008607,1000008607,20250407,CASH,52635.0,PAID
7000008608,1000008608,20250817,TRANSFER,42761.4,PAID
7000008609,1000008609,20250515,CARD,58372.5,PAID
7000008610,1000008610,20240728,CASH,52163.1,PAID
7000008611,1000008611,20250415,GATEWAY,88624.92,PAID
7000008612,1000008612,20240108,CARD,16335.0,PAID
7000008613,1000008613,20240201,CARD,18987.0,PAID
7000008614,1000008614,20240301,GATEWAY,44104.5,PAID
7000008615,1000008615,20240503,CARD,42882.0,PAID
7000008616,1000008616,20250221,CASH,51727.5,PAID
7000008617,1000008617,20240319,GATEWAY,14006.64,PAID
7000008618,1000008618,20250529,CASH,54450.0,PAID
7000008619,1000008619,20250421,GATEWAY,14006.64,PAID
7000008620,1000008620,20240211,GATEWAY,15720.0,PAID
7000008621,1000008621,20250618,CARD,44760.0,PAID
7000008622,1000008622,20250929,CASH,79627.68,FAILED
7000008623,1000008623,20250302,CARD,46575.0,PAID
7000008624,1000008624,20240610,GATEWAY,57555.75,PAID
7000008625,1000008625,20250711,GATEWAY,48816.0,PAID
7000008626,1000008626,20240615,CARD,94645.8,PAID
7000008627,1000008627,20250905,CARD,15518.25,PAID
7000008628,1000008628,20250627,CARD,18442.5,FAILED
7000008629,1000008629,20240330,GATEWAY,102031.8,PAID
7000008630,1000008630,20240213,GATEWAY,26136.0,PAID
7000008631,1000008631,20250406,CARD,37933.5,PAID
7000008632,1000008632,20240225,CARD,14520.0,PAID
7000008633,1000008633,20250121,CARD,37933.5,PAID
7000008634,1000008634,20241202,CARD,88426.8,FAILED
7000008635,1000008635,20250213,TRANSFER,32016.6,PAID
7000008636,1000008636,20240914,CASH,42688.8,PAID
7000008637,1000008637,20241220,GATEWAY,44460.0,REFUNDED
7000008638,1000008638,20250606,CARD,64795.5,PENDING
7000008639,1000008639,20250610,CARD,101196.9,PAID
7000008640,1000008640,20250620,CARD,49905.0,PAID
7000008641,1000008641,20241015,TRANSFER,46554.75,PAID
7000008642,1000008642,20250310,CARD,46938.0,PAID
7000008643,1000008643,20240326,CARD,33234.22,FAILED
7000008644,1000008644,20241220,CARD,50059.8,PAID
7000008645,1000008645,20250826,CARD,17235.0,PAID
7000008646,1000008646,20250110,CARD,27588.0,PAID
7000008647,1000008647,20240128,CARD,43888.8,PAID
7000008648,1000008648,20250318,CARD,15901.5,PAID
7000008649,1000008649,20250514,CARD,24829.2,PAID
7000008650,1000008650,20240528,CARD,131127.3,PAID
7000008651,1000008651,20240206,GATEWAY,15129.6,PAID
7000008652,1000008652,20240804,CARD,66540.0,PAID
7000008653,1000008653,20240612,CARD,15720.0,PAID
7000008654,1000008654,20240328,GATEWAY,32916.6,REFUNDED
7000008655,1000008655,20240417,GATEWAY,18150.0,PAID
7000008656,1000008656,20240620,CARD,70596.0,PAID
7000008657,1000008657,20240930,CASH,17787.0,PAID
7000008658,1000008658,20241229,CASH,28459.2,REFUNDED
7000008659,1000008659,20240229,CARD,17242.5,PAID
7000008660,1000008660,20250216,CARD,44760.0,PAID
7000008661,1000008661,20240518,CARD,99510.0,PAID
7000008662,1000008662,20240821,CARD,72019.2,PAID
7000008663,1000008663,20250321,CASH,44830.5,PAID
7000008664,1000008664,20240510,CARD,15274.8,PAID
7000008665,1000008665,20241219,CASH,113528.25,FAILED
7000008666,1000008666,20240821,CASH,14229.6,PAID
7000008667,1000008667,20250614,CASH,42688.8,PAID
7000008668,1000008668,20240717,CARD,23522.4,REFUNDED
7000008669,1000008669,20240901,CASH,14520.0,PAID
7000008670,1000008670,20250812,CASH,51727.5,PAID
7000008671,1000008671,20241108,CASH,14229.6,PAID
7000008672,1000008672,20240506,CARD,69696.0,PAID
7000008673,1000008673,20250611,CASH,41382.0,PAID
7000008674,1000008674,20240922,CARD,37109.25,PAID
7000008675,1000008675,20250407,CARD,47020.2,PAID
7000008676,1000008676,20250125,CARD,18150.0,PAID
7000008677,1000008677,20240212,GATEWAY,59597.1,PAID
7000008678,1000008678,20250603,CARD,14268.0,PAID
7000008679,1000008679,20240613,GATEWAY,28459.2,PAID
7000008680,1000008680,20240625,CARD,44760.0,PAID
7000008681,1000008681,20240727,CARD,52927.5,PAID
7000008682,1000008682,20240702,CARD,45723.24,PAID
7000008683,1000008683,20241205,CARD,66058.5,PAID
7000008684,1000008684,20250604,CARD,90960.3,PAID
7000008685,1000008685,20250418,GATEWAY,54261.0,PAID
7000008686,1000008686,20250123,CASH,15246.0,PAID
7000008687,1000008687,20240830,CARD,106941.38,FAILED
7000008688,1000008688,20240808,GATEWAY,36300.0,PAID
7000008689,1000008689,20240710,CARD,28459.2,PAID
7000008690,1000008690,20240628,CASH,53905.5,PAID
7000008691,1000008691,20240106,CARD,31082.16,REFUNDED
7000008692,1000008692,20241022,GATEWAY,33570.0,PENDING
7000008693,1000008693,20250126,CARD,78045.0,PAID
7000008694,1000008694,20240515,CARD,35203.5,PAID
7000008695,1000008695,20250713,CASH,41382.0,PAID
7000008696,1000008696,20240122,GATEWAY,24422.4,PAID
7000008697,1000008697,20240204,GATEWAY,48690.0,PAID
7000008698,1000008698,20240225,CARD,26136.0,PAID
7000008699,1000008699,20250419,CASH,54313.88,PAID
7000008700,1000008700,20250518,CARD,53227.5,PAID
7000008701,1000008701,20241115,GATEWAY,28788.0,PAID
7000008702,1000008702,20240301,CARD,82875.0,PAID
7000008703,1000008703,20240203,CARD,49433.1,FAILED
7000008704,1000008704,20250208,GATEWAY,14694.0,PAID
7000008705,1000008705,20241206,CARD,13068.0,PAID
7000008706,1000008706,20240227,CARD,16141.08,PAID
7000008707,1000008707,20250611,CARD,44351.1,PAID
7000008708,1000008708,20250604,CARD,61129.2,PAID
7000008709,1000008709,20250606,CARD,24829.2,PAID
7000008710,1000008710,20250904,CARD,49005.0,PAID
7000008711,1000008711,20241105,GATEWAY,41164.2,PAID
7000008712,1000008712,20250514,CASH,56018.16,PAID
7000008713,1000008713,20240628,CARD,54561.0,PAID
7000008714,1000008714,20250407,CARD,19050.0,PAID
7000008715,1000008715,20250306,CASH,52725.75,FAILED
7000008716,1000008716,20240826,CARD,37352.7,PAID
7000008717,1000008717,20250719,CARD,14268.0,PAID
7000008718,1000008718,20240602,CARD,47454.75,PAID
7000008719,1000008719,20240128,CARD,48816.0,PAID
7000008720,1000008720,20240707,CARD,71511.0,PAID
7000008721,1000008721,20250604,CARD,32670.0,PAID
7000008722,1000008722,20250216,CASH,12414.6,PAID
7000008723,1000008723,20250509,CARD,54450.0,PAID
7000008724,1000008724,20240722,TRANSFER,41236.8,PAID
7000008725,1000008725,20240406,CARD,17235.0,PAID
7000008726,1000008726,20250514,CARD,43160.7,PAID
7000008727,1000008727,20250223,GATEWAY,31755.0,PAID
7000008728,1000008728,20241015,GATEWAY,27336.0,PAID
7000008729,1000008729,20250912,GATEWAY,14994.0,PAID
7000008730,1000008730,20250612,CARD,56918.4,PAID
7000008731,1000008731,20240823,CARD,32670.0,PAID
7000008732,1000008732,20250111,CASH,32016.6,PAID
7000008733,1000008733,20241009,CARD,78408.0,PAID
7000008734,1000008734,20250428,CARD,14229.6,PAID
7000008735,1000008735,20240912,CARD,44104.5,PAID
7000008736,1000008736,20240102,GATEWAY,14268.0,PAID
7000008737,1000008737,20250927,GATEWAY,34351.5,PAID
7000008738,1000008738,20240402,GATEWAY,54561.0,PAID
7000008739,1000008739,20250623,CARD,39315.0,PAID
7000008740,1000008740,20250517,GATEWAY,55650.0,PAID
7000008741,1000008741,20241116,CASH,13068.0,FAILED
7000008742,1000008742,20250715,TRANSFER,32670.0,PAID
7000008743,1000008743,20250310,GATEWAY,65949.6,FAILED
7000008744,1000008744,20250420,CARD,24422.4,PAID
7000008745,1000008745,20250306,CARD,39204.0,PAID
7000008746,1000008746,20240314,GATEWAY,47754.75,PAID
7000008747,1000008747,20250804,GATEWAY,26136.0,FAILED
7000008748,1000008748,20240718,TRANSFER,19565.7,PAID
7000008749,1000008749,20240514,CARD,40104.0,PAID
7000008750,1000008750,20240519,CARD,13794.0,PAID
7000008751,1000008751,20241126,CARD,19050.0,PAID
7000008752,1000008752,20240809,GATEWAY,20257.5,PAID
7000008753,1000008753,20240926,CARD,26513.28,PAID
7000008754,1000008754,20240903,CARD,79315.5,PAID
7000008755,1000008755,20250826,GATEWAY,61884.0,PENDING
7000008756,1000008756,20240331,GATEWAY,15129.6,PAID
7000008757,1000008757,20240802,CARD,28788.0,PAID
7000008758,1000008758,20240322,CARD,115680.6,PAID
7000008759,1000008759,20250416,CARD,91802.7,PAID
7000008760,1000008760,20250612,CASH,52272.0,PAID
7000008761,1000008761,20241206,CASH,16335.0,FAILED
7000008762,1000008762,20240824,CARD,42364.2,PAID
7000008763,1000008763,20250513,GATEWAY,24422.4,PAID
7000008764,1000008764,20240713,CASH,16335.0,PENDING
7000008765,1000008765,20240813,GATEWAY,27336.0,REFUNDED
7000008766,1000008766,20240526,CARD,37200.0,PAID
7000008767,1000008767,20250417,GATEWAY,55350.0,PAID
7000008768,1000008768,20240426,TRANSFER,39204.0,PAID
7000008769,1000008769,20240323,CARD,102928.65,PAID
7000008770,1000008770,20240211,CARD,35755.5,PAID
7000008771,1000008771,20250507,CARD,33516.6,PAID
7000008772,1000008772,20240522,GATEWAY,18742.5,PAID
7000008773,1000008773,20240907,CARD,29088.0,PAID
7000008774,1000008774,20241027,CARD,58080.0,PAID
7000008775,1000008775,20240324,GATEWAY,43588.8,PAID
7000008776,1000008776,20240331,CARD,40404.0,PAID
7000008777,1000008777,20240521,CASH,65811.9,PAID
7000008778,1000008778,20240619,GATEWAY,57172.5,PAID
7000008779,1000008779,20241014,CARD,26813.28,PAID
7000008780,1000008780,20250624,CARD,48924.9,PENDING
7000008781,1000008781,20240302,CARD,51727.5,PAID
7000008782,1000008782,20250102,CASH,42688.8,PAID
7000008783,1000008783,20240906,GATEWAY,70785.0,PAID
7000008784,1000008784,20241017,GATEWAY,15429.6,PAID
7000008785,1000008785,20250824,CARD,62910.0,PAID
7000008786,1000008786,20250127,CARD,48642.0,PAID
7000008787,1000008787,20250513,CASH,28459.2,PAID
7000008788,1000008788,20241101,CASH,26136.0,PAID
7000008789,1000008789,20241106,CARD,11761.2,PAID
7000008790,1000008790,20250228,GATEWAY,42582.0,PAID
7000008791,1000008791,20250209,CASH,14520.0,FAILED
7000008792,1000008792,20240520,CARD,47109.9,PAID
7000008793,1000008793,20240402,TRANSFER,41164.2,PAID
7000008794,1000008794,20250218,CARD,17535.0,PAID
7000008795,1000008795,20241208,CASH,88617.38,PAID
7000008796,1000008796,20250426,CARD,79308.0,PAID
7000008797,1000008797,20241031,CASH,18676.35,PAID
7000008798,1000008798,20240729,CARD,28488.0,PAID
7000008799,1000008799,20240926,CARD,75678.0,PAID
7000008800,1000008800,20250418,GATEWAY,39133.5,PAID
7000008801,1000008801,20240315,GATEWAY,72529.5,PAID
7000008802,1000008802,20240911,GATEWAY,28342.8,PAID
7000008803,1000008803,20240115,CARD,17235.0,PAID
7000008804,1000008804,20241107,CARD,24829.2,PAID
7000008805,1000008805,20250701,CARD,14921.4,PAID
7000008806,1000008806,20240116,CARD,53227.5,PAID
7000008807,1000008807,20240707,CASH,16335.0,PAID
7000008808,1000008808,20250818,CASH,41527.2,PAID
7000008809,1000008809,20250904,CARD,43671.0,PAID
7000008810,1000008810,20250304,GATEWAY,31382.16,PAID
7000008811,1000008811,20240614,GATEWAY,29959.2,PAID
7000008812,1000008812,20240420,GATEWAY,19168.5,PAID
7000008813,1000008813,20250824,CASH,27588.0,PAID
7000008814,1000008814,20240401,GATEWAY,15901.5,PAID
7000008815,1000008815,20240519,CARD,26136.0,PAID
7000008816,1000008816,20240302,CARD,29959.2,PAID
7000008817,1000008817,20240310,GATEWAY,32536.5,PAID
7000008818,1000008818,20240530,GATEWAY,28459.2,PAID
7000008819,1000008819,20250920,CARD,55105.5,PAID
7000008820,1000008820,20250519,CARD,17787.0,PAID
7000008821,1000008821,20250709,CARD,33570.0,PAID
7000008822,1000008822,20240704,GATEWAY,59532.0,PAID
7000008823,1000008823,20250126,CARD,95106.0,FAILED
7000008824,1000008824,20240726,GATEWAY,49116.0,PENDING
7000008825,1000008825,20240722,CASH,17242.5,PAID
7000008826,1000008826,20250822,CARD,44760.0,PAID
7000008827,1000008827,20250121,CARD,68287.32,FAILED
7000008828,1000008828,20240702,GATEWAY,29959.2,FAILED
7000008829,1000008829,20240709,CARD,75687.6,PAID
7000008830,1000008830,20240123,CARD,18687.0,PAID
7000008831,1000008831,20240826,CARD,31036.5,PAID
7000008832,1000008832,20250602,GATEWAY,18442.5,PAID
7000008833,1000008833,20250122,CARD,49614.6,PAID
7000008834,1000008834,20240229,CASH,26136.0,PAID
7000008835,1000008835,20250703,CARD,18987.0,PAID
7000008836,1000008836,20240915,CARD,16008.3,PAID
7000008837,1000008837,20240517,CARD,27636.0,PAID
7000008838,1000008838,20241009,CARD,36209.25,PAID
7000008839,1000008839,20240911,GATEWAY,18142.5,PAID
7000008840,1000008840,20240719,CARD,36300.0,PAID
7000008841,1000008841,20240101,CARD,27336.0,PAID
7000008842,1000008842,20240607,CARD,40104.0,PAID
7000008843,1000008843,20240915,CARD,49077.6,PAID
7000008844,1000008844,20240122,CARD,60197.1,PAID
7000008845,1000008845,20241023,TRANSFER,49005.0,PAID
7000008846,1000008846,20250704,CARD,49905.0,PAID
7000008847,1000008847,20240424,CARD,14268.0,PAID
7000008848,1000008848,20240628,CARD,26136.0,PAID
7000008849,1000008849,20250430,CARD,28488.0,REFUNDED
7000008850,1000008850,20240408,CARD,17787.0,PAID
7000008851,1000008851,20250507,GATEWAY,53472.0,PAID
7000008852,1000008852,20250409,GATEWAY,40404.0,PAID
7000008853,1000008853,20241024,CARD,17151.75,PAID
7000008854,1000008854,20250121,CARD,15129.6,PAID
7000008855,1000008855,20250508,CARD,25022.4,PAID
7000008856,1000008856,20240831,CARD,28788.0,PAID
7000008857,1000008857,20240107,CARD,17235.0,PAID
7000008858,1000008858,20240102,GATEWAY,30167.4,PAID
7000008859,1000008859,20240106,CARD,14994.0,PAID
7000008860,1000008860,20240125,CARD,18868.5,PAID
7000008861,1000008861,20250917,GATEWAY,18442.5,PAID
7000008862,1000008862,20250608,CARD,52355.25,PAID
7000008863,1000008863,20240611,CARD,49005.0,PAID
7000008864,1000008864,20241009,CARD,53908.12,PAID
7000008865,1000008865,20240519,GATEWAY,53542.5,PAID
7000008866,1000008866,20240212,CASH,57499.2,REFUNDED
7000008867,1000008867,20241004,CARD,32670.0,PAID
7000008868,1000008868,20241129,CARD,55650.0,PAID
7000008869,1000008869,20250724,GATEWAY,29359.2,PAID
7000008870,1000008870,20240422,GATEWAY,15720.0,PAID
7000008871,1000008871,20241028,CARD,29867.4,PAID
7000008872,1000008872,20250611,CARD,19304.62,PAID
7000008873,1000008873,20241103,TRANSFER,39930.0,PAID
7000008874,1000008874,20250402,CASH,89661.0,FAILED
7000008875,1000008875,20240830,CARD,29940.0,PAID
7000008876,1000008876,20241125,CARD,44687.4,PAID
7000008877,1000008877,20240325,GATEWAY,46275.0,PAID
7000008878,1000008878,20250827,GATEWAY,29940.0,PAID
7000008879,1000008879,20240817,GATEWAY,50505.0,PAID
7000008880,1000008880,20250422,GATEWAY,87039.9,PAID
7000008881,1000008881,20250915,CASH,42253.2,PAID
7000008882,1000008882,20240118,TRANSFER,45520.2,FAILED
7000008883,1000008883,20250313,GATEWAY,88184.4,REFUNDED
7000008884,1000008884,20241007,CASH,17242.5,REFUNDED
7000008885,1000008885,20250610,GATEWAY,19304.62,PAID
7000008886,1000008886,20240821,GATEWAY,46957.68,PAID
7000008887,1000008887,20241119,CASH,122534.28,PAID
7000008888,1000008888,20250617,GATEWAY,50505.0,PAID
7000008889,1000008889,20240823,GATEWAY,15729.6,PAID
7000008890,1000008890,20240112,CARD,57682.8,PAID
7000008891,1000008891,20240729,GATEWAY,106796.7,PAID
7000008892,1000008892,20250613,CARD,42282.0,PAID
7000008893,1000008893,20240722,CARD,40704.0,REFUNDED
7000008894,1000008894,20250422,CARD,43588.8,PAID
7000008895,1000008895,20240711,CARD,17151.75,PAID
7000008896,1000008896,20241209,GATEWAY,62121.0,PAID
7000008897,1000008897,20250505,CARD,41164.2,PAID
7000008898,1000008898,20241210,CARD,17787.0,PAID
7000008899,1000008899,20250426,CARD,46638.0,PENDING
7000008900,1000008900,20241122,TRANSFER,60984.0,PAID
7000008901,1000008901,20240429,CARD,39133.5,REFUNDED
7000008902,1000008902,20241228,GATEWAY,18142.5,PAID
7000008903,1000008903,20240908,TRANSFER,73093.68,REFUNDED
7000008904,1000008904,20240605,CASH,13721.4,PAID
7000008905,1000008905,20250122,CARD,56900.25,PAID
7000008906,1000008906,20240210,CARD,29659.2,PAID
7000008907,1000008907,20240417,GATEWAY,21165.0,PAID
7000008908,1000008908,20240628,CARD,88324.92,PAID
7000008909,1000008909,20250627,CASH,16335.0,PAID
7000008910,1000008910,20241014,GATEWAY,19468.5,PAID
7000008911,1000008911,20250714,CASH,50348.1,PAID
7000008912,1000008912,20250102,CASH,36300.0,PAID
7000008913,1000008913,20240926,GATEWAY,37352.7,PAID
7000008914,1000008914,20250827,CARD,46899.6,PAID
7000008915,1000008915,20250923,CARD,66295.5,PAID
7000008916,1000008916,20250815,CARD,43451.1,PAID
7000008917,1000008917,20240216,CASH,29040.0,FAILED
7000008918,1000008918,20250424,TRANSFER,84488.25,PAID
7000008919,1000008919,20241114,CARD,37109.25,PAID
7000008920,1000008920,20240930,GATEWAY,61555.72,PAID
7000008921,1000008921,20240126,CARD,17242.5,REFUNDED
7000008922,1000008922,20250925,TRANSFER,48024.9,PAID
7000008923,1000008923,20240828,GATEWAY,49416.0,PAID
7000008924,1000008924,20240312,CARD,19876.35,REFUNDED
7000008925,1000008925,20241023,CARD,49005.0,PAID
7000008926,1000008926,20241012,CARD,60838.8,PAID
7000008927,1000008927,20250701,CARD,13068.0,PAID
7000008928,1000008928,20240415,GATEWAY,29659.2,PAID
7000008929,1000008929,20250323,CARD,61528.5,PAID
7000008930,1000008930,20240525,CARD,24829.2,FAILED
7000008931,1000008931,20250203,CARD,14701.5,PAID
7000008932,1000008932,20240604,GATEWAY,28488.0,PAID
7000008933,1000008933,20250305,CARD,33570.0,PAID
7000008934,1000008934,20250302,CARD,26136.0,PAID
7000008935,1000008935,20240123,CARD,13914.6,FAILED
7000008936,1000008936,20241008,CARD,43560.0,FAILED
7000008937,1000008937,20240521,GATEWAY,52655.25,PAID
7000008938,1000008938,20240517,GATEWAY,29959.2,PAID
7000008939,1000008939,20241216,CARD,32205.12,PAID
7000008940,1000008940,20240102,TRANSFER,27588.0,FAILED
7000008941,1000008941,20250708,CARD,46720.2,PAID
7000008942,1000008942,20240907,CARD,49005.0,PAID
7000008943,1000008943,20241117,CARD,66646.8,PAID
7000008944,1000008944,20250126,CARD,16020.0,PAID
7000008945,1000008945,20240430,CARD,33570.0,PAID
7000008946,1000008946,20250313,CASH,53361.0,PAID
7000008947,1000008947,20240520,CARD,17787.0,FAILED
7000008948,1000008948,20250324,GATEWAY,35985.0,REFUNDED
7000008949,1000008949,20240123,CARD,60369.0,PAID
7000008950,1000008950,20250924,CARD,43124.4,PAID
7000008951,1000008951,20250525,GATEWAY,43888.8,FAILED
7000008952,1000008952,20240903,GATEWAY,46246.2,PAID
7000008953,1000008953,20250329,CARD,13706.64,PAID
7000008954,1000008954,20250505,CARD,27336.0,PAID
7000008955,1000008955,20250330,GATEWAY,27602.28,PAID
7000008956,1000008956,20240109,CARD,41382.0,PAID
7000008957,1000008957,20250820,TRANSFER,77682.0,PAID
7000008958,1000008958,20250729,GATEWAY,35283.6,PAID
7000008959,1000008959,20240920,CARD,38143.8,PAID
7000008960,1000008960,20240802,CARD,44460.0,PAID
7000008961,1000008961,20240110,GATEWAY,19057.5,REFUNDED
7000008962,1000008962,20241225,CASH,57680.7,PAID
7000008963,1000008963,20240415,GATEWAY,49905.0,PAID
7000008964,1000008964,20240121,CARD,82330.5,PAID
7000008965,1000008965,20250227,CARD,63190.8,PAID
7000008966,1000008966,20241109,CASH,15972.0,FAILED
7000008967,1000008967,20240826,CARD,58697.1,PAID
7000008968,1000008968,20250212,CARD,49224.9,PAID
7000008969,1000008969,20240511,GATEWAY,14694.0,PAID
7000008970,1000008970,20241222,CARD,39204.0,PAID
7000008971,1000008971,20250614,GATEWAY,49224.9,PAID
7000008972,1000008972,20240707,GATEWAY,55105.5,PENDING
7000008973,1000008973,20250707,CARD,17968.5,PAID
7000008974,1000008974,20250713,CARD,62910.0,PAID
7000008975,1000008975,20250819,GATEWAY,17535.0,PAID
7000008976,1000008976,20240116,TRANSFER,60475.8,PAID
7000008977,1000008977,20250416,CARD,46064.7,REFUNDED
7000008978,1000008978,20240824,CARD,38552.7,FAILED
7000008979,1000008979,20250422,TRANSFER,14520.0,PAID
7000008980,1000008980,20240803,GATEWAY,14994.0,PENDING
7000008981,1000008981,20250110,CARD,14268.0,PENDING
7000008982,1000008982,20250401,CARD,13068.0,PAID
7000008983,1000008983,20241223,CARD,55350.0,PAID
7000008984,1000008984,20240211,GATEWAY,33570.0,PENDING
7000008985,1000008985,20240716,CASH,56628.0,PAID
7000008986,1000008986,20240709,CARD,42882.0,PAID
7000008987,1000008987,20240619,TRANSFER,37933.5,PAID
7000008988,1000008988,20250929,GATEWAY,60621.0,REFUNDED
7000008989,1000008989,20240108,GATEWAY,35503.5,PAID
7000008990,1000008990,20250822,CARD,39204.0,PAID
7000008991,1000008991,20250920,CARD,27036.0,PAID
7000008992,1000008992,20250215,CARD,49005.0,PAID
7000008993,1000008993,20240528,CARD,38419.92,PAID
7000008994,1000008994,20250131,CASH,43560.0,PAID
7000008995,1000008995,20250625,CARD,14701.5,PENDING
7000008996,1000008996,20250428,CASH,48823.5,PAID
7000008997,1000008997,20240122,GATEWAY,50505.0,FAILED
7000008998,1000008998,20250307,CARD,99200.4,PAID
7000008999,1000008999,20250224,CARD,33570.0,PAID
7000009000,1000009000,20240825,CASH,41382.0,PAID
7000009001,1000009001,20240506,CASH,35283.6,PAID
7000009002,1000009002,20250724,GATEWAY,18987.0,PAID
7000009003,1000009003,20250625,CARD,29940.0,PAID
7000009004,1000009004,20241013,GATEWAY,42582.0,PAID
7000009005,1000009005,20241203,CARD,14694.0,PAID
7000009006,1000009006,20250101,CARD,39619.92,PAID
7000009007,1000009007,20240728,GATEWAY,56593.8,PAID
7000009008,1000009008,20240425,CASH,44721.6,PAID
7000009009,1000009009,20241217,CASH,30049.14,PAID
7000009010,1000009010,20250319,CARD,33870.0,PAID
7000009011,1000009011,20240718,CARD,71148.0,FAILED
7000009012,1000009012,20240920,CARD,66320.1,PAID
7000009013,1000009013,20240624,CASH,15173.4,REFUNDED
7000009014,1000009014,20250715,GATEWAY,36474.0,FAILED
7000009015,1000009015,20250322,CASH,68688.68,PAID
7000009016,1000009016,20241101,TRANSFER,37933.5,PAID
7000009017,1000009017,20250819,GATEWAY,85188.6,PAID
7000009018,1000009018,20250407,CASH,27551.7,PAID
7000009019,1000009019,20240629,TRANSFER,99273.24,PAID
7000009020,1000009020,20250921,CARD,36209.25,PAID
7000009021,1000009021,20250817,CARD,52272.0,PAID
7000009022,1000009022,20241018,CARD,27036.0,PAID
7000009023,1000009023,20240824,CARD,40704.0,PAID
7000009024,1000009024,20241113,CARD,45604.5,PAID
7000009025,1000009025,20250320,GATEWAY,33570.0,PAID
7000009026,1000009026,20241017,GATEWAY,64207.2,FAILED
7000009027,1000009027,20250726,CARD,13914.6,PAID
7000009028,1000009028,20250302,CARD,81486.0,FAILED
7000009029,1000009029,20240914,CARD,57392.4,PAID
7000009030,1000009030,20250125,GATEWAY,32916.6,PAID
7000009031,1000009031,20250722,CARD,54261.0,PAID
7000009032,1000009032,20250424,CARD,28749.6,PAID
7000009033,1000009033,20240308,CARD,53905.5,PAID
7000009034,1000009034,20250702,CARD,93915.36,PAID
7000009035,1000009035,20240218,CASH,49005.0,PAID
7000009036,1000009036,20240619,CARD,56076.0,PAID
7000009037,1000009037,20241221,GATEWAY,52927.5,PAID
7000009038,1000009038,20240831,CARD,30240.0,PAID
7000009039,1000009039,20240904,CARD,66840.0,PAID
7000009040,1000009040,20250423,CASH,28459.2,PAID
7000009041,1000009041,20250625,CARD,98229.9,PAID
7000009042,1000009042,20241120,GATEWAY,55350.0,PAID
7000009043,1000009043,20250823,CARD,58100.25,PAID
7000009044,1000009044,20241118,GATEWAY,17535.0,PAID
7000009045,1000009045,20250719,CARD,42688.8,PAID
7000009046,1000009046,20250401,CARD,24829.2,PAID
7000009047,1000009047,20240412,CARD,15720.0,FAILED
7000009048,1000009048,20240506,GATEWAY,52927.5,PAID
7000009049,1000009049,20240919,CARD,67692.0,PAID
7000009050,1000009050,20240402,CARD,72237.0,PAID
7000009051,1000009051,20250616,CASH,14229.6,PAID
7000009052,1000009052,20250317,GATEWAY,98169.48,PAID
7000009053,1000009053,20240329,CARD,55350.0,PAID
7000009054,1000009054,20250901,CARD,32505.12,PAID
7000009055,1000009055,20240111,CASH,54450.0,PAID
7000009056,1000009056,20241004,CARD,12414.6,PAID
7000009057,1000009057,20250401,CARD,18742.5,PAID
7000009058,1000009058,20241017,CARD,15901.5,PAID
7000009059,1000009059,20240423,CARD,41382.0,PAID
7000009060,1000009060,20250810,CARD,18150.0,PAID
7000009061,1000009061,20241109,CARD,56918.4,REFUNDED
7000009062,1000009062,20250429,CARD,28788.0,PAID
7000009063,1000009063,20240602,CASH,15518.25,PAID
7000009064,1000009064,20240521,CARD,16335.0,REFUNDED
7000009065,1000009065,20250125,CARD,52272.0,PAID
7000009066,1000009066,20240710,CARD,36474.0,PAID
7000009067,1000009067,20241123,CARD,19057.5,PAID
7000009068,1000009068,20241101,CARD,29403.0,PAID
7000009069,1000009069,20240918,CARD,34485.0,PAID
7000009070,1000009070,20240620,CASH,29040.0,PAID
7000009071,1000009071,20250520,CARD,54450.0,PENDING
7000009072,1000009072,20250204,GATEWAY,16718.25,PAID
7000009073,1000009073,20250729,CARD,33516.6,PAID
7000009074,1000009074,20240710,CASH,53361.0,PAID
7000009075,1000009075,20241207,GATEWAY,50205.0,PAID
7000009076,1000009076,20240508,CASH,43560.0,PAID
7000009077,1000009077,20240913,CARD,13068.0,PAID
7000009078,1000009078,20250204,TRANSFER,19965.0,PAID
7000009079,1000009079,20240521,CARD,76907.28,PENDING
7000009080,1000009080,20250227,CARD,18687.0,PAID
7000009081,1000009081,20240214,GATEWAY,13706.64,PAID
7000009082,1000009082,20240426,CARD,38419.92,FAILED
7000009083,1000009083,20240130,CARD,39204.0,PAID
7000009084,1000009084,20240702,CARD,15420.0,PAID
7000009085,1000009085,20240601,CASH,26644.2,PAID
7000009086,1000009086,20241015,GATEWAY,98421.0,PAID
7000009087,1000009087,20240708,CASH,28967.4,FAILED
7000009088,1000009088,20241221,CARD,11761.2,PAID
7000009089,1000009089,20250721,GATEWAY,36774.0,REFUNDED
7000009090,1000009090,20240203,CARD,40104.0,PAID
7000009091,1000009091,20240528,CARD,53227.5,PAID
7000009092,1000009092,20240910,CARD,49005.0,PAID
7000009093,1000009093,20250727,CASH,42979.2,PAID
7000009094,1000009094,20241214,TRANSFER,51727.5,PAID
7000009095,1000009095,20241007,CARD,29040.0,PAID
7000009096,1000009096,20240812,CARD,52998.0,PAID
7000009097,1000009097,20250803,GATEWAY,15429.6,PAID
7000009098,1000009098,20250823,TRANSFER,14229.6,FAILED
7000009099,1000009099,20241006,CARD,57891.0,PAID
7000009100,1000009100,20240612,CARD,41382.0,REFUNDED
7000009101,1000009101,20250123,GATEWAY,54450.0,PAID
7000009102,1000009102,20240806,GATEWAY,99790.8,PAID
7000009103,1000009103,20240815,CASH,93512.43,PAID
7000009104,1000009104,20240423,GATEWAY,28788.0,FAILED
7000009105,1000009105,20240125,GATEWAY,28459.2,PAID
7000009106,1000009106,20250909,CASH,28459.2,PAID
7000009107,1000009107,20250516,GATEWAY,36774.0,PAID
7000009108,1000009108,20250125,GATEWAY,39315.0,PAID
7000009109,1000009109,20240207,CASH,15972.0,PAID
7000009110,1000009110,20240824,CASH,77137.5,PAID
7000009111,1000009111,20241101,GATEWAY,44188.8,PAID
7000009112,1000009112,20241029,CARD,37800.0,PAID
7000009113,1000009113,20240620,GATEWAY,28488.0,PAID
7000009114,1000009114,20240308,CARD,27442.8,PAID
7000009115,1000009115,20240525,TRANSFER,53361.0,PAID
7000009116,1000009116,20240612,CASH,17787.0,PAID
7000009117,1000009117,20250103,CARD,45738.0,PAID
7000009118,1000009118,20250512,GATEWAY,95916.3,PAID
7000009119,1000009119,20240802,CARD,35203.5,PAID
7000009120,1000009120,20250525,CASH,17787.0,FAILED
7000009121,1000009121,20250623,CARD,40404.0,PAID
7000009122,1000009122,20240501,CARD,119138.7,FAILED
7000009123,1000009123,20240603,CASH,28459.2,PAID
7000009124,1000009124,20241206,CARD,13068.0,PAID
7000009125,1000009125,20241021,CARD,76121.1,PAID
7000009126,1000009126,20240725,CARD,76849.2,PAID
7000009127,1000009127,20250911,CARD,39407.28,PAID
7000009128,1000009128,20240829,CASH,66247.5,PAID
7000009129,1000009129,20241223,CARD,28642.8,FAILED
7000009130,1000009130,20250601,CARD,31147.5,PAID
7000009131,1000009131,20240826,CARD,64697.25,PAID
7000009132,1000009132,20241007,GATEWAY,30240.0,PAID
7000009133,1000009133,20250924,CARD,77856.0,PAID
7000009134,1000009134,20240718,GATEWAY,31546.8,PAID
7000009135,1000009135,20240131,CARD,49005.0,PAID
7000009136,1000009136,20241110,CARD,30855.0,PAID
7000009137,1000009137,20250103,CASH,18104.62,PAID
7000009138,1000009138,20241216,CARD,13068.0,PAID
7000009139,1000009139,20240125,CARD,47454.75,PENDING
7000009140,1000009140,20250617,CARD,17235.0,PAID
7000009141,1000009141,20250710,GATEWAY,29940.0,PAID
7000009142,1000009142,20240204,GATEWAY,59923.8,PAID
7000009143,1000009143,20240120,CASH,32307.0,PAID
7000009144,1000009144,20250112,CARD,41856.0,PAID
7000009145,1000009145,20250815,CARD,64795.5,PAID
7000009146,1000009146,20250809,CARD,16335.0,PAID
7000009147,1000009147,20250706,GATEWAY,78664.2,PAID
7000009148,1000009148,20250218,CARD,60940.2,REFUNDED
7000009149,1000009149,20240219,CARD,28749.6,PAID
7000009150,1000009150,20250201,CASH,51455.25,PAID
7000009151,1000009151,20241129,GATEWAY,36474.0,PAID
7000009152,1000009152,20240810,CARD,41382.0,PAID
7000009153,1000009153,20240421,CARD,70785.0,PAID
7000009154,1000009154,20250501,CARD,15720.0,PAID
7000009155,1000009155,20250812,CARD,19050.0,PAID
7000009156,1000009156,20240830,CASH,48678.3,PAID
7000009157,1000009157,20250718,GATEWAY,40104.0,PAID
7000009158,1000009158,20250514,GATEWAY,20465.7,PAID
7000009159,1000009159,20250122,CARD,63706.5,PAID
7000009160,1000009160,20241220,CASH,50820.0,PAID
7000009161,1000009161,20241017,CARD,29940.0,PAID
7000009162,1000009162,20241228,GATEWAY,29359.2,PAID
7000009163,1000009163,20250625,CARD,51727.5,PAID
7000009164,1000009164,20240602,GATEWAY,67155.0,PAID
7000009165,1000009165,20241010,GATEWAY,46420.2,PAID
7000009166,1000009166,20240621,CARD,31036.5,PAID
7000009167,1000009167,20240917,GATEWAY,74589.0,PAID
7000009168,1000009168,20240312,CARD,68389.2,PAID
7000009169,1000009169,20240417,CARD,44760.0,PAID
7000009170,1000009170,20250512,CARD,26813.28,PAID
7000009171,1000009171,20240308,CASH,52293.78,PENDING
7000009172,1000009172,20241203,CARD,57237.6,PAID
7000009173,1000009173,20241017,CARD,55813.88,PAID
7000009174,1000009174,20250929,CARD,14520.0,PAID
7000009175,1000009175,20250122,CARD,15129.6,PAID
7000009176,1000009176,20240416,CARD,43588.8,PAID
7000009177,1000009177,20250509,CARD,64668.45,REFUNDED
7000009178,1000009178,20241018,CARD,47044.8,PAID
7000009179,1000009179,20240113,CARD,40104.0,PAID
7000009180,1000009180,20250515,CARD,26136.0,PAID
7000009181,1000009181,20250822,CARD,28788.0,PAID
7000009182,1000009182,20250322,CARD,68055.0,PAID
7000009183,1000009183,20241205,CASH,56482.8,PAID
7000009184,1000009184,20240519,GATEWAY,32916.6,PAID
7000009185,1000009185,20240609,CARD,37243.8,PAID
7000009186,1000009186,20240502,TRANSFER,45055.56,FAILED
7000009187,1000009187,20241013,CARD,26029.2,PAID
7000009188,1000009188,20240408,GATEWAY,17835.0,PAID
7000009189,1000009189,20241003,TRANSFER,18150.0,PAID
7000009190,1000009190,20250211,CARD,42834.0,PAID
7000009191,1000009191,20240412,CARD,17535.0,PAID
7000009192,1000009192,20250228,GATEWAY,81123.24,REFUNDED
7000009193,1000009193,20240804,GATEWAY,47727.0,PAID
7000009194,1000009194,20240907,CARD,13068.0,PAID
7000009195,1000009195,20240418,GATEWAY,44188.8,PAID
7000009196,1000009196,20240111,CASH,27588.0,PAID
7000009197,1000009197,20240321,GATEWAY,32064.6,PAID
7000009198,1000009198,20240110,GATEWAY,52446.0,PAID
7000009199,1000009199,20240402,CARD,26136.0,PAID
7000009200,1000009200,20250606,GATEWAY,53905.5,FAILED
7000009201,1000009201,20240421,CARD,13968.0,PAID
7000009202,1000009202,20250912,TRANSFER,56047.2,PAID
7000009203,1000009203,20250804,CARD,36209.25,PAID
7000009204,1000009204,20250608,CARD,14701.5,PAID
7000009205,1000009205,20240907,CARD,49905.0,PAID
7000009206,1000009206,20240608,CARD,37200.0,PAID
7000009207,1000009207,20240605,GATEWAY,73363.88,PAID
7000009208,1000009208,20240127,CARD,24722.4,PAID
7000009209,1000009209,20250211,GATEWAY,54261.0,PAID
7000009210,1000009210,20250215,CARD,31726.2,PAID
7000009211,1000009211,20250127,GATEWAY,118594.2,REFUNDED
7000009212,1000009212,20250220,CARD,33570.0,PAID
7000009213,1000009213,20240202,CARD,31936.5,PAID
7000009214,1000009214,20240421,CARD,18150.0,PAID
7000009215,1000009215,20240507,CARD,63525.0,FAILED
7000009216,1000009216,20250124,GATEWAY,37500.0,PAID
7000009217,1000009217,20240313,GATEWAY,15420.0,PAID
7000009218,1000009218,20240925,GATEWAY,29359.2,PAID
7000009219,1000009219,20240618,GATEWAY,66167.4,PAID
7000009220,1000009220,20250513,CARD,20257.5,PAID
7000009221,1000009221,20250609,CARD,44351.1,PAID
7000009222,1000009222,20240501,CARD,41382.0,PAID
7000009223,1000009223,20241004,CASH,39204.0,PAID
7000009224,1000009224,20240801,CARD,16335.0,PAID
7000009225,1000009225,20240730,GATEWAY,33570.0,PAID
7000009226,1000009226,20240111,CARD,27336.0,PAID
7000009227,1000009227,20241106,CARD,36300.0,PAID
7000009228,1000009228,20240805,CARD,48024.9,PAID
7000009229,1000009229,20241231,GATEWAY,40104.0,PAID
7000009230,1000009230,20240402,CARD,64173.24,FAILED
7000009231,1000009231,20250620,CARD,14374.8,PAID
7000009232,1000009232,20250304,CARD,31472.1,PAID
7000009233,1000009233,20240212,CARD,19604.62,FAILED
7000009234,1000009234,20250809,CARD,40404.0,PAID
7000009235,1000009235,20240922,CARD,70324.8,PAID
7000009236,1000009236,20250530,CASH,50311.8,PAID
7000009237,1000009237,20250726,CARD,32536.5,PAID
7000009238,1000009238,20240823,CARD,26029.2,PAID
7000009239,1000009239,20241117,CARD,79224.75,FAILED
7000009240,1000009240,20250629,CASH,80186.7,PAID
7000009241,1000009241,20240710,CARD,43588.8,FAILED
7000009242,1000009242,20250608,GATEWAY,43879.2,PAID
7000009243,1000009243,20250817,CASH,26136.0,PAID
7000009244,1000009244,20250126,CARD,53227.5,PAID
7000009245,1000009245,20241111,CARD,59169.0,PAID
7000009246,1000009246,20250626,GATEWAY,44760.0,REFUNDED
7000009247,1000009247,20250824,GATEWAY,33144.0,PAID
7000009248,1000009248,20240805,CASH,70131.6,FAILED
7000009249,1000009249,20250503,CASH,41382.0,PAID
7000009250,1000009250,20240113,GATEWAY,56056.56,PAID
7000009251,1000009251,20240113,CARD,42882.0,PAID
7000009252,1000009252,20240808,CASH,27588.0,PAID
7000009253,1000009253,20240402,CARD,35574.0,PAID
7000009254,1000009254,20240816,GATEWAY,42282.0,PAID
7000009255,1000009255,20250129,CARD,13721.4,PAID
7000009256,1000009256,20240625,CARD,54261.0,PAID
7000009257,1000009257,20240622,CARD,46554.75,PAID
7000009258,1000009258,20240729,CARD,94718.4,PAID
7000009259,1000009259,20240827,CASH,14701.5,PAID
7000009260,1000009260,20240108,TRANSFER,14520.0,PAID
7000009261,1000009261,20240324,CARD,36655.5,PENDING
7000009262,1000009262,20240609,CASH,15246.0,PAID
7000009263,1000009263,20250122,GATEWAY,36474.0,PAID
7000009264,1000009264,20240718,CASH,34485.0,PAID
7000009265,1000009265,20250108,TRANSFER,71351.28,PAID
7000009266,1000009266,20240811,CASH,42688.8,PAID
7000009267,1000009267,20241117,CARD,42688.8,PAID
7000009268,1000009268,20240426,CARD,46938.0,PAID
7000009269,1000009269,20241004,CARD,33516.6,PAID
7000009270,1000009270,20240711,GATEWAY,31082.16,FAILED
7000009271,1000009271,20250511,CARD,46638.0,PENDING
7000009272,1000009272,20250218,CASH,32670.0,PAID
7000009273,1000009273,20250303,GATEWAY,67590.6,FAILED
7000009274,1000009274,20240225,TRANSFER,19057.5,PAID
7000009275,1000009275,20240221,GATEWAY,19350.0,REFUNDED
7000009276,1000009276,20240328,CARD,93138.3,PAID
7000009277,1000009277,20240909,CARD,43124.4,PAID
7000009278,1000009278,20240219,GATEWAY,53227.5,PAID
7000009279,1000009279,20250526,CARD,34485.0,PAID
7000009280,1000009280,20250808,CARD,67111.2,PAID
7000009281,1000009281,20241207,CARD,80622.3,PAID
7000009282,1000009282,20240721,GATEWAY,90306.9,PAID
7000009283,1000009283,20240922,CARD,17787.0,PAID
7000009284,1000009284,20241212,CARD,14520.0,PAID
7000009285,1000009285,20240305,CARD,59597.1,FAILED
7000009286,1000009286,20240217,CARD,53361.0,PAID
7000009287,1000009287,20240925,GATEWAY,36774.0,PAID
7000009288,1000009288,20240607,CARD,69744.0,PAID
7000009289,1000009289,20240702,TRANSFER,56918.4,PAID
7000009290,1000009290,20240817,TRANSFER,63452.4,PAID
7000009291,1000009291,20250107,CARD,18687.0,PAID
7000009292,1000009292,20250619,GATEWAY,39133.5,PENDING
7000009293,1000009293,20241107,GATEWAY,58043.7,PAID
7000009294,1000009294,20250526,CARD,68718.0,PAID
7000009295,1000009295,20250114,CASH,54313.88,PAID
7000009296,1000009296,20250602,CARD,35985.0,PAID
7000009297,1000009297,20240121,CARD,17151.75,PAID
7000009298,1000009298,20250314,CARD,16446.0,PAID
7000009299,1000009299,20241206,CASH,13794.0,PENDING
7000009300,1000009300,20240216,CARD,13968.0,PAID
7000009301,1000009301,20240724,TRANSFER,13068.0,REFUNDED
7000009302,1000009302,20240310,CASH,26136.0,PAID
7000009303,1000009303,20240514,GATEWAY,31119.75,PAID
7000009304,1000009304,20240705,TRANSFER,16008.3,PAID
7000009305,1000009305,20250912,CARD,27036.0,PAID
7000009306,1000009306,20240128,CASH,28459.2,PAID
7000009307,1000009307,20250916,GATEWAY,76258.8,PAID
7000009308,1000009308,20250813,GATEWAY,60359.4,PAID
7000009309,1000009309,20241219,CARD,56900.25,PAID
7000009310,1000009310,20240112,CASH,56800.42,PAID
7000009311,1000009311,20250719,CARD,29040.0,FAILED
7000009312,1000009312,20250531,TRANSFER,65957.1,PAID
7000009313,1000009313,20250919,GATEWAY,33870.0,PAID
7000009314,1000009314,20250619,CARD,37200.0,PAID
7000009315,1000009315,20240917,CARD,14941.08,PAID
7000009316,1000009316,20240821,GATEWAY,45023.7,PAID
7000009317,1000009317,20240426,CASH,13068.0,PAID
7000009318,1000009318,20241005,CARD,40510.8,PAID
7000009319,1000009319,20250608,CARD,17835.0,REFUNDED
7000009320,1000009320,20250511,GATEWAY,59895.0,PAID
7000009321,1000009321,20240221,GATEWAY,28488.0,PAID
7000009322,1000009322,20250930,CARD,43588.8,PAID
7000009323,1000009323,20240711,CARD,15720.0,PAID
7000009324,1000009324,20250729,CARD,29040.0,PAID
7000009325,1000009325,20240509,CASH,88209.0,PAID
7000009326,1000009326,20240806,TRANSFER,37352.7,PAID
7000009327,1000009327,20241214,CASH,34485.0,PAID
7000009328,1000009328,20240310,GATEWAY,15429.6,PAID
7000009329,1000009329,20240404,GATEWAY,43888.8,PAID
7000009330,1000009330,20240921,CASH,68970.0,PAID
7000009331,1000009331,20241025,GATEWAY,27036.0,PAID
7000009332,1000009332,20240510,CARD,47664.0,PAID
7000009333,1000009333,20250627,GATEWAY,15383.7,PAID
7000009334,1000009334,20240703,GATEWAY,71583.6,PENDING
7000009335,1000009335,20241022,CASH,35283.6,REFUNDED
7000009336,1000009336,20240517,CASH,115434.0,PAID
7000009337,1000009337,20240429,CARD,60795.0,PAID
7000009338,1000009338,20240626,CASH,56410.2,PAID
7000009339,1000009339,20250523,GATEWAY,53227.5,FAILED
7000009340,1000009340,20240515,GATEWAY,21165.0,FAILED
7000009341,1000009341,20240501,GATEWAY,48090.0,PAID
7000009342,1000009342,20240608,CARD,43560.0,PAID
7000009343,1000009343,20240106,CASH,18676.35,PAID
7000009344,1000009344,20250419,CARD,52272.0,PAID
7000009345,1000009345,20250919,CARD,29040.0,FAILED
7000009346,1000009346,20250501,GATEWAY,16201.5,PAID
7000009347,1000009347,20240705,CASH,101385.9,PAID
7000009348,1000009348,20240806,CARD,26813.28,PAID
7000009349,1000009349,20250909,CARD,36209.25,PAID
7000009350,1000009350,20250718,GATEWAY,89709.0,PAID
7000009351,1000009351,20241019,CARD,40104.0,PAID
7000009352,1000009352,20240322,CARD,14229.6,PAID
7000009353,1000009353,20250624,CASH,42144.3,PAID
7000009354,1000009354,20240522,CASH,47916.0,PAID
7000009355,1000009355,20250609,CARD,58697.1,PAID
7000009356,1000009356,20241205,CARD,27036.0,PAID
7000009357,1000009357,20250609,GATEWAY,19350.0,PAID
7000009358,1000009358,20240322,CARD,70760.4,PAID
7000009359,1000009359,20241125,CARD,76084.8,PAID
7000009360,1000009360,20240902,CARD,13914.6,PAID
7000009361,1000009361,20250715,GATEWAY,14994.0,PAID
7000009362,1000009362,20250707,CARD,14621.4,PAID
7000009363,1000009363,20240524,CARD,19057.5,PAID
7000009364,1000009364,20241217,TRANSFER,39204.0,PAID
7000009365,1000009365,20240726,CASH,45692.62,PAID
7000009366,1000009366,20241115,CARD,31082.16,PAID
7000009367,1000009367,20240516,CASH,79914.45,PAID
7000009368,1000009368,20240402,CARD,53361.0,PAID
7000009369,1000009369,20240728,GATEWAY,40404.0,PAID
7000009370,1000009370,20240109,CASH,76774.5,PENDING
7000009371,1000009371,20241119,CARD,42882.0,PAID
7000009372,1000009372,20250307,CARD,34303.5,PAID
7000009373,1000009373,20250414,CARD,43588.8,REFUNDED
7000009374,1000009374,20240830,CASH,88209.0,PAID
7000009375,1000009375,20240923,CARD,49005.0,FAILED
7000009376,1000009376,20241104,TRANSFER,63525.0,PAID
7000009377,1000009377,20241110,GATEWAY,65723.25,PAID
7000009378,1000009378,20241128,CARD,76447.8,REFUNDED
7000009379,1000009379,20240929,CARD,54313.88,PAID
7000009380,1000009380,20250822,CARD,13794.0,PAID
7000009381,1000009381,20250627,GATEWAY,14994.0,PAID
7000009382,1000009382,20250108,CASH,27588.0,PENDING
7000009383,1000009383,20240214,CARD,40404.0,REFUNDED
7000009384,1000009384,20240904,GATEWAY,79535.4,PAID
7000009385,1000009385,20250428,GATEWAY,52927.5,PAID
7000009386,1000009386,20250629,CASH,14520.0,PAID
7000009387,1000009387,20250706,CARD,43888.8,PAID
7000009388,1000009388,20240520,CARD,55350.0,PAID
7000009389,1000009389,20240226,CARD,111307.5,PAID
7000009390,1000009390,20241030,CARD,50205.0,PAID
7000009391,1000009391,20250311,CARD,35685.0,PAID
7000009392,1000009392,20240102,CARD,81594.9,PAID
7000009393,1000009393,20250901,CARD,41382.0,PAID
7000009394,1000009394,20250212,CARD,32016.6,PAID
7000009395,1000009395,20240824,CARD,86248.8,PAID
7000009396,1000009396,20240906,CARD,83964.0,PAID
7000009397,1000009397,20240401,CASH,43560.0,PAID
7000009398,1000009398,20250819,CASH,38115.0,PAID
7000009399,1000009399,20250118,GATEWAY,14568.0,PAID
7000009400,1000009400,20250327,CARD,33870.0,PAID
7000009401,1000009401,20250723,CASH,43378.5,PAID
7000009402,1000009402,20250921,CARD,17242.5,PAID
7000009403,1000009403,20250613,GATEWAY,75358.8,PAID
7000009404,1000009404,20240119,GATEWAY,32307.0,REFUNDED
7000009405,1000009405,20250106,CARD,42064.2,PAID
7000009406,1000009406,20240211,CARD,49005.0,PAID
7000009407,1000009407,20240304,CASH,51487.92,PAID
7000009408,1000009408,20250607,CASH,83635.2,PENDING
7000009409,1000009409,20250309,CASH,65107.68,PAID
7000009410,1000009410,20250607,CARD,38833.5,PAID
7000009411,1000009411,20250223,CASH,13068.0,PAID
7000009412,1000009412,20240627,GATEWAY,37500.0,FAILED
7000009413,1000009413,20250226,GATEWAY,15983.7,PAID
7000009414,1000009414,20240930,CASH,32905.95,PAID
7000009415,1000009415,20250501,TRANSFER,49803.6,PAID
7000009416,1000009416,20250720,CARD,59280.0,PAID
7000009417,1000009417,20250514,GATEWAY,14994.0,PAID
7000009418,1000009418,20250926,CARD,72048.0,PAID
7000009419,1000009419,20250214,CARD,18142.5,PAID
7000009420,1000009420,20250329,CARD,107159.7,PAID
7000009421,1000009421,20240324,CARD,44351.1,PAID
7000009422,1000009422,20250117,CARD,18442.5,PAID
7000009423,1000009423,20250129,CASH,14229.6,PAID
7000009424,1000009424,20240326,GATEWAY,16552.56,PENDING
7000009425,1000009425,20240803,CASH,55902.0,PAID
7000009426,1000009426,20250622,CASH,43124.4,FAILED
7000009427,1000009427,20250409,CARD,40104.0,PAID
7000009428,1000009428,20250915,CASH,61238.1,PAID
7000009429,1000009429,20250216,CARD,30540.0,PAID
7000009430,1000009430,20250129,GATEWAY,49905.0,PAID
7000009431,1000009431,20250619,GATEWAY,96187.5,PAID
7000009432,1000009432,20241127,CARD,90798.0,PAID
7000009433,1000009433,20240429,CASH,38115.0,PAID
7000009434,1000009434,20250822,GATEWAY,18442.5,PAID
7000009435,1000009435,20250128,CASH,17151.75,PAID
7000009436,1000009436,20241003,CARD,51455.25,PAID
7000009437,1000009437,20241218,CARD,47516.7,PAID
7000009438,1000009438,20250510,CARD,53227.5,PAID
7000009439,1000009439,20250331,GATEWAY,70470.0,PAID
7000009440,1000009440,20250831,CARD,27336.0,PAID
7000009441,1000009441,20240124,GATEWAY,54624.0,FAILED
7000009442,1000009442,20240926,CARD,13068.0,PAID
7000009443,1000009443,20250114,CARD,15729.6,PAID
7000009444,1000009444,20240129,CASH,18966.75,PAID
7000009445,1000009445,20240209,CARD,69289.2,PAID
7000009446,1000009446,20241103,GATEWAY,73800.0,PAID
7000009447,1000009447,20250515,CARD,27355.68,PAID
7000009448,1000009448,20240205,GATEWAY,14694.0,PAID
7000009449,1000009449,20241204,CARD,28459.2,PAID
7000009450,1000009450,20250318,CASH,27588.0,PAID
7000009451,1000009451,20240903,CARD,42688.8,PAID
7000009452,1000009452,20250202,CARD,14520.0,PAID
7000009453,1000009453,20240214,CARD,55350.0,FAILED
7000009454,1000009454,20241214,CARD,15420.0,PAID
7000009455,1000009455,20250719,GATEWAY,33570.0,PAID
7000009456,1000009456,20250119,CARD,48024.9,PAID
7000009457,1000009457,20250101,CARD,27036.0,PAID
7000009458,1000009458,20250617,GATEWAY,39615.0,PAID
7000009459,1000009459,20240822,CARD,16008.3,PAID
7000009460,1000009460,20240420,CASH,38115.0,PAID
7000009461,1000009461,20250305,CASH,40656.0,PAID
7000009462,1000009462,20250518,CASH,36300.0,FAILED
7000009463,1000009463,20250515,CASH,17787.0,PAID
7000009464,1000009464,20240618,CARD,31762.5,PAID
7000009465,1000009465,20240527,CARD,27515.4,PAID
7000009466,1000009466,20240920,CARD,42582.0,PAID
7000009467,1000009467,20250602,TRANSFER,112893.0,PAID
7000009468,1000009468,20240604,CARD,101932.5,PAID
7000009469,1000009469,20240727,CARD,92104.8,PAID
7000009470,1000009470,20240331,CARD,36300.0,PAID
7000009471,1000009471,20250909,CARD,24829.2,PAID
7000009472,1000009472,20250418,GATEWAY,51727.5,REFUNDED
7000009473,1000009473,20250225,CARD,26136.0,PAID
7000009474,1000009474,20250903,CARD,16446.0,PAID
7000009475,1000009475,20250119,CASH,15246.0,PAID
7000009476,1000009476,20250428,CARD,44460.0,PAID
7000009477,1000009477,20240915,CARD,43560.0,PAID
7000009478,1000009478,20240321,GATEWAY,53361.0,PAID
7000009479,1000009479,20250321,GATEWAY,15574.8,PAID
7000009480,1000009480,20250830,TRANSFER,36209.25,PAID
7000009481,1000009481,20240109,TRANSFER,87773.4,FAILED
7000009482,1000009482,20250729,GATEWAY,14694.0,PAID
7000009483,1000009483,20250304,CARD,35685.0,PAID
7000009484,1000009484,20250827,GATEWAY,17235.0,PAID
7000009485,1000009485,20241105,CARD,45723.24,PAID
7000009486,1000009486,20240812,CASH,54450.0,PAID
7000009487,1000009487,20240115,TRANSFER,14520.0,PAID
7000009488,1000009488,20250626,TRANSFER,49005.0,PAID
7000009489,1000009489,20240124,CASH,27588.0,PAID
7000009490,1000009490,20250525,TRANSFER,35574.0,PAID
7000009491,1000009491,20250315,CARD,15841.08,PAID
7000009492,1000009492,20240831,CARD,14374.8,PAID
7000009493,1000009493,20240115,CARD,57172.5,PAID
7000009494,1000009494,20241119,TRANSFER,43560.0,PAID
7000009495,1000009495,20240402,CARD,18150.0,FAILED
7000009496,1000009496,20250410,CASH,41164.2,PAID
7000009497,1000009497,20240422,CARD,16673.4,PAID
7000009498,1000009498,20240905,CASH,41382.0,PAID
7000009499,1000009499,20250820,CARD,35685.0,PAID
7000009500,1000009500,20240917,CARD,30540.0,PAID
7000009501,1000009501,20241107,CARD,60732.0,PAID
7000009502,1000009502,20241103,CARD,45723.24,PAID
7000009503,1000009503,20240317,CARD,15841.08,PAID
7000009504,1000009504,20240827,CARD,34485.0,PAID
7000009505,1000009505,20250323,CARD,49905.0,PAID
7000009506,1000009506,20250829,CARD,28788.0,PAID
7000009507,1000009507,20250722,TRANSFER,13721.4,PAID
7000009508,1000009508,20240607,CARD,53361.0,PAID
7000009509,1000009509,20240425,GATEWAY,29959.2,PAID
7000009510,1000009510,20241124,CARD,48642.0,PAID
7000009511,1000009511,20241219,CARD,54261.0,PAID
7000009512,1000009512,20250628,CASH,39204.0,PAID
7000009513,1000009513,20241104,CARD,51657.0,PAID
7000009514,1000009514,20240131,GATEWAY,27636.0,PAID
7000009515,1000009515,20240106,CARD,42282.0,PAID
7000009516,1000009516,20250806,CARD,58980.0,PENDING
7000009517,1000009517,20241005,CARD,37500.0,PAID
7000009518,1000009518,20250423,TRANSFER,53724.0,PAID
7000009519,1000009519,20240303,CARD,35806.08,REFUNDED
7000009520,1000009520,20250710,GATEWAY,37200.0,PAID
7000009521,1000009521,20240329,CARD,16335.0,PAID
7000009522,1000009522,20250806,GATEWAY,32536.5,PAID
7000009523,1000009523,20250915,CARD,34170.0,PAID
7000009524,1000009524,20240803,GATEWAY,36300.0,PAID
7000009525,1000009525,20240523,CASH,44104.5,PAID
7000009526,1000009526,20250404,CARD,122079.0,PAID
7000009527,1000009527,20240526,CASH,19565.7,PAID
7000009528,1000009528,20250314,CASH,31036.5,PAID
7000009529,1000009529,20250107,GATEWAY,46323.24,FAILED
7000009530,1000009530,20250505,CARD,41382.0,PENDING
7000009531,1000009531,20250821,GATEWAY,52627.5,PAID
7000009532,1000009532,20250906,CARD,78347.1,PAID
7000009533,1000009533,20250802,GATEWAY,47020.2,PAID
7000009534,1000009534,20240922,CASH,32670.0,FAILED
7000009535,1000009535,20240406,CARD,12414.6,PAID
7000009536,1000009536,20250810,CARD,54561.0,PAID
7000009537,1000009537,20240325,CARD,32670.0,FAILED
7000009538,1000009538,20240825,CASH,45520.2,PAID
7000009539,1000009539,20240925,GATEWAY,35685.0,PAID
7000009540,1000009540,20241221,CARD,37074.0,PAID
7000009541,1000009541,20250117,CARD,54313.88,PAID
7000009542,1000009542,20250708,CARD,71176.8,PAID
7000009543,1000009543,20240411,CASH,18150.0,PAID
7000009544,1000009544,20240608,GATEWAY,108756.9,PAID
7000009545,1000009545,20240721,CARD,36474.0,FAILED
7000009546,1000009546,20250705,GATEWAY,73209.6,PAID
7000009547,1000009547,20250329,GATEWAY,18987.0,PAID
7000009548,1000009548,20240912,CARD,32670.0,REFUNDED
7000009549,1000009549,20240117,CARD,44188.8,PAID
7000009550,1000009550,20240121,CARD,25022.4,PAID
7000009551,1000009551,20250102,GATEWAY,95289.6,PAID
7000009552,1000009552,20240714,CARD,13968.0,PAID
7000009553,1000009553,20250705,GATEWAY,15901.5,PAID
7000009554,1000009554,20250712,CARD,19604.62,PAID
7000009555,1000009555,20250309,CARD,36774.0,PAID
7000009556,1000009556,20250503,CASH,34303.5,PAID
7000009557,1000009557,20240105,GATEWAY,50505.0,PENDING
7000009558,1000009558,20250719,CARD,40104.0,PAID
7000009559,1000009559,20241208,CASH,65521.5,PAID
7000009560,1000009560,20240723,CARD,44460.0,FAILED
7000009561,1000009561,20241219,GATEWAY,55350.0,PAID
7000009562,1000009562,20241106,CARD,41130.0,PAID
7000009563,1000009563,20240925,CASH,15652.56,FAILED
7000009564,1000009564,20250126,CARD,69807.0,PAID
7000009565,1000009565,20240807,CARD,42582.0,PAID
7000009566,1000009566,20250928,CARD,45060.0,PAID
7000009567,1000009567,20240604,CASH,42688.8,PENDING
7000009568,1000009568,20240604,GATEWAY,46957.68,FAILED
7000009569,1000009569,20241119,CARD,46938.0,PAID
7000009570,1000009570,20250924,CARD,33359.7,PAID
7000009571,1000009571,20250922,CARD,28967.4,PAID
7000009572,1000009572,20240404,CARD,88320.0,PAID
7000009573,1000009573,20250627,CARD,59761.5,FAILED
7000009574,1000009574,20240731,CARD,47146.2,PAID
7000009575,1000009575,20240904,CARD,66792.0,PAID
7000009576,1000009576,20250705,CARD,47916.0,PAID
7000009577,1000009577,20250619,CASH,28459.2,PAID
7000009578,1000009578,20240411,CARD,33870.0,PAID
7000009579,1000009579,20240704,CARD,50205.0,PAID
7000009580,1000009580,20250731,GATEWAY,53161.35,PAID
7000009581,1000009581,20240708,CARD,13968.0,PAID
7000009582,1000009582,20250410,TRANSFER,23522.4,PAID
7000009583,1000009583,20240116,CARD,61746.3,PAID
7000009584,1000009584,20240506,CARD,36837.0,PAID
7000009585,1000009585,20240325,CARD,46023.24,PAID
7000009586,1000009586,20240818,CASH,39204.0,PAID
7000009587,1000009587,20240416,GATEWAY,42282.0,PAID
7000009588,1000009588,20250729,CARD,29940.0,PAID
7000009589,1000009589,20240504,GATEWAY,87148.8,PAID
7000009590,1000009590,20240606,CARD,29040.0,PAID
7000009591,1000009591,20250710,TRANSFER,51618.6,PAID
7000009592,1000009592,20250702,TRANSFER,17242.5,PAID
7000009593,1000009593,20250717,CARD,41382.0,PAID
7000009594,1000009594,20250819,CARD,42582.0,PAID
7000009595,1000009595,20250203,CARD,45926.52,FAILED
7000009596,1000009596,20240409,TRANSFER,51727.5,PAID
7000009597,1000009597,20240227,CARD,41737.5,FAILED
7000009598,1000009598,20250102,CARD,44324.4,PAID
7000009599,1000009599,20250306,CARD,45520.2,PAID
7000009600,1000009600,20240320,CARD,48024.9,PAID
7000009601,1000009601,20241216,GATEWAY,24422.4,PAID
7000009602,1000009602,20240102,CARD,19350.0,PAID
7000009603,1000009603,20240717,GATEWAY,51226.56,PAID
7000009604,1000009604,20240414,TRANSFER,23522.4,PAID
7000009605,1000009605,20250623,CARD,35985.0,PAID
7000009606,1000009606,20250923,CARD,18676.35,PAID
7000009607,1000009607,20240420,CARD,73727.4,PAID
7000009608,1000009608,20240527,GATEWAY,81510.12,PAID
7000009609,1000009609,20240814,CASH,13068.0,PAID
7000009610,1000009610,20240828,CARD,51727.5,PAID
7000009611,1000009611,20240712,CARD,54488.4,PAID
7000009612,1000009612,20240103,CARD,63026.16,FAILED
7000009613,1000009613,20250610,GATEWAY,58372.5,PAID
7000009614,1000009614,20250821,CASH,35574.0,PAID
7000009615,1000009615,20240601,CARD,50505.0,PENDING
7000009616,1000009616,20241225,CASH,109480.8,PAID
7000009617,1000009617,20240916,CARD,47454.75,PAID
7000009618,1000009618,20240708,CASH,80449.88,FAILED
7000009619,1000009619,20250507,CARD,16008.3,PAID
7000009620,1000009620,20250612,CARD,79315.5,PAID
7000009621,1000009621,20241006,CARD,57800.25,PAID
7000009622,1000009622,20250315,CARD,35574.0,FAILED
7000009623,1000009623,20240102,CARD,37933.5,PAID
7000009624,1000009624,20250410,CARD,27442.8,PAID
7000009625,1000009625,20241011,CARD,99645.6,PAID
7000009626,1000009626,20250908,CARD,49116.0,PAID
7000009627,1000009627,20240309,CARD,30540.0,PAID
7000009628,1000009628,20240712,CASH,15652.56,PAID
7000009629,1000009629,20240721,TRANSFER,42688.8,PAID
7000009630,1000009630,20250127,GATEWAY,102504.75,PAID
7000009631,1000009631,20241215,CASH,56900.25,PAID
7000009632,1000009632,20241020,CARD,27636.0,PAID
7000009633,1000009633,20240322,CARD,56029.05,PAID
7000009634,1000009634,20250626,CARD,55350.0,PAID
7000009635,1000009635,20240325,GATEWAY,29940.0,PENDING
7000009636,1000009636,20250815,CASH,35574.0,PAID
7000009637,1000009637,20240323,CARD,16020.0,PAID
7000009638,1000009638,20250727,GATEWAY,50205.0,PAID
7000009639,1000009639,20241225,GATEWAY,37200.0,PAID
7000009640,1000009640,20241222,CARD,43888.8,PAID
7000009641,1000009641,20240223,CARD,55213.88,PAID
7000009642,1000009642,20250424,GATEWAY,16073.4,PAID
7000009643,1000009643,20250126,TRANSFER,116849.7,PAID
7000009644,1000009644,20240409,CASH,66392.7,PAID
7000009645,1000009645,20240708,GATEWAY,45060.0,PAID
7000009646,1000009646,20240522,CARD,52927.5,FAILED
7000009647,1000009647,20240425,CARD,17787.0,PAID
7000009648,1000009648,20250305,CARD,21065.7,PAID
7000009649,1000009649,20250314,CARD,45186.0,PAID
7000009650,1000009650,20250906,GATEWAY,27074.64,PAID
7000009651,1000009651,20250723,CARD,50994.0,PAID
7000009652,1000009652,20241111,CARD,52927.5,PAID
7000009653,1000009653,20241217,GATEWAY,19350.0,PAID
7000009654,1000009654,20250921,CASH,25613.28,PAID
7000009655,1000009655,20250303,CASH,65957.1,PAID
7000009656,1000009656,20250926,GATEWAY,55650.0,REFUNDED
7000009657,1000009657,20240521,GATEWAY,39433.5,PAID
7000009658,1000009658,20250219,CARD,50368.35,PAID
7000009659,1000009659,20240705,CARD,36300.0,PAID
7000009660,1000009660,20250616,CASH,40075.2,PAID
7000009661,1000009661,20241206,GATEWAY,43588.8,PAID
7000009662,1000009662,20250520,GATEWAY,29867.4,FAILED
7000009663,1000009663,20240515,GATEWAY,31846.8,REFUNDED
7000009664,1000009664,20241109,GATEWAY,28488.0,PAID
7000009665,1000009665,20250815,CARD,30240.0,PAID
7000009666,1000009666,20240612,GATEWAY,79525.8,PAID
7000009667,1000009667,20240630,GATEWAY,26136.0,PAID
7000009668,1000009668,20241129,CASH,36300.0,PAID
7000009669,1000009669,20241226,CARD,97985.4,PAID
7000009670,1000009670,20240919,CASH,72570.96,PAID
7000009671,1000009671,20250503,CASH,17787.0,PAID
7000009672,1000009672,20240727,CARD,50094.0,PAID
7000009673,1000009673,20240829,CARD,14694.0,PAID
7000009674,1000009674,20250722,CARD,14268.0,PAID
7000009675,1000009675,20250618,CASH,17242.5,PAID
7000009676,1000009676,20240402,GATEWAY,45723.24,FAILED
7000009677,1000009677,20250123,CASH,68970.0,FAILED
7000009678,1000009678,20240722,CARD,19287.0,PAID
7000009679,1000009679,20250422,CARD,33870.0,REFUNDED
7000009680,1000009680,20240712,GATEWAY,78519.0,PAID
7000009681,1000009681,20250729,CARD,42582.0,PAID
7000009682,1000009682,20241008,CARD,42688.8,PAID
7000009683,1000009683,20241217,CARD,45520.2,PAID
7000009684,1000009684,20240507,CARD,88020.0,PAID
7000009685,1000009685,20240503,CASH,38419.92,PAID
7000009686,1000009686,20240624,CASH,34485.0,PAID
7000009687,1000009687,20250117,CARD,115264.2,PAID
7000009688,1000009688,20240723,CARD,18987.0,PAID
7000009689,1000009689,20250717,CARD,93109.5,FAILED
7000009690,1000009690,20241217,TRANSFER,26136.0,PAID
7000009691,1000009691,20250224,GATEWAY,55650.0,PAID
7000009692,1000009692,20240430,CARD,28459.2,PAID
7000009693,1000009693,20250830,CARD,84990.0,FAILED
7000009694,1000009694,20240120,CASH,44104.5,PAID
7000009695,1000009695,20240624,CARD,13706.64,PAID
7000009696,1000009696,20241020,CARD,18142.5,PAID
7000009697,1000009697,20240408,CARD,29940.0,PAID
7000009698,1000009698,20240305,GATEWAY,14921.4,PAID
7000009699,1000009699,20250107,CARD,30782.16,PAID
7000009700,1000009700,20250621,GATEWAY,24722.4,PAID
7000009701,1000009701,20250517,CARD,35711.7,PAID
7000009702,1000009702,20250722,CARD,18142.5,PAID
7000009703,1000009703,20240914,CARD,42282.0,PAID
7000009704,1000009704,20241001,CARD,24722.4,PAID
7000009705,1000009705,20250810,CARD,65514.0,PAID
7000009706,1000009706,20250624,GATEWAY,79908.0,FAILED
7000009707,1000009707,20240510,CARD,39315.0,PAID
7000009708,1000009708,20240915,CASH,27442.8,PAID
7000009709,1000009709,20240510,CASH,14229.6,PAID
7000009710,1000009710,20240902,CASH,28967.4,PAID
7000009711,1000009711,20250608,CARD,43451.1,PAID
7000009712,1000009712,20240519,CASH,13068.0,PAID
7000009713,1000009713,20240313,CARD,17787.0,PAID
7000009714,1000009714,20250906,CARD,53724.0,PAID
7000009715,1000009715,20250403,GATEWAY,55686.3,PAID
7000009716,1000009716,20250531,CARD,26136.0,FAILED
7000009717,1000009717,20240219,CARD,17535.0,PAID
7000009718,1000009718,20240301,CARD,16008.3,PAID
7000009719,1000009719,20240326,GATEWAY,40104.0,PAID
7000009720,1000009720,20240806,GATEWAY,43665.03,PAID
7000009721,1000009721,20250201,GATEWAY,19050.0,PAID
7000009722,1000009722,20240804,CARD,15129.6,PAID
7000009723,1000009723,20240801,CASH,26136.0,PAID
7000009724,1000009724,20241029,CARD,28488.0,PAID
7000009725,1000009725,20241206,CARD,17235.0,PAID
7000009726,1000009726,20240824,CARD,36774.0,FAILED
7000009727,1000009727,20250710,GATEWAY,27336.0,PAID
7000009728,1000009728,20240103,CARD,35985.0,PENDING
7000009729,1000009729,20250922,CASH,70131.6,PAID
7000009730,1000009730,20240630,CARD,28459.2,PAID
7000009731,1000009731,20241130,CARD,35685.0,PAID
7000009732,1000009732,20250603,CASH,43560.0,PAID
7000009733,1000009733,20250331,CARD,46012.35,PAID
7000009734,1000009734,20240601,TRANSFER,32016.6,PAID
7000009735,1000009735,20250506,CASH,81384.6,PAID
7000009736,1000009736,20240226,CARD,12414.6,PAID
7000009737,1000009737,20250602,GATEWAY,27036.0,PAID
7000009738,1000009738,20240905,TRANSFER,12414.6,PAID
7000009739,1000009739,20240823,CARD,26136.0,PAID
7000009740,1000009740,20240916,TRANSFER,25613.28,PAID
7000009741,1000009741,20240529,CASH,86031.0,PAID
7000009742,1000009742,20250919,CARD,84830.28,PAID
7000009743,1000009743,20250129,CASH,34303.5,PAID
7000009744,1000009744,20250327,CARD,14483.7,PAID
7000009745,1000009745,20240120,CARD,55650.0,PAID
7000009746,1000009746,20240112,CARD,15420.0,PAID
7000009747,1000009747,20240720,GATEWAY,44460.0,PAID
7000009748,1000009748,20240616,GATEWAY,13968.0,PAID
7000009749,1000009749,20240730,CASH,28967.4,PAID
7000009750,1000009750,20250519,GATEWAY,18442.5,PAID
7000009751,1000009751,20241111,TRANSFER,30564.6,PAID
7000009752,1000009752,20240625,CARD,29882.16,FAILED
7000009753,1000009753,20250420,GATEWAY,35503.5,PAID
7000009754,1000009754,20240430,GATEWAY,15729.6,PAID
7000009755,1000009755,20240223,CASH,57172.5,PAID
7000009756,1000009756,20250318,TRANSFER,17242.5,PAID
7000009757,1000009757,20240101,CARD,40404.0,PAID
7000009758,1000009758,20241030,CASH,69420.12,PAID
7000009759,1000009759,20240907,CASH,45738.0,PAID
7000009760,1000009760,20241122,CASH,55539.0,PAID
7000009761,1000009761,20250607,CARD,57256.8,PAID
7000009762,1000009762,20241118,CARD,76875.9,PAID
7000009763,1000009763,20240305,GATEWAY,31392.0,PAID
7000009764,1000009764,20240514,CARD,70276.8,PAID
7000009765,1000009765,20250404,GATEWAY,39433.5,PAID
7000009766,1000009766,20250123,CASH,61238.1,PAID
7000009767,1000009767,20240831,CARD,15429.6,PAID
7000009768,1000009768,20241129,GATEWAY,50205.0,PAID
7000009769,1000009769,20240427,GATEWAY,34122.0,PAID
7000009770,1000009770,20241024,CARD,27336.0,PAID
7000009771,1000009771,20250221,CARD,28967.4,PAID
7000009772,1000009772,20241206,CARD,17242.5,PAID
7000009773,1000009773,20240401,CARD,31510.5,PAID
7000009774,1000009774,20240820,CASH,12806.64,PAID
7000009775,1000009775,20250105,CARD,42282.0,PAID
7000009776,1000009776,20240605,CARD,42882.0,PAID
7000009777,1000009777,20240409,CARD,84488.25,PAID
7000009778,1000009778,20250907,CARD,42582.0,PAID
7000009779,1000009779,20240909,CARD,44460.0,PAID
7000009780,1000009780,20241119,CARD,51727.5,PAID
7000009781,1000009781,20240222,GATEWAY,138876.3,PAID
7000009782,1000009782,20240626,CARD,55350.0,PAID
7000009783,1000009783,20240805,CARD,56376.0,PAID
7000009784,1000009784,20250815,GATEWAY,29940.0,FAILED
7000009785,1000009785,20241102,TRANSFER,49368.0,FAILED
7000009786,1000009786,20240817,CARD,17235.0,FAILED
7000009787,1000009787,20240128,GATEWAY,27588.0,PAID
7000009788,1000009788,20250201,GATEWAY,30540.0,PAID
7000009789,1000009789,20250917,CARD,46899.6,PAID
7000009790,1000009790,20240121,CARD,63273.0,PAID
7000009791,1000009791,20240401,CARD,37800.0,PAID
7000009792,1000009792,20250809,CASH,14520.0,FAILED
7000009793,1000009793,20250615,GATEWAY,17508.3,PAID
7000009794,1000009794,20240212,CARD,73709.25,PAID
7000009795,1000009795,20240927,CARD,15129.6,PAID
7000009796,1000009796,20240906,CASH,27588.0,PAID
7000009797,1000009797,20240917,GATEWAY,47964.0,PAID
7000009798,1000009798,20240602,CARD,34485.0,PAID
7000009799,1000009799,20240921,CARD,49005.0,PAID
7000009800,1000009800,20241023,CASH,34485.0,REFUNDED
7000009801,1000009801,20250528,GATEWAY,31246.8,PAID
7000009802,1000009802,20240520,CASH,103455.0,PAID
7000009803,1000009803,20240831,CARD,43560.0,PENDING
7000009804,1000009804,20240901,CARD,80586.0,PAID
7000009805,1000009805,20240610,GATEWAY,74589.0,PAID
7000009806,1000009806,20250313,CARD,41382.0,PAID
7000009807,1000009807,20241110,CASH,39204.0,PAID
7000009808,1000009808,20240309,CARD,38143.8,PAID
7000009809,1000009809,20240806,CASH,36300.0,PAID
7000009810,1000009810,20240529,CARD,14694.0,PAID
7000009811,1000009811,20250131,CASH,13794.0,PAID
7000009812,1000009812,20240323,CARD,19965.0,PAID
7000009813,1000009813,20240910,CARD,12414.6,REFUNDED
7000009814,1000009814,20250108,CARD,77004.0,PAID
7000009815,1000009815,20240211,CASH,84942.0,PAID
7000009816,1000009816,20240625,CARD,15683.7,PAID
7000009817,1000009817,20241008,CASH,26136.0,PAID
7000009818,1000009818,20240925,CARD,40404.0,PAID
7000009819,1000009819,20250829,CARD,49005.0,PAID
7000009820,1000009820,20240428,CASH,13794.0,PAID
7000009821,1000009821,20240419,CARD,53905.5,FAILED
7000009822,1000009822,20250226,CASH,61092.9,PENDING
7000009823,1000009823,20240706,GATEWAY,37500.0,PAID
7000009824,1000009824,20240718,GATEWAY,46720.2,PAID
7000009825,1000009825,20240614,CARD,67220.62,REFUNDED
7000009826,1000009826,20240527,CARD,12414.6,PAID
7000009827,1000009827,20241003,CARD,66975.6,PAID
7000009828,1000009828,20240205,GATEWAY,31382.16,PAID
7000009829,1000009829,20250429,CARD,17235.0,REFUNDED
7000009830,1000009830,20250609,CARD,39204.0,PAID
7000009831,1000009831,20240105,CASH,68970.0,PAID
7000009832,1000009832,20240609,CARD,28459.2,PAID
7000009833,1000009833,20241030,CARD,18051.75,PAID
7000009834,1000009834,20240131,CASH,105015.9,REFUNDED
7000009835,1000009835,20250430,CARD,51727.5,PAID
7000009836,1000009836,20240514,CASH,34485.0,REFUNDED
7000009837,1000009837,20240909,GATEWAY,35574.0,PAID
7000009838,1000009838,20250327,CARD,30855.0,PAID
7000009839,1000009839,20240426,CARD,73725.3,PAID
7000009840,1000009840,20250331,CARD,27588.0,FAILED
7000009841,1000009841,20250201,CARD,13968.0,PAID
7000009842,1000009842,20240210,TRANSFER,19565.7,PAID
7000009843,1000009843,20241008,GATEWAY,96862.68,PAID
7000009844,1000009844,20250316,CARD,71476.8,PAID
7000009845,1000009845,20240718,CASH,59078.25,FAILED
7000009846,1000009846,20241103,GATEWAY,17508.3,PAID
7000009847,1000009847,20240813,GATEWAY,29940.0,PAID
7000009848,1000009848,20240523,CARD,20465.7,PAID
7000009849,1000009849,20240917,CASH,26136.0,PAID
7000009850,1000009850,20250411,CASH,59532.0,PENDING
7000009851,1000009851,20250715,CASH,95832.0,PAID
7000009852,1000009852,20240614,GATEWAY,64120.08,PAID
7000009853,1000009853,20240421,GATEWAY,19965.0,PAID
7000009854,1000009854,20240102,CARD,25729.2,PAID
7000009855,1000009855,20241206,CARD,28788.0,PAID
7000009856,1000009856,20241118,GATEWAY,31392.0,PAID
7000009857,1000009857,20250505,CASH,78045.0,PAID
7000009858,1000009858,20250426,CARD,85842.0,PAID
7000009859,1000009859,20250605,CARD,41382.0,PAID
7000009860,1000009860,20250102,GATEWAY,91657.5,PAID
7000009861,1000009861,20250521,CASH,91693.8,PAID
7000009862,1000009862,20250727,CARD,87405.24,PAID
7000009863,1000009863,20241122,CARD,53361.0,PAID
7000009864,1000009864,20240203,GATEWAY,35322.0,PAID
7000009865,1000009865,20240715,CASH,35574.0,PAID
7000009866,1000009866,20240507,CASH,26136.0,REFUNDED
7000009867,1000009867,20250703,CARD,60432.0,PAID
7000009868,1000009868,20240601,CARD,35283.6,REFUNDED
7000009869,1000009869,20241112,GATEWAY,55350.0,PAID
7000009870,1000009870,20250916,CASH,12414.6,FAILED
7000009871,1000009871,20250507,CARD,72919.2,PAID
7000009872,1000009872,20250303,GATEWAY,13068.0,PAID
7000009873,1000009873,20240429,GATEWAY,27636.0,REFUNDED
7000009874,1000009874,20250611,GATEWAY,35685.0,PAID
7000009875,1000009875,20240913,CARD,44324.4,PAID
7000009876,1000009876,20250708,CARD,71148.0,PAID
7000009877,1000009877,20240715,GATEWAY,32055.0,PAID
7000009878,1000009878,20250318,GATEWAY,35385.0,PAID
7000009879,1000009879,20240611,CARD,43588.8,PAID
7000009880,1000009880,20240309,CASH,64033.2,PAID
7000009881,1000009881,20250601,GATEWAY,33570.0,FAILED
7000009882,1000009882,20250624,CASH,15246.0,PAID
7000009883,1000009883,20240615,CASH,67681.35,PAID
7000009884,1000009884,20250401,CASH,17151.75,PAID
7000009885,1000009885,20240315,CASH,53361.0,PAID
7000009886,1000009886,20250313,GATEWAY,44104.5,PAID
7000009887,1000009887,20240421,CARD,30603.0,PAID
7000009888,1000009888,20250504,GATEWAY,17242.5,PENDING
7000009889,1000009889,20250322,CARD,28788.0,PAID
7000009890,1000009890,20241204,CARD,36774.0,PAID
7000009891,1000009891,20250211,CARD,49261.2,PAID
7000009892,1000009892,20241024,CARD,48024.9,PAID
7000009893,1000009893,20241006,CARD,64555.92,PAID
7000009894,1000009894,20240119,CARD,49005.0,PAID
7000009895,1000009895,20240826,CARD,32016.6,PAID
7000009896,1000009896,20250201,TRANSFER,102184.5,PAID
7000009897,1000009897,20240125,CARD,13968.0,PAID
7000009898,1000009898,20250516,CARD,41382.0,FAILED
7000009899,1000009899,20250912,TRANSFER,28459.2,PAID
7000009900,1000009900,20250521,CARD,67846.8,PAID
7000009901,1000009901,20250316,TRANSFER,39204.0,PAID
7000009902,1000009902,20250214,GATEWAY,17787.0,PAID
7000009903,1000009903,20240606,CASH,12806.64,PAID
7000009904,1000009904,20250514,TRANSFER,84288.6,REFUNDED
7000009905,1000009905,20240115,CASH,34485.0,PAID
7000009906,1000009906,20250627,CARD,18966.75,PAID
7000009907,1000009907,20240117,CASH,17787.0,PAID
7000009908,1000009908,20250725,TRANSFER,13794.0,PAID
7000009909,1000009909,20240920,GATEWAY,55813.88,PAID
7000009910,1000009910,20241027,CARD,24829.2,PAID
7000009911,1000009911,20241221,CASH,32670.0,PAID
7000009912,1000009912,20240528,CASH,78408.0,PAID
7000009913,1000009913,20241108,CARD,43560.0,REFUNDED
7000009914,1000009914,20240809,CARD,55513.88,PAID
7000009915,1000009915,20240904,TRANSFER,55176.0,PAID
7000009916,1000009916,20250728,GATEWAY,46766.1,PAID
7000009917,1000009917,20240130,CARD,36300.0,PAID
7000009918,1000009918,20240127,CASH,28459.2,PENDING
7000009919,1000009919,20250420,CARD,32670.0,PAID
7000009920,1000009920,20240407,CASH,33214.5,PAID
7000009921,1000009921,20250116,CASH,35574.0,PAID
7000009922,1000009922,20241112,CARD,42882.0,FAILED
7000009923,1000009923,20250802,GATEWAY,18150.0,PAID
7000009924,1000009924,20250512,TRANSFER,54450.0,PAID
7000009925,1000009925,20240128,GATEWAY,92857.5,PAID
7000009926,1000009926,20241221,GATEWAY,85940.25,PAID
7000009927,1000009927,20240503,CASH,28749.6,PAID
7000009928,1000009928,20250111,CARD,37352.7,PAID
7000009929,1000009929,20250618,CARD,33870.0,PAID
7000009930,1000009930,20240630,CARD,36483.6,PAID
7000009931,1000009931,20250803,CASH,51727.5,PAID
7000009932,1000009932,20241104,GATEWAY,38443.8,PAID
7000009933,1000009933,20250331,CASH,39930.0,PAID
7000009934,1000009934,20241201,GATEWAY,36474.0,PAID
7000009935,1000009935,20241013,CARD,14568.0,PAID
7000009936,1000009936,20250822,GATEWAY,44760.0,PAID
7000009937,1000009937,20240623,CARD,12661.2,PAID
7000009938,1000009938,20240314,CARD,57828.0,PAID
7000009939,1000009939,20241013,GATEWAY,49905.0,PAID
7000009940,1000009940,20250730,CASH,16335.0,PAID
7000009941,1000009941,20250118,CASH,31036.5,PAID
7000009942,1000009942,20241121,GATEWAY,56929.05,PAID
7000009943,1000009943,20240321,CASH,31305.12,PAID
7000009944,1000009944,20250102,GATEWAY,27336.0,PENDING
7000009945,1000009945,20250823,CASH,17787.0,PAID
7000009946,1000009946,20250928,CARD,45060.0,PAID
7000009947,1000009947,20250529,CARD,34485.0,PAID
7000009948,1000009948,20240107,GATEWAY,43588.8,REFUNDED
7000009949,1000009949,20240604,GATEWAY,58372.5,REFUNDED
7000009950,1000009950,20250108,GATEWAY,37243.8,PAID
7000009951,1000009951,20241113,CASH,43560.0,PAID
7000009952,1000009952,20250523,CARD,60795.0,REFUNDED
7000009953,1000009953,20240403,CASH,13068.0,PAID
7000009954,1000009954,20250316,CASH,48024.9,PAID
7000009955,1000009955,20240915,GATEWAY,44460.0,PAID
7000009956,1000009956,20250522,CARD,57646.5,PAID
7000009957,1000009957,20250318,CARD,40404.0,PAID
7000009958,1000009958,20250112,GATEWAY,73770.96,PAID
7000009959,1000009959,20250525,CARD,21165.0,PAID
7000009960,1000009960,20240308,GATEWAY,15729.6,PAID
7000009961,1000009961,20250713,CARD,20176.35,PAID
7000009962,1000009962,20240614,CARD,47454.75,PAID
7000009963,1000009963,20240912,CARD,49005.0,PAID
7000009964,1000009964,20250812,TRANSFER,28459.2,PAID
7000009965,1000009965,20240114,GATEWAY,18351.75,PAID
7000009966,1000009966,20241008,CARD,18150.0,PAID
7000009967,1000009967,20250423,CARD,13794.0,PAID
7000009968,1000009968,20250130,GATEWAY,78446.4,PAID
7000009969,1000009969,20240831,CARD,30782.16,PAID
7000009970,1000009970,20240503,CARD,53290.5,PAID
7000009971,1000009971,20240819,GATEWAY,86466.6,PAID
7000009972,1000009972,20250423,GATEWAY,36774.0,PAID
7000009973,1000009973,20240309,GATEWAY,33870.0,PAID
7000009974,1000009974,20240911,CASH,29040.0,PAID
7000009975,1000009975,20241212,CARD,41382.0,PAID
7000009976,1000009976,20240706,CARD,77311.74,PAID
7000009977,1000009977,20240423,CARD,74952.0,PAID
7000009978,1000009978,20240129,CARD,36300.0,REFUNDED
7000009979,1000009979,20240130,CARD,36300.0,PAID
7000009980,1000009980,20241017,CARD,43888.8,PAID
7000009981,1000009981,20240630,GATEWAY,15429.6,FAILED
7000009982,1000009982,20250113,CARD,28967.4,PAID
7000009983,1000009983,20250904,CARD,15983.7,PAID
7000009984,1000009984,20241202,CASH,91113.0,PAID
7000009985,1000009985,20240829,GATEWAY,19604.62,PAID
7000009986,1000009986,20241007,CASH,46554.75,PAID
7000009987,1000009987,20240322,CARD,14483.7,PAID
7000009988,1000009988,20240617,GATEWAY,55650.0,PAID
7000009989,1000009989,20240213,CARD,107677.5,PAID
7000009990,1000009990,20240221,CARD,38143.8,PAID
7000009991,1000009991,20250628,CARD,124075.5,PAID
7000009992,1000009992,20240605,CARD,29359.2,PAID
7000009993,1000009993,20250327,GATEWAY,83538.0,PAID
7000009994,1000009994,20240607,CARD,29649.6,PAID
7000009995,1000009995,20250109,CASH,42688.8,PAID
7000009996,1000009996,20250313,CARD,37243.8,PAID
7000009997,1000009997,20250517,GATEWAY,46151.58,PAID
7000009998,1000009998,20250303,CARD,21165.0,PAID
7000009999,1000009999,20240604,GATEWAY,98421.0,PAID
7000010000,1000010000,20250211,CASH,39204.0,PAID
7000010001,1000010001,20240219,CARD,50033.1,PAID
7000010002,1000010002,20241004,GATEWAY,89544.6,PAID
7000010003,1000010003,20240320,CASH,18150.0,PAID
7000010004,1000010004,20240603,GATEWAY,14229.6,PAID
7000010005,1000010005,20240809,CARD,28749.6,PAID
7000010006,1000010006,20241125,CASH,35283.6,PAID
7000010007,1000010007,20240714,CARD,42582.0,PAID
7000010008,1000010008,20250204,GATEWAY,38115.0,PAID
7000010009,1000010009,20240213,CARD,52627.5,PAID
7000010010,1000010010,20240702,CASH,46957.68,PAID
7000010011,1000010011,20240115,GATEWAY,39619.92,FAILED
7000010012,1000010012,20240609,TRANSFER,23522.4,PENDING
7000010013,1000010013,20250302,CARD,32851.5,PAID
7000010014,1000010014,20240909,CARD,15601.5,PAID
7000010015,1000010015,20250201,GATEWAY,39015.0,PAID
7000010016,1000010016,20240828,CARD,77319.0,PAID
7000010017,1000010017,20240629,CASH,29040.0,PAID
7000010018,1000010018,20250323,GATEWAY,30603.0,REFUNDED
7000010019,1000010019,20250716,CARD,37500.0,PAID
7000010020,1000010020,20240812,CARD,13314.6,PAID
7000010021,1000010021,20240303,CARD,55513.88,PAID
7000010022,1000010022,20240714,GATEWAY,13794.0,PAID
7000010023,1000010023,20250405,CARD,36300.0,PAID
7000010024,1000010024,20241231,GATEWAY,54450.0,PAID
7000010025,1000010025,20250911,TRANSFER,17242.5,PAID
7000010026,1000010026,20250508,CASH,16335.0,PAID
7000010027,1000010027,20240219,CASH,49005.0,PAID
7000010028,1000010028,20240514,CARD,40365.6,FAILED
7000010029,1000010029,20240415,TRANSFER,37243.8,PAID
7000010030,1000010030,20240609,CARD,13968.0,PAID
7000010031,1000010031,20250705,CASH,52272.0,PAID
7000010032,1000010032,20250818,CARD,13968.0,PAID
7000010033,1000010033,20241216,CARD,26029.2,PAID
7000010034,1000010034,20250921,CARD,28459.2,PAID
7000010035,1000010035,20240415,CARD,62610.0,REFUNDED
7000010036,1000010036,20250913,CARD,31082.16,PAID
7000010037,1000010037,20240630,CARD,15221.4,PAID
7000010038,1000010038,20240112,CARD,16335.0,PAID
7000010039,1000010039,20241214,CARD,17242.5,PAID
7000010040,1000010040,20250529,GATEWAY,14268.0,PENDING
7000010041,1000010041,20250316,CASH,26136.0,PAID
7000010042,1000010042,20250526,CARD,33870.0,PAID
7000010043,1000010043,20240701,CASH,37352.7,PAID
7000010044,1000010044,20250419,GATEWAY,19304.62,PAID
7000010045,1000010045,20250330,CARD,83736.6,PAID
7000010046,1000010046,20250723,TRANSFER,84796.8,PAID
7000010047,1000010047,20240114,GATEWAY,20466.75,PAID
7000010048,1000010048,20250107,CARD,63636.0,PAID
7000010049,1000010049,20240208,GATEWAY,30240.0,PAID
7000010050,1000010050,20240905,CARD,15720.0,PAID
7000010051,1000010051,20240209,CASH,45738.0,FAILED
7000010052,1000010052,20250429,GATEWAY,37200.0,PAID
7000010053,1000010053,20250805,CASH,45048.3,PAID
7000010054,1000010054,20240706,CASH,13068.0,PAID
7000010055,1000010055,20240422,CASH,31036.5,PAID
7000010056,1000010056,20250309,CASH,28459.2,PAID
7000010057,1000010057,20240501,CARD,27588.0,FAILED
7000010058,1000010058,20250415,CARD,18687.0,PAID
7000010059,1000010059,20250615,CARD,122786.85,PAID
7000010060,1000010060,20250125,CARD,31581.0,PAID
7000010061,1000010061,20250723,CARD,43487.4,PAID
7000010062,1000010062,20250227,CASH,46427.7,PAID
7000010063,1000010063,20240802,GATEWAY,33870.0,PAID
7000010064,1000010064,20241117,CARD,75189.0,FAILED
7000010065,1000010065,20240205,GATEWAY,26513.28,PAID
7000010066,1000010066,20250311,CARD,29359.2,PAID
7000010067,1000010067,20241128,CARD,60088.2,PAID
7000010068,1000010068,20241227,GATEWAY,43560.0,PAID
7000010069,1000010069,20240220,CARD,13794.0,PAID
7000010070,1000010070,20250214,CARD,43588.8,PAID
7000010071,1000010071,20250223,GATEWAY,14520.0,PAID
7000010072,1000010072,20250516,CARD,44760.0,PAID
7000010073,1000010073,20250419,CARD,67681.35,PAID
7000010074,1000010074,20240518,CARD,107133.0,PAID
7000010075,1000010075,20240721,TRANSFER,56029.05,FAILED
7000010076,1000010076,20240712,GATEWAY,36774.0,PAID
7000010077,1000010077,20241204,GATEWAY,19650.0,PAID
7000010078,1000010078,20250413,TRANSFER,28967.4,PAID
7000010079,1000010079,20250106,CARD,39204.0,PAID
7000010080,1000010080,20240829,CARD,20257.5,PAID
7000010081,1000010081,20240222,GATEWAY,14694.0,REFUNDED
7000010082,1000010082,20250424,CASH,13068.0,PAID
7000010083,1000010083,20241129,GATEWAY,16141.08,PAID
7000010084,1000010084,20240319,CARD,15429.6,PAID
7000010085,1000010085,20240105,CARD,36300.0,PAID
7000010086,1000010086,20240219,CARD,29940.0,PAID
7000010087,1000010087,20250909,CARD,14229.6,PAID
7000010088,1000010088,20240731,CARD,40104.0,PAID
7000010089,1000010089,20250826,CARD,14268.0,PAID
7000010090,1000010090,20240825,CARD,41164.2,FAILED
7000010091,1000010091,20250105,GATEWAY,17787.0,FAILED
7000010092,1000010092,20240925,CARD,28788.0,PAID
7000010093,1000010093,20240403,GATEWAY,15429.6,FAILED
7000010094,1000010094,20250818,TRANSFER,41382.0,PAID
7000010095,1000010095,20250330,CARD,30240.0,PAID
7000010096,1000010096,20250303,CARD,15420.0,PAID
7000010097,1000010097,20250531,CASH,35283.6,FAILED
7000010098,1000010098,20250306,CARD,62387.28,PAID
7000010099,1000010099,20250415,CASH,18150.0,PAID
7000010100,1000010100,20241020,TRANSFER,29040.0,PAID
7000010101,1000010101,20240626,GATEWAY,64134.6,FAILED
7000010102,1000010102,20250110,GATEWAY,49905.0,PAID
7000010103,1000010103,20250128,TRANSFER,13068.0,PAID
7000010104,1000010104,20240922,CARD,86459.1,PAID
7000010105,1000010105,20240422,CASH,35574.0,FAILED
7000010106,1000010106,20240406,CASH,73471.2,PAID
7000010107,1000010107,20241025,CASH,74509.38,PAID
7000010108,1000010108,20250829,GATEWAY,16020.0,PAID
7000010109,1000010109,20250405,CARD,21465.0,PAID
7000010110,1000010110,20240713,CARD,30240.0,PAID
7000010111,1000010111,20250329,CARD,35685.0,PAID
7000010112,1000010112,20250904,CARD,53625.75,PAID
7000010113,1000010113,20250823,TRANSFER,26136.0,PAID
7000010114,1000010114,20250903,GATEWAY,75532.8,PAID
7000010115,1000010115,20240603,CARD,141025.5,PAID
7000010116,1000010116,20250417,CASH,29882.16,PENDING
7000010117,1000010117,20250104,GATEWAY,68399.85,PAID
7000010118,1000010118,20250616,GATEWAY,40704.0,PAID
7000010119,1000010119,20240513,CASH,33287.1,PAID
7000010120,1000010120,20240708,CARD,43888.8,PAID
7000010121,1000010121,20240623,CASH,45738.0,PAID
7000010122,1000010122,20240513,CASH,46246.2,PAID
7000010123,1000010123,20250206,GATEWAY,40704.0,PAID
7000010124,1000010124,20250116,CARD,19050.0,PAID
7000010125,1000010125,20250121,CASH,32670.0,PAID
7000010126,1000010126,20240107,CASH,99861.3,PAID
7000010127,1000010127,20240502,GATEWAY,44460.0,PAID
7000010128,1000010128,20240816,GATEWAY,45004.5,PAID
7000010129,1000010129,20241004,CARD,42582.0,PAID
7000010130,1000010130,20250123,CARD,61927.8,PAID
7000010131,1000010131,20240828,CASH,76447.8,PAID
7000010132,1000010132,20240601,GATEWAY,101668.8,PAID
7000010133,1000010133,20240604,CARD,16141.08,FAILED
7000010134,1000010134,20250813,GATEWAY,33444.0,PAID
7000010135,1000010135,20240504,CARD,42582.0,PAID
7000010136,1000010136,20240407,GATEWAY,32670.0,REFUNDED
7000010137,1000010137,20240730,CARD,41382.0,PAID
7000010138,1000010138,20240718,CARD,79043.25,PAID
7000010139,1000010139,20250401,GATEWAY,29359.2,PAID
7000010140,1000010140,20250323,CARD,41382.0,PAID
7000010141,1000010141,20240502,CARD,41382.0,PAID
7000010142,1000010142,20241126,CASH,96921.0,PAID
7000010143,1000010143,20240327,CARD,117460.35,PAID
7000010144,1000010144,20240411,CARD,44188.8,PAID
7000010145,1000010145,20250701,GATEWAY,51952.56,FAILED
7000010146,1000010146,20240701,CASH,59895.0,PAID
7000010147,1000010147,20250505,CASH,14520.0,PAID
7000010148,1000010148,20240430,TRANSFER,82038.0,FAILED
7000010149,1000010149,20250507,CASH,34303.5,PAID
7000010150,1000010150,20250710,CARD,54861.0,PAID
7000010151,1000010151,20240827,GATEWAY,27036.0,PAID
7000010152,1000010152,20240331,CARD,52627.5,PAID
7000010153,1000010153,20240329,CASH,16335.0,REFUNDED
7000010154,1000010154,20240603,CARD,26136.0,PAID
7000010155,1000010155,20240605,GATEWAY,16718.25,PAID
7000010156,1000010156,20241001,CARD,40249.2,PAID
7000010157,1000010157,20250222,GATEWAY,71031.6,PAID
7000010158,1000010158,20250509,CARD,13968.0,PAID
7000010159,1000010159,20250913,CARD,55350.0,PAID
7000010160,1000010160,20240202,CARD,14268.0,PAID
7000010161,1000010161,20250222,TRANSFER,14701.5,PAID
7000010162,1000010162,20240810,CASH,13721.4,PAID
7000010163,1000010163,20250217,CARD,45694.2,PAID
7000010164,1000010164,20250605,GATEWAY,28942.8,PAID
7000010165,1000010165,20240103,CASH,14520.0,PAID
7000010166,1000010166,20240415,CARD,75387.6,PAID
7000010167,1000010167,20250320,CARD,50205.0,PAID
7000010168,1000010168,20250212,CARD,55513.88,PAID
7000010169,1000010169,20250326,CASH,14229.6,PAID
7000010170,1000010170,20250618,GATEWAY,36483.6,PAID
7000010171,1000010171,20240505,CARD,18351.75,REFUNDED
7000010172,1000010172,20240815,CARD,31305.12,PAID
7000010173,1000010173,20240330,CARD,74589.0,REFUNDED
7000010174,1000010174,20250214,CARD,54805.5,PAID
7000010175,1000010175,20250830,GATEWAY,72212.4,PAID
7000010176,1000010176,20240217,GATEWAY,15274.8,PAID
7000010177,1000010177,20250805,GATEWAY,58554.0,PAID
7000010178,1000010178,20240427,GATEWAY,16020.0,PAID
7000010179,1000010179,20240622,CARD,30492.0,PAID
7000010180,1000010180,20240820,CARD,67381.88,PENDING
7000010181,1000010181,20240820,CARD,14268.0,PAID
7000010182,1000010182,20250610,CARD,28488.0,PAID
7000010183,1000010183,20240724,CARD,44651.1,PAID
7000010184,1000010184,20241206,CARD,72382.2,PAID
7000010185,1000010185,20250605,CARD,53361.0,PAID
7000010186,1000010186,20250228,GATEWAY,42064.2,PAID
7000010187,1000010187,20250714,CASH,28749.6,PAID
7000010188,1000010188,20240302,CARD,27336.0,PAID
7000010189,1000010189,20240329,GATEWAY,13968.0,PAID
7000010190,1000010190,20250421,CARD,49905.0,PAID
7000010191,1000010191,20240308,CARD,29403.0,PAID
7000010192,1000010192,20241102,CARD,28342.8,PAID
7000010193,1000010193,20240510,CARD,42364.2,PAID
7000010194,1000010194,20250928,CARD,55350.0,PAID
7000010195,1000010195,20250903,CARD,46023.24,PAID
7000010196,1000010196,20240712,CASH,25613.28,FAILED
7000010197,1000010197,20240917,GATEWAY,26329.2,PAID
7000010198,1000010198,20240115,CASH,58697.1,PAID
7000010199,1000010199,20240402,CARD,33870.0,PAID
7000010200,1000010200,20250122,TRANSFER,71874.0,PAID
7000010201,1000010201,20240206,TRANSFER,34485.0,PAID
7000010202,1000010202,20240325,GATEWAY,88844.25,PAID
7000010203,1000010203,20250507,CARD,19565.7,PAID
7000010204,1000010204,20250905,CASH,28967.4,PAID
7000010205,1000010205,20240407,GATEWAY,14268.0,PAID
7000010206,1000010206,20240906,CARD,120717.75,PAID
7000010207,1000010207,20240108,GATEWAY,29359.2,PAID
7000010208,1000010208,20241101,CARD,42582.0,PAID
7000010209,1000010209,20250108,CARD,42688.8,PAID
7000010210,1000010210,20241004,CARD,38115.0,PAID
7000010211,1000010211,20250712,CARD,15729.6,PAID
7000010212,1000010212,20240728,CARD,26136.0,PAID
7000010213,1000010213,20241128,CARD,39433.5,PAID
7000010214,1000010214,20250217,GATEWAY,42064.2,PAID
7000010215,1000010215,20250218,CARD,26136.0,PAID
7000010216,1000010216,20250818,GATEWAY,87303.6,PAID
7000010217,1000010217,20250630,CARD,58672.5,PAID
7000010218,1000010218,20250321,TRANSFER,46957.68,PAID
7000010219,1000010219,20250222,CASH,54450.0,PAID
7000010220,1000010220,20250417,CARD,17787.0,PAID
7000010221,1000010221,20240831,CARD,62254.5,PAID
7000010222,1000010222,20250706,CARD,90089.1,PAID
7000010223,1000010223,20240720,CARD,58334.1,PAID
7000010224,1000010224,20250403,CARD,18442.5,PAID
7000010225,1000010225,20250211,CARD,64425.0,PAID
7000010226,1000010226,20240708,CARD,24722.4,PAID
7000010227,1000010227,20250305,CARD,27336.0,PAID
7000010228,1000010228,20250916,CARD,47238.0,PAID
7000010229,1000010229,20240801,CARD,53542.5,PAID
7000010230,1000010230,20250620,CARD,46554.75,PAID
7000010231,1000010231,20250910,CARD,20257.5,PAID
7000010232,1000010232,20250519,CARD,49005.0,PAID
7000010233,1000010233,20240208,GATEWAY,42688.8,PAID
7000010234,1000010234,20240302,GATEWAY,79315.5,PAID
7000010235,1000010235,20240416,CARD,37933.5,PAID
7000010236,1000010236,20240912,CARD,49803.6,PAID
7000010237,1000010237,20241129,CASH,33033.0,PAID
7000010238,1000010238,20240528,CARD,49905.0,PAID
7000010239,1000010239,20250325,TRANSFER,84942.0,PAID
7000010240,1000010240,20250222,GATEWAY,53361.0,PAID
7000010241,1000010241,20240220,CARD,66646.8,PAID
7000010242,1000010242,20241007,CARD,26136.0,PAID
7000010243,1000010243,20240506,CARD,14994.0,REFUNDED
7000010244,1000010244,20240322,GATEWAY,37733.85,FAILED
7000010245,1000010245,20240712,CARD,18142.5,FAILED
7000010246,1000010246,20240920,GATEWAY,49905.0,PAID
7000010247,1000010247,20241124,GATEWAY,58100.25,PAID
7000010248,1000010248,20240609,CARD,42282.0,REFUNDED
7000010249,1000010249,20250210,CARD,18351.75,PAID
7000010250,1000010250,20240422,CARD,13068.0,PAID
7000010251,1000010251,20240317,TRANSFER,28459.2,REFUNDED
7000010252,1000010252,20250108,CARD,32670.0,PAID
7000010253,1000010253,20240616,CASH,63568.56,REFUNDED
7000010254,1000010254,20250629,CASH,26136.0,PAID
7000010255,1000010255,20240922,CARD,31726.2,PAID
7000010256,1000010256,20240227,GATEWAY,19350.0,PAID
7000010257,1000010257,20250627,CASH,16335.0,PAID
7000010258,1000010258,20240408,CARD,15420.0,PAID
7000010259,1000010259,20240223,GATEWAY,20865.0,PENDING
7000010260,1000010260,20250401,CARD,65340.0,PAID
7000010261,1000010261,20240519,CARD,18742.5,PAID
7000010262,1000010262,20250312,CASH,41382.0,PAID
7000010263,1000010263,20240307,CARD,54261.0,PAID
7000010264,1000010264,20250908,CARD,37352.7,FAILED
7000010265,1000010265,20241130,GATEWAY,35385.0,PAID
7000010266,1000010266,20250317,CARD,50205.0,PAID
7000010267,1000010267,20250927,TRANSFER,46957.68,PAID
7000010268,1000010268,20240602,CARD,16073.4,PAID
7000010269,1000010269,20250311,GATEWAY,67011.9,PAID
7000010270,1000010270,20241101,CARD,27588.0,PAID
7000010271,1000010271,20240825,CARD,49905.0,PAID
7000010272,1000010272,20240429,GATEWAY,45694.2,PAID
7000010273,1000010273,20240414,CARD,37200.0,PAID
7000010274,1000010274,20250114,CARD,51303.6,PAID
7000010275,1000010275,20240725,GATEWAY,32844.0,PAID
7000010276,1000010276,20250511,CARD,27036.0,PAID
7000010277,1000010277,20250904,CARD,44188.8,PAID
7000010278,1000010278,20240113,CARD,13314.6,PAID
7000010279,1000010279,20240122,CASH,67155.0,PAID
7000010280,1000010280,20250221,CARD,18966.75,PAID
7000010281,1000010281,20240929,CARD,45738.0,FAILED
7000010282,1000010282,20250409,TRANSFER,17787.0,PAID
7000010283,1000010283,20241110,CARD,28749.6,PAID
7000010284,1000010284,20250613,CARD,58554.0,REFUNDED
7000010285,1000010285,20240309,CARD,29040.0,FAILED
7000010286,1000010286,20240115,CARD,59764.32,PAID
7000010287,1000010287,20240126,TRANSFER,28459.2,PAID
7000010288,1000010288,20250428,TRANSFER,43560.0,PAID
7000010289,1000010289,20241012,CASH,39930.0,PAID
7000010290,1000010290,20240330,CARD,19650.0,PAID
7000010291,1000010291,20240322,CARD,19565.7,PAID
7000010292,1000010292,20240127,CARD,24829.2,PAID
7000010293,1000010293,20241125,CARD,17787.0,PAID
7000010294,1000010294,20250718,CARD,64057.08,FAILED
7000010295,1000010295,20250317,CARD,73800.0,FAILED
7000010296,1000010296,20241125,CARD,14994.0,PAID
7000010297,1000010297,20250621,GATEWAY,36300.0,PAID
7000010298,1000010298,20241216,CARD,29949.6,PAID
7000010299,1000010299,20250630,CARD,45604.5,PAID
7000010300,1000010300,20240103,CASH,107811.0,PAID
7000010301,1000010301,20240914,CARD,39204.0,PAID
7000010302,1000010302,20250920,CARD,81312.0,PAID
7000010303,1000010303,20250220,GATEWAY,43888.8,PAID
7000010304,1000010304,20240512,CASH,50965.2,PAID
7000010305,1000010305,20240329,GATEWAY,20466.75,PAID
7000010306,1000010306,20250110,GATEWAY,55176.0,PAID
7000010307,1000010307,20250905,CASH,42471.0,PAID
7000010308,1000010308,20241103,CARD,25729.2,PAID
7000010309,1000010309,20250502,GATEWAY,36183.6,PAID
7000010310,1000010310,20241213,CASH,11761.2,PAID
7000010311,1000010311,20241214,TRANSFER,34303.5,PAID
7000010312,1000010312,20250518,GATEWAY,44651.1,PAID
7000010313,1000010313,20240317,CARD,68173.5,PAID
7000010314,1000010314,20250122,CARD,66603.0,PAID
7000010315,1000010315,20250323,CARD,93799.2,PAID
7000010316,1000010316,20250803,CARD,65514.0,PAID
7000010317,1000010317,20240204,TRANSFER,13068.0,PAID
7000010318,1000010318,20250506,CARD,62319.6,FAILED
7000010319,1000010319,20240801,CARD,29040.0,PAID
7000010320,1000010320,20240323,GATEWAY,35685.0,PAID
7000010321,1000010321,20240417,CASH,59604.6,REFUNDED
7000010322,1000010322,20250923,CASH,26136.0,PAID
7000010323,1000010323,20241018,GATEWAY,43560.0,PAID
7000010324,1000010324,20240211,GATEWAY,69202.08,PAID
7000010325,1000010325,20250726,CARD,42064.2,PAID
7000010326,1000010326,20241211,CARD,18150.0,PAID
7000010327,1000010327,20240717,CARD,18142.5,PAID
7000010328,1000010328,20250430,CARD,37800.0,PAID
7000010329,1000010329,20250630,GATEWAY,72464.16,PAID
7000010330,1000010330,20250327,GATEWAY,79385.28,PAID
7000010331,1000010331,20240514,CASH,14229.6,PAID
7000010332,1000010332,20250909,CASH,54450.0,PAID
7000010333,1000010333,20241025,CARD,37074.0,PAID
7000010334,1000010334,20240605,TRANSFER,37352.7,PAID
7000010335,1000010335,20250616,CASH,105633.0,PAID
7000010336,1000010336,20240703,CARD,73800.0,PAID
7000010337,1000010337,20250223,CASH,28459.2,PAID
7000010338,1000010338,20250729,CARD,13794.0,PAID
7000010339,1000010339,20250525,GATEWAY,30782.16,PAID
7000010340,1000010340,20240424,TRANSFER,29040.0,PAID
7000010341,1000010341,20250511,CARD,44760.0,PAID
7000010342,1000010342,20250612,GATEWAY,27636.0,PAID
7000010343,1000010343,20250813,CASH,78408.0,PAID
7000010344,1000010344,20241021,GATEWAY,147043.8,PAID
7000010345,1000010345,20250418,CARD,52627.5,PAID
7000010346,1000010346,20240918,CARD,36474.0,PAID
7000010347,1000010347,20240320,CARD,60804.6,PAID
7000010348,1000010348,20240528,GATEWAY,18351.75,PAID
7000010349,1000010349,20241015,CASH,29040.0,PAID
7000010350,1000010350,20250517,CARD,79025.1,FAILED
7000010351,1000010351,20240616,CARD,13721.4,FAILED
7000010352,1000010352,20240612,CASH,43560.0,PAID
7000010353,1000010353,20250314,CARD,48816.0,PAID
7000010354,1000010354,20240326,GATEWAY,62247.0,PAID
7000010355,1000010355,20240418,CARD,81892.8,PAID
7000010356,1000010356,20240426,CASH,32670.0,REFUNDED
7000010357,1000010357,20240116,GATEWAY,43588.8,FAILED
7000010358,1000010358,20240310,CARD,39204.0,FAILED
7000010359,1000010359,20250314,CASH,83490.0,PAID
7000010360,1000010360,20250518,TRANSFER,14701.5,PAID
7000010361,1000010361,20250908,CARD,46638.0,PAID
7000010362,1000010362,20250922,CARD,28342.8,PAID
7000010363,1000010363,20240201,CARD,56029.05,PAID
7000010364,1000010364,20240615,GATEWAY,35385.0,REFUNDED
7000010365,1000010365,20250213,TRANSFER,53361.0,PAID
7000010366,1000010366,20250713,GATEWAY,73400.7,PAID
7000010367,1000010367,20250225,GATEWAY,99573.0,FAILED
7000010368,1000010368,20250923,GATEWAY,65731.8,PAID
7000010369,1000010369,20240304,CARD,43560.0,PAID
7000010370,1000010370,20240513,TRANSFER,51455.25,PAID
7000010371,1000010371,20240524,CASH,31944.0,PAID
7000010372,1000010372,20240125,CARD,39315.0,FAILED
7000010373,1000010373,20240628,CARD,56900.25,FAILED
7000010374,1000010374,20240208,TRANSFER,13721.4,FAILED
7000010375,1000010375,20250702,CARD,69090.6,PAID
7000010376,1000010376,20241227,CARD,37500.0,PAID
7000010377,1000010377,20250606,TRANSFER,18150.0,PAID
7000010378,1000010378,20250627,CASH,42688.8,PAID
7000010379,1000010379,20240425,CARD,24829.2,PAID
7000010380,1000010380,20250123,GATEWAY,65340.0,PAID
7000010381,1000010381,20240605,CARD,32270.7,PAID
7000010382,1000010382,20241205,CARD,42282.0,PAID
7000010383,1000010383,20250320,GATEWAY,90561.0,PAID
7000010384,1000010384,20241025,CARD,55350.0,PAID
7000010385,1000010385,20241115,CARD,14520.0,PAID
7000010386,1000010386,20250224,CARD,45723.24,REFUNDED
7000010387,1000010387,20240704,CARD,28459.2,FAILED
7000010388,1000010388,20250217,GATEWAY,15294.0,PAID
7000010389,1000010389,20250117,CASH,14941.08,REFUNDED
7000010390,1000010390,20250317,CARD,34414.5,PAID
7000010391,1000010391,20240303,GATEWAY,73237.35,PAID
7000010392,1000010392,20250821,CARD,29940.0,PAID
7000010393,1000010393,20250813,CASH,59895.0,PAID
7000010394,1000010394,20250419,TRANSFER,18150.0,PAID
7000010395,1000010395,20241217,GATEWAY,19050.0,PAID
7000010396,1000010396,20250804,CARD,53227.5,PAID
7000010397,1000010397,20240209,CARD,54450.0,PAID
7000010398,1000010398,20250822,GATEWAY,146037.0,FAILED
7000010399,1000010399,20250721,GATEWAY,40704.0,PENDING
7000010400,1000010400,20240519,GATEWAY,44169.6,PAID
7000010401,1000010401,20241108,CARD,14229.6,PAID
7000010402,1000010402,20240917,TRANSFER,84724.2,PAID
7000010403,1000010403,20250627,CARD,61603.2,PAID
7000010404,1000010404,20250826,GATEWAY,35022.0,PAID
7000010405,1000010405,20240805,CASH,24829.2,PAID
7000010406,1000010406,20250928,CASH,56482.8,PAID
7000010407,1000010407,20250627,CASH,34485.0,PAID
7000010408,1000010408,20240920,TRANSFER,28459.2,PAID
7000010409,1000010409,20241117,CARD,29949.6,PAID
7000010410,1000010410,20250607,CARD,11761.2,PAID
7000010411,1000010411,20240325,CARD,31036.5,PAID
7000010412,1000010412,20250729,GATEWAY,27336.0,FAILED
7000010413,1000010413,20250202,CARD,15429.6,PAID
7000010414,1000010414,20250721,CARD,19050.0,REFUNDED
7000010415,1000010415,20241017,CARD,58697.1,PAID
7000010416,1000010416,20250924,CASH,42688.8,PAID
7000010417,1000010417,20240217,GATEWAY,14694.0,PAID
7000010418,1000010418,20240209,GATEWAY,44188.8,PAID
7000010419,1000010419,20250327,GATEWAY,17242.5,PAID
7000010420,1000010420,20250504,CARD,27036.0,PAID
7000010421,1000010421,20250524,GATEWAY,30540.0,PAID
7000010422,1000010422,20250514,CARD,44760.0,PAID
7000010423,1000010423,20240927,GATEWAY,17172.0,FAILED
7000010424,1000010424,20250428,CASH,59895.0,PAID
7000010425,1000010425,20250919,CARD,15420.0,PAID
7000010426,1000010426,20240110,TRANSFER,86902.2,PAID
7000010427,1000010427,20240914,CARD,35937.0,PAID
7000010428,1000010428,20240829,CARD,36300.0,PAID
7000010429,1000010429,20250128,CARD,29359.2,PAID
7000010430,1000010430,20250302,CASH,39204.0,PAID
7000010431,1000010431,20250818,GATEWAY,69870.0,PAID
7000010432,1000010432,20240622,GATEWAY,82030.5,PAID
7000010433,1000010433,20240319,TRANSFER,16008.3,PAID
7000010434,1000010434,20240831,CARD,97939.5,PAID
7000010435,1000010435,20250820,GATEWAY,54561.0,PAID
7000010436,1000010436,20240618,TRANSFER,12806.64,PAID
7000010437,1000010437,20250918,GATEWAY,39204.0,PAID
7000010438,1000010438,20250128,CARD,80370.3,PAID
7000010439,1000010439,20250424,CARD,60679.08,PAID
7000010440,1000010440,20240903,CARD,17787.0,PAID
7000010441,1000010441,20240415,CARD,106213.8,FAILED
7000010442,1000010442,20240426,GATEWAY,54805.5,PAID
7000010443,1000010443,20240411,CARD,67469.28,PAID
7000010444,1000010444,20240520,CARD,23522.4,PAID
7000010445,1000010445,20240325,CASH,39857.4,PAID
7000010446,1000010446,20240925,CASH,38115.0,PAID
7000010447,1000010447,20241014,CASH,13068.0,PAID
7000010448,1000010448,20240822,GATEWAY,27036.0,REFUNDED
7000010449,1000010449,20250219,GATEWAY,45060.0,PAID
7000010450,1000010450,20240717,TRANSFER,29403.0,PAID
7000010451,1000010451,20240705,TRANSFER,85486.5,PAID
7000010452,1000010452,20240514,CARD,34303.5,PAID
7000010453,1000010453,20250330,CASH,45375.0,PAID
7000010454,1000010454,20240820,CARD,54261.0,PAID
7000010455,1000010455,20250422,CASH,16335.0,PAID
7000010456,1000010456,20250116,CARD,53653.5,PAID
7000010457,1000010457,20241104,GATEWAY,14268.0,PAID
7000010458,1000010458,20250912,GATEWAY,40704.0,PAID
7000010459,1000010459,20240406,CARD,19468.5,PAID
7000010460,1000010460,20240131,GATEWAY,43560.0,PAID
7000010461,1000010461,20241130,CARD,31036.5,PAID
7000010462,1000010462,20250809,CARD,18676.35,PAID
7000010463,1000010463,20250424,CASH,41164.2,PAID
7000010464,1000010464,20250726,CASH,36209.25,PAID
7000010465,1000010465,20240731,CARD,99425.7,FAILED
7000010466,1000010466,20240408,CASH,38419.92,PAID
7000010467,1000010467,20240405,CARD,53361.0,PAID
7000010468,1000010468,20250602,CARD,56900.25,PAID
7000010469,1000010469,20250723,CARD,39204.0,FAILED
7000010470,1000010470,20240205,TRANSFER,13068.0,PAID
7000010471,1000010471,20250131,GATEWAY,60732.0,PAID
7000010472,1000010472,20250307,TRANSFER,49005.0,PAID
7000010473,1000010473,20250909,CARD,15429.6,PAID
7000010474,1000010474,20240622,GATEWAY,18051.75,PAID
7000010475,1000010475,20250708,GATEWAY,50205.0,PAID
7000010476,1000010476,20250727,GATEWAY,15901.5,PAID
7000010477,1000010477,20240516,CARD,56991.0,PAID
7000010478,1000010478,20240911,GATEWAY,28996.2,PAID
7000010479,1000010479,20241224,CASH,26136.0,PAID
7000010480,1000010480,20250401,GATEWAY,96215.25,FAILED
7000010481,1000010481,20240215,TRANSFER,15173.4,PAID
7000010482,1000010482,20250919,GATEWAY,16146.0,PAID
7000010483,1000010483,20240713,CARD,30492.0,PAID
7000010484,1000010484,20241209,GATEWAY,51185.1,PAID
7000010485,1000010485,20241201,GATEWAY,89554.2,PAID
7000010486,1000010486,20240122,CASH,115749.81,PAID
7000010487,1000010487,20240911,GATEWAY,19650.0,PAID
7000010488,1000010488,20241027,CARD,53361.0,PAID
7000010489,1000010489,20240816,TRANSFER,47033.91,REFUNDED
7000010490,1000010490,20240530,CARD,120808.5,PAID
7000010491,1000010491,20250913,GATEWAY,56076.0,FAILED
7000010492,1000010492,20250813,CARD,29040.0,PAID
7000010493,1000010493,20250105,CASH,100079.1,REFUNDED
7000010494,1000010494,20250221,CASH,45520.2,PAID
7000010495,1000010495,20250423,CARD,67155.0,PAID
7000010496,1000010496,20241008,CASH,16335.0,PAID
7000010497,1000010497,20250330,CARD,17535.0,PAID
7000010498,1000010498,20240329,CARD,36592.5,PAID
7000010499,1000010499,20250706,GATEWAY,28788.0,PAID
7000010500,1000010500,20250313,GATEWAY,33216.6,PAID
7000010501,1000010501,20240425,CASH,69420.12,PAID
7000010502,1000010502,20250804,CARD,19957.5,PAID
7000010503,1000010503,20250930,GATEWAY,87366.6,PAID
7000010504,1000010504,20241201,TRANSFER,30492.0,FAILED
7000010505,1000010505,20241111,CASH,30492.0,PAID
7000010506,1000010506,20240726,TRANSFER,44823.24,PAID
7000010507,1000010507,20240227,CASH,107901.75,PAID
7000010508,1000010508,20250612,GATEWAY,27636.0,PAID
7000010509,1000010509,20250703,CASH,46554.75,PAID
7000010510,1000010510,20240216,CARD,73219.2,PENDING
7000010511,1000010511,20250528,GATEWAY,77384.1,PAID
7000010512,1000010512,20250726,GATEWAY,15429.6,REFUNDED
7000010513,1000010513,20240812,GATEWAY,13706.64,PAID
7000010514,1000010514,20250404,CARD,18742.5,FAILED
7000010515,1000010515,20241010,GATEWAY,55950.0,PAID
7000010516,1000010516,20250311,CASH,15173.4,PAID
7000010517,1000010517,20250624,CARD,29949.6,REFUNDED
7000010518,1000010518,20240709,CARD,17787.0,PAID
7000010519,1000010519,20240719,CARD,78664.2,PAID
7000010520,1000010520,20250816,CARD,56029.05,PAID
7000010521,1000010521,20250702,CASH,26136.0,REFUNDED
7000010522,1000010522,20240625,CARD,39133.5,PAID
7000010523,1000010523,20240210,CARD,58080.0,PAID
7000010524,1000010524,20240505,CASH,36300.0,PAID
7000010525,1000010525,20250828,CARD,50205.0,PAID
7000010526,1000010526,20241123,CARD,34394.25,PAID
7000010527,1000010527,20240119,CARD,29635.08,PAID
7000010528,1000010528,20250118,GATEWAY,95715.6,PAID
7000010529,1000010529,20250707,CARD,17535.0,PAID
7000010530,1000010530,20240929,CASH,43560.0,PAID
7000010531,1000010531,20240628,GATEWAY,28788.0,PAID
7000010532,1000010532,20250915,CARD,14520.0,REFUNDED
7000010533,1000010533,20240617,GATEWAY,99210.0,PAID
7000010534,1000010534,20240728,GATEWAY,55350.0,PAID
7000010535,1000010535,20241229,CASH,54595.2,FAILED
7000010536,1000010536,20240603,CARD,34303.5,PAID
7000010537,1000010537,20240516,GATEWAY,18142.5,PAID
7000010538,1000010538,20240710,CASH,27588.0,PAID
7000010539,1000010539,20240125,CARD,89572.35,PAID
7000010540,1000010540,20241012,GATEWAY,30240.0,PAID
7000010541,1000010541,20240628,CASH,17787.0,PAID
7000010542,1000010542,20240426,GATEWAY,30303.0,PAID
7000010543,1000010543,20250725,CARD,16146.0,PAID
7000010544,1000010544,20240914,GATEWAY,30240.0,PENDING
7000010545,1000010545,20250922,CARD,53361.0,FAILED
7000010546,1000010546,20240706,TRANSFER,36300.0,PAID
7000010547,1000010547,20241228,CARD,38833.5,PAID
7000010548,1000010548,20240116,CASH,36300.0,PAID
7000010549,1000010549,20241111,CARD,44188.8,PAID
7000010550,1000010550,20250117,GATEWAY,32670.0,PAID
7000010551,1000010551,20240210,GATEWAY,27588.0,PAID
7000010552,1000010552,20250422,CARD,37200.0,PAID
7000010553,1000010553,20250220,CASH,26862.0,PAID
7000010554,1000010554,20250923,CASH,51727.5,PAID
7000010555,1000010555,20250531,GATEWAY,40704.0,PAID
7000010556,1000010556,20240309,CARD,49005.0,PAID
7000010557,1000010557,20240706,CARD,52927.5,REFUNDED
7000010558,1000010558,20250521,CARD,13314.6,PAID
7000010559,1000010559,20241008,CARD,15429.6,REFUNDED
7000010560,1000010560,20250908,GATEWAY,30240.0,PAID
7000010561,1000010561,20250815,CARD,53849.52,PAID
7000010562,1000010562,20241030,GATEWAY,29659.2,PAID
7000010563,1000010563,20240328,GATEWAY,89012.04,PAID
7000010564,1000010564,20250115,GATEWAY,46478.52,PAID
7000010565,1000010565,20240624,CARD,19866.75,PAID
7000010566,1000010566,20250505,GATEWAY,70489.44,PAID
7000010567,1000010567,20250412,CASH,34485.0,PAID
7000010568,1000010568,20240529,CARD,29040.0,PAID
7000010569,1000010569,20240609,CARD,67155.0,PAID
7000010570,1000010570,20240122,TRANSFER,83853.0,PAID
7000010571,1000010571,20240314,CARD,18442.5,PAID
7000010572,1000010572,20250420,CARD,18051.75,PAID
7000010573,1000010573,20250905,CASH,14520.0,PAID
7000010574,1000010574,20240211,GATEWAY,55650.0,PAID
7000010575,1000010575,20240211,CARD,13068.0,PAID
7000010576,1000010576,20240508,GATEWAY,19050.0,PAID
7000010577,1000010577,20240604,CARD,69163.2,PAID
7000010578,1000010578,20240901,TRANSFER,44286.0,PAID
7000010579,1000010579,20250326,GATEWAY,33570.0,PAID
7000010580,1000010580,20241116,CARD,40104.0,PAID
7000010581,1000010581,20240410,GATEWAY,46023.24,PAID
7000010582,1000010582,20240903,CASH,36209.25,PAID
7000010583,1000010583,20250606,GATEWAY,33533.7,PAID
7000010584,1000010584,20250929,GATEWAY,37352.7,PAID
7000010585,1000010585,20240521,GATEWAY,49005.0,PAID
7000010586,1000010586,20250501,CARD,34122.0,PAID
7000010587,1000010587,20240522,CARD,29359.2,FAILED
7000010588,1000010588,20240614,CASH,18104.62,PAID
7000010589,1000010589,20240506,CARD,31029.0,PAID
7000010590,1000010590,20240416,GATEWAY,27336.0,PAID
7000010591,1000010591,20240405,CARD,55650.0,PAID
7000010592,1000010592,20241212,CARD,30492.0,REFUNDED
7000010593,1000010593,20250723,CASH,13068.0,PAID
7000010594,1000010594,20240729,CASH,26136.0,PAID
7000010595,1000010595,20241119,GATEWAY,24722.4,PAID
7000010596,1000010596,20240319,CARD,70035.69,PAID
7000010597,1000010597,20240320,CASH,28459.2,PAID
7000010598,1000010598,20240818,CARD,26513.28,PAID
7000010599,1000010599,20250611,CARD,72411.0,FAILED
7000010600,1000010600,20250304,CARD,14994.0,PAID
7000010601,1000010601,20241111,CARD,19650.0,PAID
7000010602,1000010602,20240813,CARD,54450.0,PAID
7000010603,1000010603,20241109,CARD,18442.5,PAID
7000010604,1000010604,20240412,GATEWAY,55350.0,PAID
7000010605,1000010605,20250424,CARD,12661.2,PAID
7000010606,1000010606,20241011,TRANSFER,19057.5,PAID
7000010607,1000010607,20250421,CARD,46938.0,PAID
7000010608,1000010608,20241005,CARD,25022.4,PAID
7000010609,1000010609,20250114,CASH,57172.5,FAILED
7000010610,1000010610,20240530,CARD,28488.0,PAID
7000010611,1000010611,20240907,CARD,70785.0,PAID
7000010612,1000010612,20250630,GATEWAY,78327.9,PAID
7000010613,1000010613,20250430,GATEWAY,16335.0,PAID
7000010614,1000010614,20240110,CARD,95759.4,PAID
7000010615,1000010615,20250719,GATEWAY,68355.0,PAID
7000010616,1000010616,20250118,CARD,80223.0,PAID
7000010617,1000010617,20250204,TRANSFER,17242.5,PAID
7000010618,1000010618,20250606,CARD,44460.0,PAID
7000010619,1000010619,20250323,CARD,52272.0,PAID
7000010620,1000010620,20240330,CARD,40104.0,REFUNDED
7000010621,1000010621,20250711,GATEWAY,26136.0,PAID
7000010622,1000010622,20250108,TRANSFER,79823.7,PAID
7000010623,1000010623,20250831,CARD,50205.0,PAID
7000010624,1000010624,20250117,GATEWAY,79888.8,PAID
7000010625,1000010625,20250926,GATEWAY,56929.05,PAID
7000010626,1000010626,20250415,TRANSFER,12414.6,PAID
7000010627,1000010627,20241212,GATEWAY,82575.0,PAID
7000010628,1000010628,20250728,GATEWAY,16141.08,PAID
7000010629,1000010629,20241025,GATEWAY,29959.2,REFUNDED
7000010630,1000010630,20241018,GATEWAY,58072.5,PAID
7000010631,1000010631,20240720,CASH,18150.0,PAID
7000010632,1000010632,20250513,CARD,14268.0,PAID
7000010633,1000010633,20241117,GATEWAY,42582.0,PAID
7000010634,1000010634,20240827,GATEWAY,73863.0,PAID
7000010635,1000010635,20240116,CARD,58377.42,PAID
7000010636,1000010636,20240425,CARD,42688.8,FAILED
7000010637,1000010637,20240701,TRANSFER,14520.0,PAID
7000010638,1000010638,20250507,CARD,44324.4,PAID
7000010639,1000010639,20250208,CARD,147752.7,PAID
7000010640,1000010640,20240820,CARD,26136.0,PAID
7000010641,1000010641,20240523,CASH,39204.0,PAID
7000010642,1000010642,20250706,CARD,15972.0,PAID
7000010643,1000010643,20250325,CASH,29040.0,PAID
7000010644,1000010644,20250604,CARD,12806.64,PAID
7000010645,1000010645,20240802,CARD,80694.9,PAID
7000010646,1000010646,20250120,CARD,57800.25,FAILED
7000010647,1000010647,20250603,CARD,50965.2,PAID
7000010648,1000010648,20240113,CARD,30240.0,PAID
7000010649,1000010649,20250306,CASH,95287.5,PAID
7000010650,1000010650,20240228,GATEWAY,77456.7,PAID
7000010651,1000010651,20240327,GATEWAY,43317.6,PAID
7000010652,1000010652,20250830,CARD,16441.08,PAID
7000010653,1000010653,20240602,CARD,13068.0,PAID
7000010654,1000010654,20241201,CARD,55350.0,PAID
7000010655,1000010655,20240828,CARD,91802.7,PAID
7000010656,1000010656,20250723,CARD,29040.0,PAID
7000010657,1000010657,20241006,CARD,56029.05,PAID
7000010658,1000010658,20250205,TRANSFER,43560.0,PAID
7000010659,1000010659,20250720,GATEWAY,40704.0,PAID
7000010660,1000010660,20240901,CASH,17242.5,PAID
7000010661,1000010661,20240321,CARD,43560.0,PAID
7000010662,1000010662,20240510,GATEWAY,13068.0,PENDING
7000010663,1000010663,20240126,GATEWAY,44324.4,FAILED
7000010664,1000010664,20250511,CARD,28459.2,PAID
7000010665,1000010665,20241221,CARD,15429.6,REFUNDED
7000010666,1000010666,20240521,GATEWAY,14694.0,PAID
7000010667,1000010667,20240802,CARD,41556.0,PAID
7000010668,1000010668,20250715,CASH,37933.5,PAID
7000010669,1000010669,20240502,CARD,42688.8,PAID
7000010670,1000010670,20250809,CARD,56439.0,PAID
7000010671,1000010671,20240309,CARD,63573.0,FAILED
7000010672,1000010672,20240302,CASH,13794.0,PAID
7000010673,1000010673,20250123,CARD,37500.0,PAID
7000010674,1000010674,20240803,CARD,35283.6,PAID
7000010675,1000010675,20240721,CARD,67109.62,PAID
7000010676,1000010676,20250813,GATEWAY,18987.0,PAID
7000010677,1000010677,20241205,CASH,34485.0,PAID
7000010678,1000010678,20240506,CARD,44460.0,PAID
7000010679,1000010679,20241218,TRANSFER,57034.56,PAID
7000010680,1000010680,20240127,CASH,24829.2,REFUNDED
7000010681,1000010681,20250614,CARD,15420.0,PAID
7000010682,1000010682,20250903,CARD,36300.0,PAID
7000010683,1000010683,20241125,CASH,39930.0,REFUNDED
7000010684,1000010684,20250601,CARD,17242.5,PAID
7000010685,1000010685,20240628,CARD,42282.0,PAID
7000010686,1000010686,20240825,CARD,29040.0,PAID
7000010687,1000010687,20240516,GATEWAY,27588.0,REFUNDED
7000010688,1000010688,20241227,CARD,13068.0,PAID
7000010689,1000010689,20241010,CARD,19350.0,PAID
7000010690,1000010690,20241219,CARD,28459.2,FAILED
7000010691,1000010691,20250908,CASH,15518.25,PAID
7000010692,1000010692,20240911,CARD,58128.0,PENDING
7000010693,1000010693,20250624,CARD,13968.0,PAID
7000010694,1000010694,20250220,CARD,54805.5,PAID
7000010695,1000010695,20240629,CASH,25613.28,PAID
7000010696,1000010696,20250821,CARD,27588.0,PAID
7000010697,1000010697,20250818,GATEWAY,90135.0,PAID
7000010698,1000010698,20241209,CARD,28488.0,PAID
7000010699,1000010699,20240928,GATEWAY,78093.0,PAID
7000010700,1000010700,20240921,GATEWAY,30167.4,PAID
7000010701,1000010701,20241221,CARD,72411.0,PAID
7000010702,1000010702,20250926,CARD,47190.0,PAID
7000010703,1000010703,20240421,CARD,32670.0,PAID
7000010704,1000010704,20250424,CARD,100789.05,PAID
7000010705,1000010705,20250522,CARD,68879.25,PAID
7000010706,1000010706,20250530,CARD,45723.24,PAID
7000010707,1000010707,20241212,CASH,53361.0,PAID
7000010708,1000010708,20250718,CASH,28967.4,PAID
7000010709,1000010709,20250103,CASH,29403.0,PAID
7000010710,1000010710,20241218,CARD,16008.3,PAID
7000010711,1000010711,20250124,CARD,39204.0,PAID
7000010712,1000010712,20250524,CARD,45102.75,PAID
7000010713,1000010713,20240623,GATEWAY,123231.0,REFUNDED
7000010714,1000010714,20240204,CARD,61095.0,PAID
7000010715,1000010715,20250106,CASH,51727.5,REFUNDED
7000010716,1000010716,20240105,CARD,13794.0,PAID
7000010717,1000010717,20250816,CASH,71692.5,REFUNDED
7000010718,1000010718,20250913,CARD,37109.25,FAILED
7000010719,1000010719,20240525,CASH,13794.0,FAILED
7000010720,1000010720,20240812,GATEWAY,28459.2,PAID
7000010721,1000010721,20250623,GATEWAY,18687.0,PAID
7000010722,1000010722,20240925,GATEWAY,15294.0,PAID
7000010723,1000010723,20250808,CARD,50205.0,PAID
7000010724,1000010724,20250908,GATEWAY,59597.1,PAID
7000010725,1000010725,20241217,CARD,49433.1,PAID
7000010726,1000010726,20240109,CARD,53361.0,PAID
7000010727,1000010727,20250620,GATEWAY,13706.64,PAID
7000010728,1000010728,20250523,CARD,11761.2,FAILED
7000010729,1000010729,20241001,TRANSFER,32670.0,PAID
7000010730,1000010730,20240202,CARD,30167.4,PAID
7000010731,1000010731,20250908,CARD,14520.0,PENDING
7000010732,1000010732,20250315,CASH,17968.5,PAID
7000010733,1000010733,20250106,CARD,55350.0,PAID
7000010734,1000010734,20240602,CASH,12414.6,PAID
7000010735,1000010735,20240421,TRANSFER,11761.2,FAILED
7000010736,1000010736,20240301,CASH,45738.0,PAID
7000010737,1000010737,20250329,CARD,43560.0,PAID
7000010738,1000010738,20241019,GATEWAY,52927.5,PAID
7000010739,1000010739,20241126,GATEWAY,38115.0,PAID
7000010740,1000010740,20240619,GATEWAY,47454.75,PAID
7000010741,1000010741,20250703,GATEWAY,17242.5,FAILED
7000010742,1000010742,20240606,CASH,50638.5,PAID
7000010743,1000010743,20240807,GATEWAY,114345.0,PAID
7000010744,1000010744,20250423,CARD,50626.08,PAID
7000010745,1000010745,20241009,CARD,93402.0,PAID
7000010746,1000010746,20240109,CARD,62073.0,PENDING
7000010747,1000010747,20250323,CARD,16008.3,FAILED
7000010748,1000010748,20250113,CARD,38443.8,PAID
7000010749,1000010749,20250323,CARD,36774.0,PAID
7000010750,1000010750,20250305,GATEWAY,35803.5,PENDING
7000010751,1000010751,20240316,CARD,16008.3,FAILED
7000010752,1000010752,20240626,CARD,55350.0,PAID
7000010753,1000010753,20240123,CARD,82537.41,FAILED
7000010754,1000010754,20250121,GATEWAY,24422.4,REFUNDED
7000010755,1000010755,20240420,CARD,18442.5,PAID
7000010756,1000010756,20250204,GATEWAY,34485.0,PAID
7000010757,1000010757,20240529,CARD,27515.4,PAID
7000010758,1000010758,20250430,CARD,61095.0,PAID
7000010759,1000010759,20250204,GATEWAY,44624.4,PAID
7000010760,1000010760,20250207,CARD,42582.0,REFUNDED
7000010761,1000010761,20250214,GATEWAY,122950.2,PAID
7000010762,1000010762,20250712,GATEWAY,68282.4,PAID
7000010763,1000010763,20240423,CASH,36209.25,PAID
7000010764,1000010764,20250110,CARD,24829.2,FAILED
7000010765,1000010765,20240801,GATEWAY,49224.9,REFUNDED
7000010766,1000010766,20240613,GATEWAY,85842.0,PAID
7000010767,1000010767,20240306,CARD,14701.5,PAID
7000010768,1000010768,20250106,CARD,63162.0,PAID
7000010769,1000010769,20250401,CARD,48714.6,PAID
7000010770,1000010770,20250123,CARD,14994.0,PAID
7000010771,1000010771,20250128,CASH,53905.5,PAID
7000010772,1000010772,20240811,GATEWAY,37500.0,PAID
7000010773,1000010773,20240202,CARD,46554.75,PAID
7000010774,1000010774,20240430,CASH,53687.7,PENDING
7000010775,1000010775,20240215,GATEWAY,21165.0,PAID
7000010776,1000010776,20241027,CARD,59532.0,FAILED
7000010777,1000010777,20250928,CARD,15420.0,PENDING
7000010778,1000010778,20240216,GATEWAY,54261.0,PAID
7000010779,1000010779,20240922,CARD,13614.6,PAID
7000010780,1000010780,20240912,GATEWAY,30240.0,PAID
7000010781,1000010781,20250831,CASH,14229.6,PAID
7000010782,1000010782,20241220,CARD,16872.0,PAID
7000010783,1000010783,20250426,GATEWAY,82792.8,PAID
7000010784,1000010784,20250302,TRANSFER,34485.0,PAID
7000010785,1000010785,20250731,GATEWAY,58951.2,PAID
7000010786,1000010786,20241016,GATEWAY,29959.2,PAID
7000010787,1000010787,20240829,CASH,43560.0,PAID
7000010788,1000010788,20250619,CARD,28642.8,PAID
7000010789,1000010789,20240922,CASH,14229.6,REFUNDED
7000010790,1000010790,20250301,CARD,132052.14,PAID
7000010791,1000010791,20241019,GATEWAY,14268.0,PAID
7000010792,1000010792,20250618,CASH,36209.25,PAID
7000010793,1000010793,20240404,CARD,52927.5,PAID
7000010794,1000010794,20250811,CASH,31036.5,PAID
7000010795,1000010795,20241030,GATEWAY,12961.2,PAID
7000010796,1000010796,20250223,CARD,33570.0,PAID
7000010797,1000010797,20240722,GATEWAY,31382.16,PAID
7000010798,1000010798,20240522,CARD,124146.0,PAID
7000010799,1000010799,20240528,CARD,19565.7,PAID
7000010800,1000010800,20240212,CASH,32670.0,FAILED
7000010801,1000010801,20240222,CARD,27442.8,PAID
7000010802,1000010802,20241231,CARD,35385.0,FAILED
7000010803,1000010803,20240820,GATEWAY,36474.0,PAID
7000010804,1000010804,20240128,CARD,73800.0,PAID
7000010805,1000010805,20240617,GATEWAY,17235.0,PAID
7000010806,1000010806,20240530,CARD,40104.0,PAID
7000010807,1000010807,20240602,GATEWAY,47201.7,PAID
7000010808,1000010808,20241105,GATEWAY,85188.6,PAID
7000010809,1000010809,20240126,CARD,44188.8,PAID
7000010810,1000010810,20250714,CARD,18150.0,PAID
7000010811,1000010811,20240315,CARD,43888.8,PAID
7000010812,1000010812,20250103,CARD,28749.6,PAID
7000010813,1000010813,20240625,CARD,15429.6,PAID
7000010814,1000010814,20241227,CARD,17787.0,REFUNDED
7000010815,1000010815,20250510,CARD,17151.75,PAID
7000010816,1000010816,20250412,CASH,77754.6,PAID
7000010817,1000010817,20250417,CARD,42180.6,PAID
7000010818,1000010818,20250216,CARD,17242.5,PAID
7000010819,1000010819,20250508,CARD,28749.6,PAID
7000010820,1000010820,20250117,CASH,81901.88,PAID
7000010821,1000010821,20250923,GATEWAY,31082.16,PAID
7000010822,1000010822,20240401,CARD,12961.2,PAID
7000010823,1000010823,20250814,CASH,45992.1,FAILED
7000010824,1000010824,20250904,CARD,17208.3,PAID
7000010825,1000010825,20250409,CARD,42582.0,PAID
7000010826,1000010826,20250516,CASH,39204.0,PAID
7000010827,1000010827,20240228,CARD,91675.65,PAID
7000010828,1000010828,20250402,GATEWAY,37200.0,PAID
7000010829,1000010829,20241215,CARD,13068.0,PAID
7000010830,1000010830,20240228,CARD,72665.62,PAID
7000010831,1000010831,20250321,CASH,32670.0,PAID
7000010832,1000010832,20240111,CARD,40104.0,PAID
7000010833,1000010833,20250423,CASH,93663.08,PAID
7000010834,1000010834,20250128,CARD,31246.8,PAID
7000010835,1000010835,20250730,CASH,45738.0,PAID
7000010836,1000010836,20250113,CARD,16852.56,FAILED
7000010837,1000010837,20250217,CASH,14701.5,PAID
7000010838,1000010838,20241205,TRANSFER,24829.2,PAID
7000010839,1000010839,20250530,CARD,15221.4,PAID
7000010840,1000010840,20240215,GATEWAY,36474.0,PAID
7000010841,1000010841,20240527,CARD,31036.5,PAID
7000010842,1000010842,20250307,TRANSFER,28459.2,PAID
7000010843,1000010843,20240607,CARD,17535.0,FAILED
7000010844,1000010844,20240318,GATEWAY,18687.0,PAID
7000010845,1000010845,20250616,CARD,35685.0,PAID
7000010846,1000010846,20250819,CARD,38252.7,PAID
7000010847,1000010847,20240226,CARD,54561.0,PAID
7000010848,1000010848,20240928,CARD,67518.0,PAID
7000010849,1000010849,20240729,CARD,32844.0,PAID
7000010850,1000010850,20241006,CARD,18987.0,PAID
7000010851,1000010851,20240102,GATEWAY,69144.0,PAID
7000010852,1000010852,20250925,CARD,16020.0,PAID
7000010853,1000010853,20241201,CARD,15420.0,PAID
7000010854,1000010854,20240123,GATEWAY,43124.4,PAID
7000010855,1000010855,20250823,TRANSFER,15246.0,PAID
7000010856,1000010856,20250521,CARD,52927.5,PAID
7000010857,1000010857,20250521,GATEWAY,49905.0,PAID
7000010858,1000010858,20250624,TRANSFER,12414.6,PAID
7000010859,1000010859,20250716,TRANSFER,46554.75,PAID
7000010860,1000010860,20240526,CASH,47190.0,PAID
7000010861,1000010861,20250119,CARD,55650.0,PAID
7000010862,1000010862,20240701,CARD,68473.5,PAID
7000010863,1000010863,20250713,CARD,32481.0,PAID
7000010864,1000010864,20250504,CARD,16908.3,PAID
7000010865,1000010865,20240802,CARD,49005.0,PAID
7000010866,1000010866,20250621,CARD,51037.56,PAID
7000010867,1000010867,20250313,CARD,53361.0,PAID
7000010868,1000010868,20240925,CARD,46323.24,PAID
7000010869,1000010869,20241212,GATEWAY,64062.0,PAID
7000010870,1000010870,20250704,GATEWAY,55105.5,PAID
7000010871,1000010871,20240709,CASH,13794.0,PAID
7000010872,1000010872,20250119,TRANSFER,14229.6,PAID
7000010873,1000010873,20250118,CARD,45433.08,PAID
7000010874,1000010874,20250914,CARD,58100.25,PAID
7000010875,1000010875,20250702,CASH,39204.0,PAID
7000010876,1000010876,20241118,GATEWAY,93765.0,PAID
7000010877,1000010877,20240307,GATEWAY,27036.0,FAILED
7000010878,1000010878,20250726,CASH,42144.3,PAID
7000010879,1000010879,20250908,CARD,89406.9,PAID
7000010880,1000010880,20240609,GATEWAY,20465.7,PAID
7000010881,1000010881,20250625,CARD,75794.4,REFUNDED
7000010882,1000010882,20241125,CARD,27588.0,PENDING
7000010883,1000010883,20250705,CARD,50631.0,PAID
7000010884,1000010884,20250411,GATEWAY,38852.7,PAID
7000010885,1000010885,20250930,GATEWAY,37500.0,REFUNDED
7000010886,1000010886,20250122,GATEWAY,39919.92,PAID
7000010887,1000010887,20250109,CARD,43560.0,PAID
7000010888,1000010888,20240615,CARD,35574.0,PAID
7000010889,1000010889,20240229,CARD,64362.0,PAID
7000010890,1000010890,20250415,GATEWAY,67207.92,PAID
7000010891,1000010891,20241213,TRANSFER,39204.0,PAID
7000010892,1000010892,20240411,CARD,59749.8,PAID
7000010893,1000010893,20250623,CASH,26136.0,PAID
7000010894,1000010894,20240911,CASH,17787.0,FAILED
7000010895,1000010895,20240102,CARD,52627.5,PAID
7000010896,1000010896,20250217,GATEWAY,15652.56,PAID
7000010897,1000010897,20240404,GATEWAY,47454.75,PAID
7000010898,1000010898,20250810,CARD,16335.0,PAID
7000010899,1000010899,20250416,GATEWAY,19004.62,PAID
7000010900,1000010900,20250119,CASH,28459.2,PAID
7000010901,1000010901,20240503,GATEWAY,50505.0,REFUNDED
7000010902,1000010902,20240117,CARD,44460.0,PAID
7000010903,1000010903,20240211,TRANSFER,58544.64,PAID
7000010904,1000010904,20250703,CARD,13968.0,PENDING
7000010905,1000010905,20240101,CARD,33870.0,PAID
7000010906,1000010906,20240706,CARD,32016.6,PAID
7000010907,1000010907,20250202,CARD,66540.0,PAID
7000010908,1000010908,20240509,CASH,13068.0,PAID
7000010909,1000010909,20241228,TRANSFER,65703.0,PAID
7000010910,1000010910,20250617,GATEWAY,81349.88,PAID
7000010911,1000010911,20250703,CASH,30564.6,PAID
7000010912,1000010912,20240610,CARD,82239.75,PAID
7000010913,1000010913,20240624,GATEWAY,30121.5,PAID
7000010914,1000010914,20240827,CASH,26136.0,PAID
7000010915,1000010915,20240914,CARD,40031.4,FAILED
7000010916,1000010916,20240522,CARD,84690.0,PAID
7000010917,1000010917,20240127,CARD,13068.0,PAID
7000010918,1000010918,20240531,GATEWAY,33216.6,PAID
7000010919,1000010919,20240607,CARD,100460.25,PAID
7000010920,1000010920,20240609,CARD,58072.5,PAID
7000010921,1000010921,20250515,GATEWAY,52927.5,PAID
7000010922,1000010922,20250904,CASH,52998.0,PAID
7000010923,1000010923,20240826,GATEWAY,30240.0,PAID
7000010924,1000010924,20240421,TRANSFER,29403.0,PAID
7000010925,1000010925,20240515,CARD,35385.0,PAID
7000010926,1000010926,20250227,CARD,41382.0,REFUNDED
7000010927,1000010927,20240313,CASH,32670.0,PAID
7000010928,1000010928,20241028,CARD,20465.7,PAID
7000010929,1000010929,20250522,CARD,108754.8,PAID
7000010930,1000010930,20250918,CARD,33870.0,PAID
7000010931,1000010931,20250821,CARD,38115.0,PAID
7000010932,1000010932,20241219,GATEWAY,40830.0,PAID
7000010933,1000010933,20240111,TRANSFER,14701.5,PAID
7000010934,1000010934,20250328,CARD,16073.4,REFUNDED
7000010935,1000010935,20250630,CARD,39919.92,FAILED
7000010936,1000010936,20250119,CARD,96732.0,REFUNDED
7000010937,1000010937,20241021,CARD,95695.88,PAID
7000010938,1000010938,20250408,CARD,16335.0,FAILED
7000010939,1000010939,20240226,GATEWAY,128839.88,PAID
7000010940,1000010940,20240325,CARD,15129.6,FAILED
7000010941,1000010941,20241106,GATEWAY,12414.6,FAILED
7000010942,1000010942,20241025,GATEWAY,72883.95,PAID
7000010943,1000010943,20240722,CARD,13068.0,PAID
7000010944,1000010944,20250316,CARD,44286.0,PAID
7000010945,1000010945,20250517,CARD,36300.0,PAID
7000010946,1000010946,20241112,CARD,27036.0,PAID
7000010947,1000010947,20240429,CASH,91385.25,PAID
7000010948,1000010948,20240831,CARD,44104.5,FAILED
7000010949,1000010949,20241204,CASH,23522.4,PAID
7000010950,1000010950,20250919,CARD,37500.0,REFUNDED
7000010951,1000010951,20250327,GATEWAY,26329.2,PAID
7000010952,1000010952,20250911,GATEWAY,76077.3,PAID
7000010953,1000010953,20250630,CASH,90931.5,REFUNDED
7000010954,1000010954,20240217,CASH,30129.0,FAILED
7000010955,1000010955,20250912,GATEWAY,18687.0,PAID
7000010956,1000010956,20250326,GATEWAY,63174.99,PAID
7000010957,1000010957,20240315,TRANSFER,27588.0,PAID
7000010958,1000010958,20241015,CASH,16008.3,PAID
7000010959,1000010959,20241027,CARD,45520.2,PAID
7000010960,1000010960,20241104,CARD,29040.0,FAILED
7000010961,1000010961,20250119,CARD,43124.4,PAID
7000010962,1000010962,20250713,CARD,33507.0,PAID
7000010963,1000010963,20250723,CARD,43588.8,PAID
7000010964,1000010964,20250613,GATEWAY,37200.0,PAID
7000010965,1000010965,20250107,CASH,35283.6,PAID
7000010966,1000010966,20250728,GATEWAY,35385.0,PAID
7000010967,1000010967,20240823,CASH,77137.5,PAID
7000010968,1000010968,20241212,CASH,32670.0,PAID
7000010969,1000010969,20240728,CARD,86357.7,PAID
7000010970,1000010970,20250529,CASH,13794.0,PENDING
7000010971,1000010971,20241224,CASH,14229.6,PAID
7000010972,1000010972,20240214,CASH,54450.0,PAID
7000010973,1000010973,20250217,GATEWAY,52237.8,PAID
7000010974,1000010974,20240506,GATEWAY,28488.0,PAID
7000010975,1000010975,20250128,GATEWAY,15420.0,PAID
7000010976,1000010976,20250402,TRANSFER,87512.04,PAID
7000010977,1000010977,20240715,GATEWAY,119356.5,PAID
7000010978,1000010978,20240402,CARD,14229.6,PAID
7000010979,1000010979,20240709,CARD,29659.2,PAID
7000010980,1000010980,20250202,TRANSFER,87210.75,PAID
7000010981,1000010981,20250204,GATEWAY,54786.06,PAID
7000010982,1000010982,20250610,CASH,17242.5,PAID
7000010983,1000010983,20241113,CARD,35385.0,PAID
7000010984,1000010984,20240308,CARD,62363.4,PAID
7000010985,1000010985,20240120,CARD,14229.6,PAID
7000010986,1000010986,20250324,CARD,104355.0,PAID
7000010987,1000010987,20240625,CARD,16718.25,PAID
7000010988,1000010988,20240402,CASH,57172.5,FAILED
7000010989,1000010989,20240703,CASH,14520.0,PAID
7000010990,1000010990,20250424,CARD,36474.0,PAID
7000010991,1000010991,20241201,CARD,60768.3,PAID
7000010992,1000010992,20240528,CASH,27588.0,PAID
7000010993,1000010993,20250216,CARD,80041.5,PAID
7000010994,1000010994,20250829,CARD,27636.0,PAID
7000010995,1000010995,20241010,CARD,82764.0,PAID
7000010996,1000010996,20240104,CARD,29940.0,PAID
7000010997,1000010997,20240516,GATEWAY,52687.92,REFUNDED
7000010998,1000010998,20250909,GATEWAY,84372.9,PAID
7000010999,1000010999,20241001,CARD,82393.5,PAID
7000011000,1000011000,20250624,CARD,17835.0,PAID
7000011001,1000011001,20241108,CARD,84324.9,PAID
7000011002,1000011002,20250226,CARD,77591.25,PAID
7000011003,1000011003,20250902,CASH,18150.0,PAID
7000011004,1000011004,20240223,CARD,47454.75,FAILED
7000011005,1000011005,20250316,GATEWAY,88172.7,PAID
7000011006,1000011006,20240525,CASH,49005.0,PAID
7000011007,1000011007,20250424,CARD,30240.0,PAID
7000011008,1000011008,20240220,GATEWAY,43888.8,PAID
7000011009,1000011009,20250728,CASH,27588.0,PAID
7000011010,1000011010,20240207,CARD,54450.0,PAID
7000011011,1000011011,20240609,CARD,13614.6,PAID
7000011012,1000011012,20250811,CARD,43888.8,PAID
7000011013,1000011013,20240410,CARD,13068.0,PAID
7000011014,1000011014,20241206,GATEWAY,32236.5,PAID
7000011015,1000011015,20250712,CARD,14006.64,PAID
7000011016,1000011016,20250112,GATEWAY,64734.6,PAID
7000011017,1000011017,20250821,TRANSFER,42688.8,REFUNDED
7000011018,1000011018,20250520,TRANSFER,36300.0,PAID
7000011019,1000011019,20250128,CARD,15420.0,PAID
7000011020,1000011020,20250601,CASH,76230.0,PAID
7000011021,1000011021,20240902,CARD,32781.0,PAID
7000011022,1000011022,20241010,CASH,26136.0,PAID
7000011023,1000011023,20250125,GATEWAY,49905.0,FAILED
7000011024,1000011024,20240316,CARD,32670.0,PAID
7000011025,1000011025,20250723,CARD,68657.82,PAID
7000011026,1000011026,20240623,CASH,18150.0,PAID
7000011027,1000011027,20250213,CARD,43588.8,PENDING
7000011028,1000011028,20240209,CARD,86205.0,PAID
7000011029,1000011029,20240903,GATEWAY,29659.2,PAID
7000011030,1000011030,20240726,CARD,15129.6,FAILED
7000011031,1000011031,20250830,GATEWAY,28289.4,PAID
7000011032,1000011032,20240106,GATEWAY,69952.2,PAID
7000011033,1000011033,20241022,GATEWAY,35385.0,PAID
7000011034,1000011034,20240119,CARD,30670.68,FAILED
7000011035,1000011035,20240723,CARD,15294.0,PAID
7000011036,1000011036,20250817,CASH,59212.56,PAID
7000011037,1000011037,20250908,CASH,36209.25,PAID
7000011038,1000011038,20240905,GATEWAY,78791.25,PAID
7000011039,1000011039,20240824,GATEWAY,40404.0,PAID
7000011040,1000011040,20241031,CASH,14520.0,PAID
7000011041,1000011041,20241203,CASH,13068.0,PAID
7000011042,1000011042,20240924,CARD,36209.25,PAID
7000011043,1000011043,20250120,CASH,105034.05,PAID
7000011044,1000011044,20240517,GATEWAY,61913.28,PAID
7000011045,1000011045,20240123,CARD,49005.0,PAID
7000011046,1000011046,20240402,CARD,19287.0,PAID
7000011047,1000011047,20250210,CARD,18687.0,PAID
7000011048,1000011048,20241125,CARD,54861.0,PAID
7000011049,1000011049,20241006,CARD,15901.5,PAID
7000011050,1000011050,20240819,CARD,39204.0,PAID
7000011051,1000011051,20250105,CARD,93946.5,PAID
7000011052,1000011052,20250821,CARD,29359.2,PAID
7000011053,1000011053,20250101,CARD,39204.0,PAID
7000011054,1000011054,20240203,GATEWAY,99890.1,PAID
7000011055,1000011055,20240531,CASH,27588.0,PAID
7000011056,1000011056,20240407,GATEWAY,64207.2,FAILED
7000011057,1000011057,20240417,CARD,16872.0,PAID
7000011058,1000011058,20250715,TRANSFER,31036.5,PAID
7000011059,1000011059,20241231,CARD,37500.0,PAID
7000011060,1000011060,20240112,CARD,29403.0,REFUNDED
7000011061,1000011061,20240802,CARD,13068.0,PAID
7000011062,1000011062,20250715,CASH,34485.0,PAID
7000011063,1000011063,20240721,GATEWAY,58072.5,PAID
7000011064,1000011064,20240701,CARD,15129.6,PAID
7000011065,1000011065,20250131,GATEWAY,89835.0,PAID
7000011066,1000011066,20250804,CARD,30303.0,PAID
7000011067,1000011067,20241215,CARD,63273.0,PAID
7000011068,1000011068,20250601,GATEWAY,55650.0,PAID
7000011069,1000011069,20240203,CARD,24829.2,FAILED
7000011070,1000011070,20240305,CARD,17242.5,PAID
7000011071,1000011071,20250926,CARD,38115.0,PAID
7000011072,1000011072,20250311,GATEWAY,70170.0,FAILED
7000011073,1000011073,20250309,CASH,37243.8,PAID
7000011074,1000011074,20240827,CARD,17835.0,PAID
7000011075,1000011075,20240720,CASH,41382.0,PAID
7000011076,1000011076,20240516,CARD,78945.0,PAID
7000011077,1000011077,20240401,CASH,29040.0,PAID
7000011078,1000011078,20250318,GATEWAY,29040.0,PAID
7000011079,1000011079,20240303,CARD,36474.0,PAID
7000011080,1000011080,20250618,CARD,30167.4,PAID
7000011081,1000011081,20250212,GATEWAY,27036.0,PAID
7000011082,1000011082,20240619,CARD,62438.1,PAID
7000011083,1000011083,20250606,CARD,16146.0,FAILED
7000011084,1000011084,20250411,CARD,94309.5,PAID
7000011085,1000011085,20240511,GATEWAY,109444.5,FAILED
7000011086,1000011086,20250101,GATEWAY,14268.0,PAID
7000011087,1000011087,20250323,GATEWAY,97332.0,FAILED
7000011088,1000011088,20241107,CARD,54450.0,PAID
7000011089,1000011089,20240331,CARD,37243.8,PAID
7000011090,1000011090,20240104,CASH,17242.5,PAID
7000011091,1000011091,20250823,TRANSFER,37352.7,PAID
7000011092,1000011092,20240226,CARD,17235.0,PAID
7000011093,1000011093,20241211,CASH,54450.0,PAID
7000011094,1000011094,20241226,CARD,29040.0,PAID
7000011095,1000011095,20250824,GATEWAY,25729.2,PAID
7000011096,1000011096,20241009,GATEWAY,14229.6,PAID
7000011097,1000011097,20250823,CASH,14520.0,PAID
7000011098,1000011098,20240131,GATEWAY,33870.0,PAID
7000011099,1000011099,20250426,CARD,18150.0,PAID
7000011100,1000011100,20241113,GATEWAY,29659.2,PAID
7000011101,1000011101,20250524,CARD,17152.56,PAID
7000011102,1000011102,20241224,CARD,47238.0,PAID
7000011103,1000011103,20240323,CARD,69841.2,PAID
7000011104,1000011104,20240901,GATEWAY,72711.0,FAILED
7000011105,1000011105,20241215,GATEWAY,27762.0,PAID
7000011106,1000011106,20240819,CARD,29040.0,PAID
7000011107,1000011107,20240529,TRANSFER,26136.0,PAID
7000011108,1000011108,20241103,GATEWAY,13968.0,PAID
7000011109,1000011109,20250529,GATEWAY,53361.0,PAID
7000011110,1000011110,20240701,CASH,28459.2,PAID
7000011111,1000011111,20250914,CARD,106333.88,FAILED
7000011112,1000011112,20250118,CARD,34170.0,PAID
7000011113,1000011113,20250603,CARD,15652.56,PAID
7000011114,1000011114,20240912,CARD,18987.0,PAID
7000011115,1000011115,20250823,TRANSFER,34485.0,PAID
7000011116,1000011116,20241218,CASH,91040.4,PAID
7000011117,1000011117,20250330,CASH,124327.5,PAID
7000011118,1000011118,20240213,GATEWAY,15129.6,FAILED
7000011119,1000011119,20240620,GATEWAY,54561.0,PAID
7000011120,1000011120,20250224,GATEWAY,62865.15,PAID
7000011121,1000011121,20250807,CASH,51727.5,PAID
7000011122,1000011122,20250809,CARD,53227.5,PAID
7000011123,1000011123,20240511,GATEWAY,67111.2,PAID
7000011124,1000011124,20240401,CARD,13706.64,PAID
7000011125,1000011125,20240921,CARD,26136.0,PAID
7000011126,1000011126,20241031,CARD,63525.0,FAILED
7000011127,1000011127,20240225,CASH,53361.0,PAID
7000011128,1000011128,20250411,CARD,107583.12,PAID
7000011129,1000011129,20241217,CARD,62002.5,PAID
7000011130,1000011130,20240502,GATEWAY,47857.68,PAID
7000011131,1000011131,20250927,CARD,45060.0,FAILED
7000011132,1000011132,20240307,GATEWAY,49905.0,PAID
7000011133,1000011133,20250412,CARD,13721.4,PAID
7000011134,1000011134,20250503,CARD,49005.0,PAID
7000011135,1000011135,20240130,CARD,50205.0,PAID
7000011136,1000011136,20250207,CASH,19565.7,PAID
7000011137,1000011137,20241228,CARD,30240.0,PAID
7000011138,1000011138,20250906,GATEWAY,78504.48,PAID
7000011139,1000011139,20250625,CARD,30303.0,PAID
7000011140,1000011140,20250727,GATEWAY,99326.16,PAID
7000011141,1000011141,20250513,GATEWAY,55405.5,PAID
7000011142,1000011142,20250626,CARD,54450.0,PAID
7000011143,1000011143,20241127,CARD,14701.5,PAID
7000011144,1000011144,20250919,CASH,84942.0,PAID
7000011145,1000011145,20250121,CASH,88971.3,FAILED
7000011146,1000011146,20250715,GATEWAY,70723.05,FAILED
7000011147,1000011147,20241020,CARD,44460.0,PAID
7000011148,1000011148,20240807,CARD,43197.0,PAID
7000011149,1000011149,20240813,CARD,16418.25,PAID
7000011150,1000011150,20250313,CARD,16908.3,PAID
7000011151,1000011151,20241120,GATEWAY,18142.5,REFUNDED
7000011152,1000011152,20250912,CASH,59023.8,PAID
7000011153,1000011153,20240125,CARD,41164.2,PAID
7000011154,1000011154,20240802,CARD,11761.2,PAID
7000011155,1000011155,20250815,CASH,34303.5,PAID
7000011156,1000011156,20241008,GATEWAY,12961.2,PAID
7000011157,1000011157,20240109,GATEWAY,58100.25,PAID
7000011158,1000011158,20241025,CARD,36774.0,PAID
7000011159,1000011159,20250506,TRANSFER,39204.0,PAID
7000011160,1000011160,20240804,TRANSFER,29882.16,PAID
7000011161,1000011161,20250430,GATEWAY,53578.8,PENDING
7000011162,1000011162,20240205,CARD,56811.6,PAID
7000011163,1000011163,20240317,CARD,30603.0,PAID
7000011164,1000011164,20250220,CARD,14229.6,PAID
7000011165,1000011165,20250125,GATEWAY,16441.08,FAILED
7000011166,1000011166,20241002,CARD,18142.5,PAID
7000011167,1000011167,20240526,CASH,37352.7,PAID
7000011168,1000011168,20240823,CARD,26136.0,REFUNDED
7000011169,1000011169,20240809,TRANSFER,35574.0,PAID
7000011170,1000011170,20250808,CARD,62345.25,PAID
7000011171,1000011171,20250819,GATEWAY,35385.0,PAID
7000011172,1000011172,20241212,GATEWAY,20765.7,PAID
7000011173,1000011173,20241009,GATEWAY,29940.0,PAID
7000011174,1000011174,20240908,CARD,27588.0,PAID
7000011175,1000011175,20250220,GATEWAY,61172.52,PAID
7000011176,1000011176,20240426,GATEWAY,45132.6,FAILED
7000011177,1000011177,20241026,GATEWAY,30167.4,PAID
7000011178,1000011178,20240713,CASH,77289.96,FAILED
7000011179,1000011179,20240829,CARD,74680.8,PAID
7000011180,1000011180,20250313,CARD,19350.0,PAID
7000011181,1000011181,20240716,CARD,15173.4,FAILED
7000011182,1000011182,20250404,GATEWAY,52955.25,PAID
7000011183,1000011183,20241011,CARD,27336.0,PAID
7000011184,1000011184,20241214,CARD,98064.45,FAILED
7000011185,1000011185,20250122,CARD,16335.0,PAID
7000011186,1000011186,20250815,GATEWAY,41382.0,PAID
7000011187,1000011187,20240127,GATEWAY,17535.0,PAID
7000011188,1000011188,20241212,CASH,54087.0,PAID
7000011189,1000011189,20250503,GATEWAY,29040.0,PAID
7000011190,1000011190,20240801,TRANSFER,43451.1,PAID
7000011191,1000011191,20250626,CARD,26029.2,REFUNDED
7000011192,1000011192,20240229,CARD,54805.5,FAILED
7000011193,1000011193,20250103,CARD,41164.2,PAID
7000011194,1000011194,20240323,CARD,14694.0,PAID
7000011195,1000011195,20250425,GATEWAY,92068.5,PAID
7000011196,1000011196,20250410,CASH,41382.0,FAILED
7000011197,1000011197,20240608,CARD,53227.5,PAID
7000011198,1000011198,20241020,CASH,17968.5,PAID
7000011199,1000011199,20250215,CARD,40704.0,PAID
7000011200,1000011200,20240723,CARD,57229.05,PAID
7000011201,1000011201,20250207,CASH,26136.0,PAID
7000011202,1000011202,20241204,CARD,17787.0,PAID
7000011203,1000011203,20240909,CARD,38419.92,PAID
7000011204,1000011204,20250422,GATEWAY,32670.0,PAID
7000011205,1000011205,20250214,CARD,13068.0,PAID
7000011206,1000011206,20241010,GATEWAY,50505.0,PAID
7000011207,1000011207,20250119,CARD,16335.0,PAID
7000011208,1000011208,20250327,CARD,28459.2,PAID
7000011209,1000011209,20250726,CARD,18351.75,PAID
7000011210,1000011210,20250324,CARD,110261.25,PAID
7000011211,1000011211,20250522,CARD,49116.0,PAID
7000011212,1000011212,20240126,CASH,14520.0,REFUNDED
7000011213,1000011213,20250627,CARD,27336.0,PAID
7000011214,1000011214,20240912,CARD,13614.6,PAID
7000011215,1000011215,20241215,CARD,72048.0,PAID
7000011216,1000011216,20250522,GATEWAY,72919.2,PAID
7000011217,1000011217,20250316,TRANSFER,37352.7,PAID
7000011218,1000011218,20240206,CARD,29040.0,PAID
7000011219,1000011219,20240321,CASH,17968.5,FAILED
7000011220,1000011220,20240928,CARD,87475.5,PAID
7000011221,1000011221,20241109,GATEWAY,100299.0,PAID
7000011222,1000011222,20250118,TRANSFER,54313.88,PAID
7000011223,1000011223,20240228,GATEWAY,52627.5,PAID
7000011224,1000011224,20250203,GATEWAY,44351.1,PAID
7000011225,1000011225,20250112,GATEWAY,77367.0,PAID
7000011226,1000011226,20250524,CARD,80215.5,PAID
7000011227,1000011227,20240608,CARD,54450.0,PAID
7000011228,1000011228,20250516,CASH,115855.08,PAID
7000011229,1000011229,20250601,CASH,29040.0,PAID
7000011230,1000011230,20240621,CASH,41382.0,PAID
7000011231,1000011231,20250727,CARD,59786.1,PAID
7000011232,1000011232,20250813,CASH,80223.0,FAILED
7000011233,1000011233,20250816,CARD,11761.2,PAID
7000011234,1000011234,20240126,CARD,38552.7,PAID
7000011235,1000011235,20250813,CARD,46957.68,PAID
7000011236,1000011236,20240304,GATEWAY,37137.0,FAILED
7000011237,1000011237,20240705,CASH,108754.8,PAID
7000011238,1000011238,20250804,CARD,16852.56,PAID
7000011239,1000011239,20240821,CASH,49731.0,PAID
7000011240,1000011240,20240612,CARD,14229.6,FAILED
7000011241,1000011241,20250612,CASH,120516.0,PAID
7000011242,1000011242,20240113,CARD,15246.0,PAID
7000011243,1000011243,20240629,CASH,32670.0,FAILED
7000011244,1000011244,20250706,CASH,16335.0,PAID
7000011245,1000011245,20250804,CARD,14694.0,PAID
7000011246,1000011246,20240603,GATEWAY,30094.8,PAID
7000011247,1000011247,20240208,CARD,87112.5,PAID
7000011248,1000011248,20240229,CARD,79308.0,PAID
7000011249,1000011249,20250827,CARD,54805.5,PAID
7000011250,1000011250,20250304,GATEWAY,19650.0,PAID
7000011251,1000011251,20250320,CARD,90470.25,PAID
7000011252,1000011252,20250523,CARD,36209.25,PAID
7000011253,1000011253,20250525,CARD,91151.4,PAID
7000011254,1000011254,20250921,CARD,71728.8,PAID
7000011255,1000011255,20250713,CARD,49005.0,PAID
7000011256,1000011256,20250417,CARD,77972.4,PAID
7000011257,1000011257,20250629,CARD,27588.0,PAID
7000011258,1000011258,20250104,CARD,13721.4,PAID
7000011259,1000011259,20240531,GATEWAY,28342.8,PAID
7000011260,1000011260,20240220,CARD,42688.8,PAID
7000011261,1000011261,20240415,CASH,55539.0,PAID
7000011262,1000011262,20250614,CASH,42688.8,PAID
7000011263,1000011263,20250423,CARD,35574.0,REFUNDED
7000011264,1000011264,20250304,CARD,48024.9,PAID
7000011265,1000011265,20240807,GATEWAY,72501.75,PAID
7000011266,1000011266,20250115,CASH,71547.3,PAID
7000011267,1000011267,20250311,CARD,40404.0,PAID
7000011268,1000011268,20240409,CARD,17151.75,PAID
7000011269,1000011269,20250401,CARD,32670.0,PAID
7000011270,1000011270,20240621,GATEWAY,103747.5,PAID
7000011271,1000011271,20250514,CARD,35685.0,PAID
7000011272,1000011272,20241229,GATEWAY,45604.5,PAID
7000011273,1000011273,20250905,GATEWAY,20257.5,PAID
7000011274,1000011274,20240911,CARD,85159.8,PAID
7000011275,1000011275,20240429,CARD,32670.0,PAID
7000011276,1000011276,20240604,CARD,49005.0,PAID
7000011277,1000011277,20250107,CARD,18966.75,PAID
7000011278,1000011278,20250408,CARD,85353.0,PAID
7000011279,1000011279,20240205,CARD,59350.5,FAILED
7000011280,1000011280,20250322,CASH,47553.0,PAID
7000011281,1000011281,20240310,CASH,37352.7,PAID
7000011282,1000011282,20250604,CARD,41164.2,PAID
7000011283,1000011283,20250403,GATEWAY,54561.0,PAID
7000011284,1000011284,20250331,GATEWAY,61032.0,PAID
7000011285,1000011285,20240807,CARD,26136.0,FAILED
7000011286,1000011286,20250411,TRANSFER,57172.5,PAID
7000011287,1000011287,20240625,GATEWAY,33870.0,PENDING
7000011288,1000011288,20240603,GATEWAY,42717.6,PAID
7000011289,1000011289,20250111,TRANSFER,62436.0,PAID
7000011290,1000011290,20240917,CARD,27036.0,PAID
7000011291,1000011291,20240131,CASH,28459.2,PAID
7000011292,1000011292,20240112,CARD,16335.0,PAID
7000011293,1000011293,20240718,TRANSFER,18150.0,PAID
7000011294,1000011294,20250217,CARD,76258.8,PAID
7000011295,1000011295,20241223,CARD,29949.6,PAID
7000011296,1000011296,20240504,CASH,65176.65,PAID
7000011297,1000011297,20240728,GATEWAY,54261.0,PAID
7000011298,1000011298,20240317,CARD,13968.0,PENDING
7000011299,1000011299,20250817,CARD,49524.9,PAID
7000011300,1000011300,20240513,CARD,62256.6,REFUNDED
7000011301,1000011301,20250514,CARD,17242.5,PAID
7000011302,1000011302,20240103,GATEWAY,72583.95,FAILED
7000011303,1000011303,20240926,CARD,96049.8,FAILED
7000011304,1000011304,20240529,CARD,38252.7,PAID
7000011305,1000011305,20240421,CARD,15420.0,PAID
7000011306,1000011306,20250226,CARD,18150.0,PAID
7000011307,1000011307,20250412,TRANSFER,54450.0,PAID
7000011308,1000011308,20240101,GATEWAY,19604.62,PAID
7000011309,1000011309,20240620,CARD,64178.4,PAID
7000011310,1000011310,20241123,GATEWAY,38852.7,PAID
7000011311,1000011311,20240811,CASH,81892.8,PAID
7000011312,1000011312,20250217,CARD,62910.0,PENDING
7000011313,1000011313,20250910,CARD,69744.0,PAID
7000011314,1000011314,20250708,CARD,88128.9,PAID
7000011315,1000011315,20250212,GATEWAY,31936.5,PAID
7000011316,1000011316,20240825,CARD,29359.2,PENDING
7000011317,1000011317,20241115,CASH,26136.0,PAID
7000011318,1000011318,20241123,CARD,15429.6,FAILED
7000011319,1000011319,20240802,CASH,23522.4,FAILED
7000011320,1000011320,20240202,GATEWAY,37500.0,PAID
7000011321,1000011321,20250124,GATEWAY,55350.0,PAID
7000011322,1000011322,20250921,GATEWAY,107241.38,PAID
7000011323,1000011323,20240609,GATEWAY,35385.0,PENDING
7000011324,1000011324,20250403,CARD,29949.6,PAID
7000011325,1000011325,20240630,CARD,28459.2,PAID
7000011326,1000011326,20250711,CARD,117447.12,PAID
7000011327,1000011327,20240306,CARD,18150.0,PAID
7000011328,1000011328,20240918,CARD,73689.0,PAID
7000011329,1000011329,20250709,GATEWAY,17535.0,PAID
7000011330,1000011330,20240202,CARD,32670.0,PAID
7000011331,1000011331,20240519,CARD,17151.75,PAID
7000011332,1000011332,20250613,CASH,37352.7,PAID
7000011333,1000011333,20250701,CARD,31072.56,PAID
7000011334,1000011334,20240223,CASH,85069.05,PAID
7000011335,1000011335,20250803,CARD,43888.8,PAID
7000011336,1000011336,20240305,CARD,16872.0,PAID
7000011337,1000011337,20250102,CASH,39204.0,PAID
7000011338,1000011338,20240720,CASH,53905.5,PAID
7000011339,1000011339,20241207,CARD,53361.0,REFUNDED
7000011340,1000011340,20240217,CARD,15129.6,PAID
7000011341,1000011341,20240902,GATEWAY,38852.7,PAID
7000011342,1000011342,20241024,GATEWAY,37933.5,PAID
7000011343,1000011343,20240215,CARD,49005.0,PAID
7000011344,1000011344,20250412,TRANSFER,46554.75,PAID
7000011345,1000011345,20240915,CARD,46827.0,PAID
7000011346,1000011346,20250303,CARD,30709.8,PAID
7000011347,1000011347,20250109,CASH,103455.0,PAID
7000011348,1000011348,20250224,CARD,17242.5,PAID
7000011349,1000011349,20240412,CASH,47916.0,PAID
7000011350,1000011350,20241226,CARD,42688.8,PAID
7000011351,1000011351,20240205,CARD,41430.0,PAID
7000011352,1000011352,20240424,GATEWAY,29959.2,PAID
7000011353,1000011353,20250309,GATEWAY,56029.05,PAID
7000011354,1000011354,20250411,CARD,50812.5,PAID
7000011355,1000011355,20240923,CARD,12961.2,PAID
7000011356,1000011356,20250510,TRANSFER,46957.68,REFUNDED
7000011357,1000011357,20250424,GATEWAY,88659.12,PAID
7000011358,1000011358,20240908,CASH,39204.0,PAID
7000011359,1000011359,20240708,CARD,31810.5,PAID
7000011360,1000011360,20250214,CASH,31305.12,PAID
7000011361,1000011361,20240505,CASH,32670.0,PAID
7000011362,1000011362,20240103,GATEWAY,50505.0,PAID
7000011363,1000011363,20240731,CASH,87029.25,PAID
7000011364,1000011364,20240312,CASH,17151.75,PAID
7000011365,1000011365,20241120,CARD,96812.1,PAID
7000011366,1000011366,20240920,CARD,39204.0,PAID
7000011367,1000011367,20240604,GATEWAY,40104.0,PAID
7000011368,1000011368,20240219,CASH,28459.2,PAID
7000011369,1000011369,20241222,CARD,69144.0,PAID
7000011370,1000011370,20241225,CARD,32670.0,PAID
7000011371,1000011371,20250526,CASH,31305.12,PAID
7000011372,1000011372,20241102,CARD,47857.68,FAILED
7000011373,1000011373,20250117,TRANSFER,36300.0,PAID
7000011374,1000011374,20250622,CARD,53227.5,PAID
7000011375,1000011375,20240728,CARD,53041.32,PAID
7000011376,1000011376,20240818,CARD,14229.6,PAID
7000011377,1000011377,20241214,CARD,85377.6,PAID
7000011378,1000011378,20240916,CARD,44760.0,REFUNDED
7000011379,1000011379,20250923,CASH,53361.0,PAID
7000011380,1000011380,20250514,CARD,37709.25,PAID
7000011381,1000011381,20250423,CARD,14621.4,PAID
7000011382,1000011382,20240729,CARD,64192.68,PAID
7000011383,1000011383,20241212,CARD,29040.0,PAID
7000011384,1000011384,20240220,CARD,39204.0,FAILED
7000011385,1000011385,20240210,GATEWAY,29659.2,FAILED
7000011386,1000011386,20250715,GATEWAY,32916.6,FAILED
7000011387,1000011387,20240208,CASH,69841.2,REFUNDED
7000011388,1000011388,20240816,GATEWAY,63234.6,FAILED
7000011389,1000011389,20240912,CARD,15683.7,PAID
7000011390,1000011390,20240518,CASH,54313.88,PAID
7000011391,1000011391,20241004,CARD,44278.5,PAID
7000011392,1000011392,20240217,CARD,16141.08,PAID
7000011393,1000011393,20241203,GATEWAY,111852.0,PAID
7000011394,1000011394,20250830,CARD,102986.73,PAID
7000011395,1000011395,20250815,CASH,41382.0,REFUNDED
7000011396,1000011396,20250207,CARD,13068.0,PAID
7000011397,1000011397,20240110,GATEWAY,109945.2,FAILED
7000011398,1000011398,20250928,CASH,42688.8,PAID
7000011399,1000011399,20240321,CARD,33570.0,PAID
7000011400,1000011400,20240915,GATEWAY,72665.1,PAID
7000011401,1000011401,20250122,CASH,88209.0,PAID
7000011402,1000011402,20240730,CARD,36300.0,PAID
7000011403,1000011403,20240516,TRANSFER,35574.0,PAID
7000011404,1000011404,20240219,CARD,34485.0,PAID
7000011405,1000011405,20250727,CARD,15420.0,PAID
7000011406,1000011406,20240820,CASH,27442.8,PAID
7000011407,1000011407,20250806,GATEWAY,17535.0,PAID
7000011408,1000011408,20250814,CARD,68781.0,PAID
7000011409,1000011409,20240411,TRANSFER,39204.0,PAID
7000011410,1000011410,20250805,CARD,67699.5,PAID
7000011411,1000011411,20240808,CARD,40104.0,PAID
7000011412,1000011412,20240402,CARD,16446.0,PAID
7000011413,1000011413,20250515,CARD,68355.0,PAID
7000011414,1000011414,20250516,CARD,102474.9,PAID
7000011415,1000011415,20250320,CARD,29649.6,PAID
7000011416,1000011416,20250208,CARD,99643.5,PAID
7000011417,1000011417,20250407,CARD,41382.0,PAID
7000011418,1000011418,20240218,CARD,14483.7,PAID
7000011419,1000011419,20241007,CARD,25729.2,PAID
7000011420,1000011420,20241015,CARD,33216.6,PAID
7000011421,1000011421,20240523,CARD,17535.0,PAID
7000011422,1000011422,20250626,CARD,31392.0,PAID
7000011423,1000011423,20240926,CARD,43888.8,PAID
7000011424,1000011424,20250203,GATEWAY,15294.0,PAID
7000011425,1000011425,20250530,CARD,93765.0,PAID
7000011426,1000011426,20250428,CARD,90931.5,PAID
7000011427,1000011427,20241218,GATEWAY,14306.64,PAID
7000011428,1000011428,20241203,CARD,58392.18,PAID
7000011429,1000011429,20241011,GATEWAY,69724.8,PAID
7000011430,1000011430,20241125,GATEWAY,130309.74,PENDING
7000011431,1000011431,20240608,CARD,17787.0,PAID
7000011432,1000011432,20250828,GATEWAY,15841.08,PAID
7000011433,1000011433,20240915,CARD,49005.0,PAID
7000011434,1000011434,20250902,GATEWAY,40830.0,PAID
7000011435,1000011435,20250821,CARD,54742.5,PAID
7000011436,1000011436,20240913,CARD,72348.0,PAID
7000011437,1000011437,20250910,CARD,35574.0,PAID
7000011438,1000011438,20241209,CASH,18104.62,PAID
7000011439,1000011439,20240910,CARD,39204.0,PAID
7000011440,1000011440,20250423,CARD,32926.2,FAILED
7000011441,1000011441,20250410,TRANSFER,44823.24,PAID
7000011442,1000011442,20240922,CARD,40104.0,PAID
7000011443,1000011443,20250722,GATEWAY,103810.5,PAID
7000011444,1000011444,20240408,CARD,25729.2,FAILED
7000011445,1000011445,20250314,CARD,36300.0,PAID
7000011446,1000011446,20240725,CARD,14520.0,PAID
7000011447,1000011447,20250526,CARD,92565.0,PAID
7000011448,1000011448,20250813,CARD,26136.0,PAID
7000011449,1000011449,20240329,CASH,63488.7,PAID
7000011450,1000011450,20240105,CARD,83090.7,PAID
7000011451,1000011451,20250421,CARD,44460.0,PENDING
7000011452,1000011452,20250508,GATEWAY,19876.35,PAID
7000011453,1000011453,20240513,GATEWAY,49905.0,PAID
7000011454,1000011454,20240915,CASH,14374.8,PAID
7000011455,1000011455,20250628,CASH,27588.0,PAID
7000011456,1000011456,20250721,CASH,49005.0,PAID
7000011457,1000011457,20240308,GATEWAY,35203.5,PAID
7000011458,1000011458,20250908,GATEWAY,32805.12,PAID
7000011459,1000011459,20240120,CASH,63525.0,PAID
7000011460,1000011460,20250610,CASH,27442.8,PAID
7000011461,1000011461,20240924,CARD,26136.0,PAID
7000011462,1000011462,20250909,CASH,29657.1,FAILED
7000011463,1000011463,20250618,CARD,31944.0,PAID
7000011464,1000011464,20241203,CARD,29040.0,PAID
7000011465,1000011465,20240430,CARD,30167.4,PAID
7000011466,1000011466,20250504,GATEWAY,54261.0,PAID
7000011467,1000011467,20240803,GATEWAY,35985.0,PAID
7000011468,1000011468,20240909,CASH,90495.9,PAID
7000011469,1000011469,20250121,GATEWAY,24422.4,FAILED
7000011470,1000011470,20250913,GATEWAY,74372.25,PAID
7000011471,1000011471,20241013,CARD,18966.75,PAID
7000011472,1000011472,20250102,CARD,57229.05,PAID
7000011473,1000011473,20240930,CARD,19468.5,PAID
7000011474,1000011474,20240208,CARD,65514.0,PAID
7000011475,1000011475,20240820,TRANSFER,54450.0,PAID
7000011476,1000011476,20240827,GATEWAY,40404.0,PAID
7000011477,1000011477,20240527,GATEWAY,34932.3,PAID
7000011478,1000011478,20240801,GATEWAY,79932.6,PAID
7000011479,1000011479,20241109,CARD,41382.0,PAID
7000011480,1000011480,20250917,CARD,19287.0,PAID
7000011481,1000011481,20240503,CARD,18442.5,REFUNDED
7000011482,1000011482,20241110,CARD,48924.9,FAILED
7000011483,1000011483,20240601,GATEWAY,56900.25,PAID
7000011484,1000011484,20250129,CARD,69262.5,PAID
7000011485,1000011485,20240915,CASH,28749.6,PAID
7000011486,1000011486,20240510,CARD,54450.0,PAID
7000011487,1000011487,20240622,GATEWAY,29659.2,PAID
7000011488,1000011488,20240520,TRANSFER,63379.8,PAID
7000011489,1000011489,20240914,CARD,59840.55,PAID
7000011490,1000011490,20240326,GATEWAY,40331.4,PAID
7000011491,1000011491,20250908,GATEWAY,50505.0,PAID
7000011492,1000011492,20241030,GATEWAY,78373.8,PAID
7000011493,1000011493,20240125,CASH,114795.12,REFUNDED
7000011494,1000011494,20241118,CARD,12414.6,PAID
7000011495,1000011495,20241213,CARD,14520.0,PAID
7000011496,1000011496,20250819,CARD,30240.0,PAID
7000011497,1000011497,20250513,CARD,27036.0,FAILED
7000011498,1000011498,20240316,CARD,39668.4,PAID
7000011499,1000011499,20240116,CARD,44963.28,PAID
7000011500,1000011500,20250305,CARD,109509.6,PAID
7000011501,1000011501,20240528,CASH,95832.0,PAID
7000011502,1000011502,20240902,CARD,28749.6,PAID
7000011503,1000011503,20241224,CARD,42282.0,PAID
7000011504,1000011504,20250630,CARD,27036.0,FAILED
7000011505,1000011505,20241008,GATEWAY,54561.0,PAID
7000011506,1000011506,20250522,CARD,29514.0,FAILED
7000011507,1000011507,20250402,GATEWAY,45304.5,PAID
7000011508,1000011508,20240516,GATEWAY,17535.0,PAID
7000011509,1000011509,20250202,GATEWAY,38952.0,PAID
7000011510,1000011510,20240808,CARD,124557.0,PAID
7000011511,1000011511,20250307,CARD,58100.25,PAID
7000011512,1000011512,20240708,CARD,25729.2,PAID
7000011513,1000011513,20250118,CASH,38419.92,PAID
7000011514,1000011514,20240809,CARD,89878.8,PAID
7000011515,1000011515,20250714,CASH,36300.0,PAID
7000011516,1000011516,20250330,CARD,103266.0,PAID
7000011517,1000011517,20250118,TRANSFER,39930.0,PAID
7000011518,1000011518,20250223,GATEWAY,56929.05,PAID
7000011519,1000011519,20250208,CARD,16446.0,PAID
7000011520,1000011520,20240517,CARD,54026.1,PAID
7000011521,1000011521,20250605,CARD,14994.0,PAID
7000011522,1000011522,20250202,GATEWAY,44324.4,PAID
7000011523,1000011523,20240602,CARD,43414.8,PAID
7000011524,1000011524,20250226,GATEWAY,55105.5,PAID
7000011525,1000011525,20240320,CARD,55650.0,PAID
7000011526,1000011526,20241025,CARD,29659.2,PAID
7000011527,1000011527,20241021,CASH,15173.4,PAID
7000011528,1000011528,20240722,CARD,17151.75,PAID
7000011529,1000011529,20240605,TRANSFER,33998.58,PAID
7000011530,1000011530,20241011,CARD,80694.9,PAID
7000011531,1000011531,20240409,TRANSFER,110261.25,REFUNDED
7000011532,1000011532,20241227,CARD,20557.5,PAID
7000011533,1000011533,20240103,CARD,39015.0,PAID
7000011534,1000011534,20240803,CARD,36300.0,FAILED
7000011535,1000011535,20240802,GATEWAY,44760.0,PAID
7000011536,1000011536,20240516,TRANSFER,74995.8,PAID
7000011537,1000011537,20241024,GATEWAY,28488.0,PAID
7000011538,1000011538,20240225,CARD,41382.0,PAID
7000011539,1000011539,20250206,CASH,102729.0,PAID
7000011540,1000011540,20241225,GATEWAY,18442.5,PAID
7000011541,1000011541,20240809,CARD,33570.0,PAID
7000011542,1000011542,20240130,CASH,98590.8,PAID
7000011543,1000011543,20241002,CASH,43560.0,PAID
7000011544,1000011544,20240414,CARD,17535.0,PAID
7000011545,1000011545,20240221,GATEWAY,49905.0,PAID
7000011546,1000011546,20240320,CARD,27297.6,PAID
7000011547,1000011547,20241121,CARD,57172.5,PAID
7000011548,1000011548,20250214,CARD,68418.0,PENDING
7000011549,1000011549,20250725,CASH,68824.8,PAID
7000011550,1000011550,20250917,CARD,121933.8,PENDING
7000011551,1000011551,20250115,CARD,47857.68,PAID
7000011552,1000011552,20240912,CARD,30303.0,PAID
7000011553,1000011553,20241215,GATEWAY,88683.0,PAID
7000011554,1000011554,20241227,TRANSFER,35574.0,PAID
7000011555,1000011555,20241118,CASH,43269.6,PAID
7000011556,1000011556,20240506,GATEWAY,17535.0,PAID
7000011557,1000011557,20250116,CASH,45375.0,PAID
7000011558,1000011558,20250308,CARD,29088.0,REFUNDED
7000011559,1000011559,20250413,GATEWAY,54135.0,PAID
7000011560,1000011560,20241104,CARD,138495.15,PAID
7000011561,1000011561,20250415,CARD,67612.14,PAID
7000011562,1000011562,20241214,GATEWAY,51938.85,FAILED
7000011563,1000011563,20250204,CARD,27336.0,PAID
7000011564,1000011564,20240817,CASH,54450.0,PAID
7000011565,1000011565,20250403,TRANSFER,79315.5,FAILED
7000011566,1000011566,20250912,CARD,39204.0,PAID
7000011567,1000011567,20250804,CARD,41382.0,PAID
7000011568,1000011568,20241126,CASH,74052.0,PAID
7000011569,1000011569,20240226,CARD,45181.08,REFUNDED
7000011570,1000011570,20240104,CARD,54450.0,PAID
7000011571,1000011571,20250623,CARD,27588.0,PAID
7000011572,1000011572,20250227,CASH,14374.8,FAILED
7000011573,1000011573,20250319,CARD,33940.5,PAID
7000011574,1000011574,20241107,CARD,53361.0,PAID
7000011575,1000011575,20250113,GATEWAY,14483.7,PAID
7000011576,1000011576,20241110,CARD,40104.0,FAILED
7000011577,1000011577,20250307,CARD,17787.0,PAID
7000011578,1000011578,20240802,CASH,63888.0,PAID
7000011579,1000011579,20250712,CARD,45304.5,PAID
7000011580,1000011580,20240807,CARD,40404.0,PAID
7000011581,1000011581,20241220,GATEWAY,29659.2,PAID
7000011582,1000011582,20250109,CARD,19565.7,PAID
7000011583,1000011583,20250411,GATEWAY,57229.05,PAID
7000011584,1000011584,20240913,GATEWAY,18676.35,PAID
7000011585,1000011585,20250521,GATEWAY,17235.0,PAID
7000011586,1000011586,20250202,GATEWAY,40104.0,PAID
7000011587,1000011587,20240728,GATEWAY,127932.9,PAID
7000011588,1000011588,20240507,CASH,51183.0,PAID
7000011589,1000011589,20240622,GATEWAY,42688.8,PAID
7000011590,1000011590,20250729,CASH,14483.7,PAID
7000011591,1000011591,20240203,GATEWAY,28488.0,PAID
7000011592,1000011592,20250701,CARD,35283.6,PAID
7000011593,1000011593,20250723,CARD,50820.0,PAID
7000011594,1000011594,20250723,CARD,88455.6,REFUNDED
7000011595,1000011595,20240407,CASH,17242.5,PAID
7000011596,1000011596,20250204,CASH,67169.52,PAID
7000011597,1000011597,20241102,CASH,50094.0,PENDING
7000011598,1000011598,20240224,GATEWAY,54072.48,PAID
7000011599,1000011599,20250327,CARD,29403.0,PAID
7000011600,1000011600,20240122,CARD,41164.2,PAID
7000011601,1000011601,20240903,CARD,32670.0,PAID
7000011602,1000011602,20250701,GATEWAY,32536.5,PAID
7000011603,1000011603,20250927,CARD,53227.5,PAID
7000011604,1000011604,20241204,CARD,16335.0,REFUNDED
7000011605,1000011605,20240111,CASH,57172.5,PAID
7000011606,1000011606,20250707,CARD,46023.24,PAID
7000011607,1000011607,20250714,CARD,32670.0,PAID
7000011608,1000011608,20240524,CARD,60976.5,PAID
7000011609,1000011609,20240130,GATEWAY,29504.4,PAID
7000011610,1000011610,20240517,CARD,28459.2,REFUNDED
7000011611,1000011611,20250921,CASH,28459.2,PAID
7000011612,1000011612,20240113,GATEWAY,15841.08,PAID
7000011613,1000011613,20250316,GATEWAY,29867.4,PAID
7000011614,1000011614,20240521,CARD,56900.25,FAILED
7000011615,1000011615,20250209,TRANSFER,14520.0,PAID
7000011616,1000011616,20250922,CARD,79660.35,FAILED
7000011617,1000011617,20240618,CARD,69262.5,PAID
7000011618,1000011618,20250912,GATEWAY,16718.25,PAID
7000011619,1000011619,20250705,CARD,15518.25,PAID
7000011620,1000011620,20240502,TRANSFER,19965.0,PAID
7000011621,1000011621,20240709,TRANSFER,18676.35,PENDING
7000011622,1000011622,20250811,GATEWAY,52655.25,PAID
7000011623,1000011623,20240312,CARD,43560.0,PAID
7000011624,1000011624,20240111,GATEWAY,57229.05,PAID
7000011625,1000011625,20241002,CASH,56519.1,PAID
7000011626,1000011626,20240921,CARD,15429.6,PAID
7000011627,1000011627,20241020,GATEWAY,72103.5,PAID
7000011628,1000011628,20240303,CARD,40704.0,PAID
7000011629,1000011629,20250712,CASH,18150.0,PAID
7000011630,1000011630,20240618,CARD,26813.28,PAID
7000011631,1000011631,20250616,GATEWAY,54805.5,PAID
7000011632,1000011632,20250115,CASH,27588.0,PAID
7000011633,1000011633,20250222,CARD,16335.0,PAID
7000011634,1000011634,20241009,CARD,15720.0,PAID
7000011635,1000011635,20240501,CASH,17242.5,FAILED
7000011636,1000011636,20240619,GATEWAY,15429.6,FAILED
7000011637,1000011637,20240105,CARD,49106.4,PAID
7000011638,1000011638,20241003,GATEWAY,14520.0,PAID
7000011639,1000011639,20250820,CASH,36300.0,REFUNDED
7000011640,1000011640,20240128,CARD,28459.2,REFUNDED
7000011641,1000011641,20240314,CARD,16335.0,PAID
7000011642,1000011642,20250922,CARD,43888.8,PAID
7000011643,1000011643,20250511,GATEWAY,54561.0,FAILED
7000011644,1000011644,20241015,TRANSFER,27588.0,PAID
7000011645,1000011645,20250226,GATEWAY,44278.5,PAID
7000011646,1000011646,20240609,CASH,32670.0,PAID
7000011647,1000011647,20241207,CARD,54561.0,PAID
7000011648,1000011648,20240215,CARD,29882.16,PAID
7000011649,1000011649,20250709,GATEWAY,16141.08,PAID
7000011650,1000011650,20250426,GATEWAY,66177.0,PAID
7000011651,1000011651,20240915,CARD,37800.0,PAID
7000011652,1000011652,20240605,CARD,13968.0,PENDING
7000011653,1000011653,20240127,CARD,52310.4,PAID
7000011654,1000011654,20240215,CASH,39204.0,PAID
7000011655,1000011655,20250724,GATEWAY,37500.0,PAID
7000011656,1000011656,20250611,CARD,58806.0,PAID
7000011657,1000011657,20240414,CARD,15429.6,PAID
7000011658,1000011658,20240103,CARD,99110.7,PAID
7000011659,1000011659,20240619,CARD,14374.8,PAID
7000011660,1000011660,20240812,GATEWAY,44460.0,PAID
7000011661,1000011661,20240715,CARD,18687.0,PAID
7000011662,1000011662,20240622,CARD,14229.6,PAID
7000011663,1000011663,20250324,CASH,41382.0,PAID
7000011664,1000011664,20240417,CARD,29659.2,PAID
7000011665,1000011665,20240805,CASH,59895.0,PAID
7000011666,1000011666,20240820,GATEWAY,29359.2,PAID
7000011667,1000011667,20250413,GATEWAY,35685.0,PAID
7000011668,1000011668,20240914,CARD,43560.0,FAILED
7000011669,1000011669,20241010,GATEWAY,37200.0,PAID
7000011670,1000011670,20240123,CARD,37709.25,PAID
7000011671,1000011671,20240601,CASH,103455.0,PAID
7000011672,1000011672,20240603,CASH,49005.0,PAID
7000011673,1000011673,20241128,CARD,19350.0,PAID
7000011674,1000011674,20250722,CARD,50820.0,PAID
7000011675,1000011675,20250507,CASH,27442.8,PAID
7000011676,1000011676,20250730,CASH,43560.0,PAID
7000011677,1000011677,20241220,CASH,35574.0,PAID
7000011678,1000011678,20240205,CARD,44188.8,PAID
7000011679,1000011679,20240606,CARD,39319.92,PAID
7000011680,1000011680,20250410,CASH,53542.5,PAID
7000011681,1000011681,20240420,GATEWAY,36474.0,PAID
7000011682,1000011682,20250613,CARD,54450.0,PAID
7000011683,1000011683,20250827,CASH,43560.0,PAID
7000011684,1000011684,20250426,CARD,38252.7,PAID
7000011685,1000011685,20240104,CASH,14374.8,PAID
7000011686,1000011686,20250910,GATEWAY,37074.0,PAID
7000011687,1000011687,20240209,GATEWAY,15420.0,PAID
7000011688,1000011688,20240701,GATEWAY,30303.0,PAID
7000011689,1000011689,20240116,CASH,28459.2,PAID
7000011690,1000011690,20241104,CARD,19050.0,PAID
7000011691,1000011691,20250901,CARD,45738.0,PAID
7000011692,1000011692,20250906,CARD,16008.3,REFUNDED
7000011693,1000011693,20250303,CARD,68563.2,PENDING
7000011694,1000011694,20250822,CARD,53363.1,PAID
7000011695,1000011695,20250610,GATEWAY,15720.0,PAID
7000011696,1000011696,20240615,CARD,42582.0,PAID
7000011697,1000011697,20240609,CARD,37500.0,PAID
7000011698,1000011698,20241015,CARD,37800.0,PAID
7000011699,1000011699,20250211,GATEWAY,74104.92,PAID
7000011700,1000011700,20240808,CARD,20166.75,PAID
7000011701,1000011701,20240901,GATEWAY,27636.0,PAID
7000011702,1000011702,20241007,GATEWAY,27636.0,PAID
7000011703,1000011703,20240520,CASH,58624.5,PAID
7000011704,1000011704,20240910,CARD,14229.6,PAID
7000011705,1000011705,20240326,TRANSFER,17242.5,PAID
7000011706,1000011706,20241110,CARD,17235.0,PAID
7000011707,1000011707,20240122,GATEWAY,50703.6,PAID
7000011708,1000011708,20240815,CARD,24829.2,PAID
7000011709,1000011709,20240921,GATEWAY,29359.2,PAID
7000011710,1000011710,20240411,CARD,37800.0,PAID
7000011711,1000011711,20250211,CARD,27036.0,PAID
7000011712,1000011712,20250724,CARD,36300.0,PAID
7000011713,1000011713,20250918,CASH,110261.25,PENDING
7000011714,1000011714,20240623,CARD,54722.25,PAID
7000011715,1000011715,20250207,CARD,19965.0,PAID
7000011716,1000011716,20240415,GATEWAY,54633.6,PAID
7000011717,1000011717,20241218,TRANSFER,14520.0,FAILED
7000011718,1000011718,20250106,CASH,14229.6,PAID
7000011719,1000011719,20250830,CARD,74443.8,PAID
7000011720,1000011720,20250414,CARD,29359.2,PAID
7000011721,1000011721,20240210,GATEWAY,55950.0,PAID
7000011722,1000011722,20240205,CARD,26029.2,FAILED
7000011723,1000011723,20240204,CASH,18150.0,PAID
7000011724,1000011724,20250525,GATEWAY,49186.78,PAID
7000011725,1000011725,20240303,GATEWAY,40404.0,PAID
7000011726,1000011726,20240611,CASH,13794.0,PAID
7000011727,1000011727,20240507,CARD,58697.1,PAID
7000011728,1000011728,20240817,GATEWAY,33516.6,PAID
7000011729,1000011729,20241209,CARD,29659.2,PAID
7000011730,1000011730,20240929,CARD,70724.1,PAID
7000011731,1000011731,20241007,CARD,42064.2,PENDING
7000011732,1000011732,20241208,CARD,26136.0,PAID
7000011733,1000011733,20241219,CARD,17535.0,PAID
7000011734,1000011734,20250222,GATEWAY,17242.5,PAID
7000011735,1000011735,20240927,CASH,35574.0,PAID
7000011736,1000011736,20241215,CARD,39015.0,REFUNDED
7000011737,1000011737,20241109,CARD,16335.0,PAID
7000011738,1000011738,20240628,CARD,51727.5,PAID
7000011739,1000011739,20240918,CARD,16673.4,PAID
7000011740,1000011740,20240316,CARD,15221.4,PAID
7000011741,1000011741,20240523,CASH,13068.0,PAID
7000011742,1000011742,20250312,CARD,14520.0,PAID
7000011743,1000011743,20240721,CASH,80586.0,PAID
7000011744,1000011744,20250126,GATEWAY,51838.5,PAID
7000011745,1000011745,20240331,CASH,56918.4,PAID
7000011746,1000011746,20240307,GATEWAY,18442.5,PAID
7000011747,1000011747,20240618,CARD,40104.0,PAID
7000011748,1000011748,20240724,GATEWAY,16908.3,PAID
7000011749,1000011749,20240516,GATEWAY,20257.5,PAID
7000011750,1000011750,20241212,CARD,40104.0,PAID
7000011751,1000011751,20250924,CARD,45304.5,REFUNDED
7000011752,1000011752,20240809,CARD,88600.8,REFUNDED
7000011753,1000011753,20250731,CARD,26513.28,PENDING
7000011754,1000011754,20250811,GATEWAY,71559.0,PAID
7000011755,1000011755,20241004,GATEWAY,18742.5,PAID
7000011756,1000011756,20241123,CASH,14520.0,PAID
7000011757,1000011757,20240314,CARD,27336.0,PAID
7000011758,1000011758,20250720,GATEWAY,49542.0,PAID
7000011759,1000011759,20240801,CARD,50205.0,PAID
7000011760,1000011760,20240728,GATEWAY,54924.0,PAID
7000011761,1000011761,20240820,CASH,53905.5,PAID
7000011762,1000011762,20241013,CARD,49905.0,PAID
7000011763,1000011763,20240412,CARD,39619.92,PAID
7000011764,1000011764,20250328,CARD,37709.25,PAID
7000011765,1000011765,20240607,CARD,26136.0,PAID
7000011766,1000011766,20250717,CARD,41382.0,PAID
7000011767,1000011767,20241111,CASH,82909.2,PAID
7000011768,1000011768,20240912,GATEWAY,14994.0,PAID
7000011769,1000011769,20240124,TRANSFER,32670.0,REFUNDED
7000011770,1000011770,20241209,CASH,49005.0,PAID
7000011771,1000011771,20240611,CASH,26136.0,PAID
7000011772,1000011772,20241220,CARD,13068.0,FAILED
7000011773,1000011773,20250503,GATEWAY,29903.7,PAID
7000011774,1000011774,20250130,CARD,27355.68,PAID
7000011775,1000011775,20240929,CASH,14229.6,PAID
7000011776,1000011776,20240907,CARD,58100.25,PAID
7000011777,1000011777,20240425,CARD,15383.7,PAID
7000011778,1000011778,20250103,CARD,19866.75,REFUNDED
7000011779,1000011779,20241124,CARD,49905.0,PAID
7000011780,1000011780,20240103,GATEWAY,33144.0,PAID
7000011781,1000011781,20240926,CARD,43588.8,PAID
7000011782,1000011782,20240104,CARD,17235.0,PAID
7000011783,1000011783,20240109,CARD,28488.0,PAID
7000011784,1000011784,20250511,CARD,18142.5,PAID
7000011785,1000011785,20250209,GATEWAY,15129.6,PAID
7000011786,1000011786,20240902,CARD,41164.2,PAID
7000011787,1000011787,20250914,CASH,54450.0,PAID
7000011788,1000011788,20241012,CASH,63488.7,PAID
7000011789,1000011789,20240601,CARD,57528.0,PAID
7000011790,1000011790,20250716,CARD,37500.0,PAID
7000011791,1000011791,20250506,CARD,14229.6,PAID
7000011792,1000011792,20250315,GATEWAY,35574.0,PAID
7000011793,1000011793,20250808,CARD,15246.0,PAID
7000011794,1000011794,20241010,CARD,89833.42,PAID
7000011795,1000011795,20250106,CARD,32670.0,PAID
7000011796,1000011796,20240301,CARD,53361.0,PAID
7000011797,1000011797,20240504,GATEWAY,86538.96,PAID
7000011798,1000011798,20240125,TRANSFER,46957.68,PAID
7000011799,1000011799,20241221,CARD,48859.8,PAID
7000011800,1000011800,20250605,TRANSFER,39204.0,PAID
7000011801,1000011801,20250704,CARD,18142.5,PAID
7000011802,1000011802,20240426,CASH,34485.0,PAID
7000011803,1000011803,20250523,CARD,13794.0,PAID
7000011804,1000011804,20240117,CARD,29949.6,PAID
7000011805,1000011805,20240415,CARD,14520.0,PAID
7000011806,1000011806,20240617,CARD,13794.0,PAID
7000011807,1000011807,20240620,GATEWAY,19866.75,PAID
7000011808,1000011808,20250529,CARD,121861.2,PAID
7000011809,1000011809,20240903,GATEWAY,15683.7,PAID
7000011810,1000011810,20250911,CARD,42582.0,PAID
7000011811,1000011811,20240803,GATEWAY,55795.2,PENDING
7000011812,1000011812,20250206,CARD,46420.2,REFUNDED
7000011813,1000011813,20250930,CARD,14701.5,PAID
7000011814,1000011814,20240821,CARD,43560.0,PAID
7000011815,1000011815,20240110,CARD,27036.0,PAID
7000011816,1000011816,20240314,CARD,26136.0,PAID
7000011817,1000011817,20241122,GATEWAY,37800.0,PAID
7000011818,1000011818,20250506,GATEWAY,14268.0,PAID
7000011819,1000011819,20240331,CARD,42165.84,PAID
7000011820,1000011820,20240125,CASH,30201.6,FAILED
7000011821,1000011821,20241015,GATEWAY,41382.0,PAID
7000011822,1000011822,20240912,CARD,34659.0,PAID
7000011823,1000011823,20250216,CARD,70523.4,PAID
7000011824,1000011824,20240620,CASH,14520.0,PAID
7000011825,1000011825,20250416,CARD,75939.6,FAILED
7000011826,1000011826,20250629,CARD,26136.0,PAID
7000011827,1000011827,20250817,GATEWAY,18987.0,FAILED
7000011828,1000011828,20240310,CARD,98304.03,PAID
7000011829,1000011829,20240705,GATEWAY,74271.9,PAID
7000011830,1000011830,20250609,CARD,36474.0,PAID
7000011831,1000011831,20250804,CARD,27636.0,PAID
7000011832,1000011832,20240905,GATEWAY,78649.68,PAID
7000011833,1000011833,20241118,CARD,91587.0,PAID
7000011834,1000011834,20240415,TRANSFER,45738.0,PAID
7000011835,1000011835,20240617,CARD,36300.0,FAILED
7000011836,1000011836,20240227,GATEWAY,33870.0,PAID
7000011837,1000011837,20250609,CASH,24829.2,PAID
7000011838,1000011838,20250202,CASH,27442.8,PAID
7000011839,1000011839,20241202,CASH,39204.0,PAID
7000011840,1000011840,20250809,CARD,31305.12,PAID
7000011841,1000011841,20240405,GATEWAY,35574.0,PENDING
7000011842,1000011842,20250812,GATEWAY,50268.0,PAID
7000011843,1000011843,20250415,CARD,15720.0,PAID
7000011844,1000011844,20240326,CARD,34051.5,PAID
7000011845,1000011845,20241211,CARD,17787.0,PAID
7000011846,1000011846,20250311,CARD,14701.5,PAID
7000011847,1000011847,20250903,TRANSFER,54450.0,PAID
7000011848,1000011848,20240828,CARD,53227.5,PAID
7000011849,1000011849,20240305,CARD,52627.5,PAID
7000011850,1000011850,20241109,GATEWAY,17535.0,PAID
7000011851,1000011851,20240208,CARD,52627.5,PAID
7000011852,1000011852,20250802,GATEWAY,55350.0,PAID
7000011853,1000011853,20241221,CARD,16852.56,PAID
7000011854,1000011854,20240601,CASH,16335.0,PAID
7000011855,1000011855,20240302,CASH,35283.6,PAID
7000011856,1000011856,20240708,CASH,26136.0,PAID
7000011857,1000011857,20250127,CARD,18987.0,PAID
7000011858,1000011858,20240626,CARD,13068.0,PAID
7000011859,1000011859,20240326,CARD,31936.5,PAID
7000011860,1000011860,20240402,CARD,23522.4,PAID
7000011861,1000011861,20240706,CARD,17787.0,PAID
7000011862,1000011862,20250108,CARD,35685.0,PAID
7000011863,1000011863,20250308,CARD,64470.9,PAID
7000011864,1000011864,20240118,CARD,58672.5,PAID
7000011865,1000011865,20241130,GATEWAY,40104.0,PAID
7000011866,1000011866,20250820,GATEWAY,17535.0,FAILED
7000011867,1000011867,20250217,CASH,26136.0,PAID
7000011868,1000011868,20250526,GATEWAY,16335.0,PAID
7000011869,1000011869,20240105,GATEWAY,28923.6,PAID
7000011870,1000011870,20250830,CASH,49005.0,PAID
7000011871,1000011871,20250904,GATEWAY,52627.5,PAID
7000011872,1000011872,20250527,CARD,20557.5,PAID
7000011873,1000011873,20250829,CASH,14520.0,PAID
7000011874,1000011874,20250324,CARD,49905.0,PAID
7000011875,1000011875,20250502,CASH,34485.0,PAID
7000011876,1000011876,20241216,CASH,92837.25,PAID
7000011877,1000011877,20240419,GATEWAY,33706.12,PAID
7000011878,1000011878,20241209,CARD,34485.0,PAID
7000011879,1000011879,20250907,CARD,24722.4,PAID
7000011880,1000011880,20250521,CARD,36774.0,PAID
7000011881,1000011881,20240523,CASH,35574.0,PAID
7000011882,1000011882,20240219,GATEWAY,36474.0,PAID
7000011883,1000011883,20250314,CARD,32670.0,PAID
7000011884,1000011884,20240505,TRANSFER,86103.6,PAID
7000011885,1000011885,20250212,CARD,53227.5,PAID
7000011886,1000011886,20240710,TRANSFER,49005.0,PAID
7000011887,1000011887,20240705,CARD,42282.0,PAID
7000011888,1000011888,20250114,CARD,54261.0,PAID
7000011889,1000011889,20250908,CARD,15429.6,PAID
7000011890,1000011890,20250528,CARD,15129.6,PAID
7000011891,1000011891,20250826,CARD,59895.0,PAID
7000011892,1000011892,20250228,GATEWAY,14568.0,PAID
7000011893,1000011893,20240331,GATEWAY,31944.0,PAID
7000011894,1000011894,20250731,CARD,44351.1,PAID
7000011895,1000011895,20250309,CASH,42688.8,PAID
7000011896,1000011896,20240604,GATEWAY,53227.5,PAID
7000011897,1000011897,20241105,TRANSFER,69314.85,PAID
7000011898,1000011898,20240621,CARD,101034.08,FAILED
7000011899,1000011899,20240124,CARD,40830.0,REFUNDED
7000011900,1000011900,20241227,GATEWAY,62590.56,PAID
7000011901,1000011901,20240810,CASH,19057.5,PAID
7000011902,1000011902,20250503,CARD,41382.0,PAID
7000011903,1000011903,20240107,GATEWAY,88564.5,PAID
7000011904,1000011904,20240306,CARD,17242.5,PAID
7000011905,1000011905,20240730,CARD,29359.2,PAID
7000011906,1000011906,20250804,GATEWAY,58834.8,PAID
7000011907,1000011907,20250411,CARD,15601.5,PAID
7000011908,1000011908,20241024,GATEWAY,36774.0,PAID
7000011909,1000011909,20241201,CARD,93329.4,PAID
7000011910,1000011910,20250722,CARD,90931.5,PAID
7000011911,1000011911,20250214,CARD,19565.7,PAID
7000011912,1000011912,20250525,GATEWAY,27336.0,PAID
7000011913,1000011913,20250325,GATEWAY,91369.2,PAID
7000011914,1000011914,20250112,CARD,55650.0,PAID
7000011915,1000011915,20240411,GATEWAY,13721.4,PAID
7000011916,1000011916,20240518,GATEWAY,29903.7,PAID
7000011917,1000011917,20250831,GATEWAY,15129.6,PAID
7000011918,1000011918,20240908,GATEWAY,43008.0,PAID
7000011919,1000011919,20250418,CASH,85305.0,REFUNDED
7000011920,1000011920,20240928,CASH,63499.59,PAID
7000011921,1000011921,20240728,GATEWAY,17535.0,PAID
7000011922,1000011922,20250420,CARD,54450.0,PAID
7000011923,1000011923,20250109,CARD,44188.8,PAID
7000011924,1000011924,20240305,GATEWAY,40404.0,PAID
7000011925,1000011925,20250305,GATEWAY,36474.0,PAID
7000011926,1000011926,20240322,GATEWAY,57818.4,PAID
7000011927,1000011927,20240220,CARD,41527.2,PAID
7000011928,1000011928,20241216,GATEWAY,75133.5,PAID
7000011929,1000011929,20240515,GATEWAY,18676.35,PAID
7000011930,1000011930,20240323,CASH,18104.62,PAID
7000011931,1000011931,20241218,GATEWAY,15429.6,PENDING
7000011932,1000011932,20241128,GATEWAY,29882.16,FAILED
7000011933,1000011933,20240427,GATEWAY,31764.6,PAID
7000011934,1000011934,20250717,CARD,48279.0,PAID
7000011935,1000011935,20240523,CASH,15246.0,PAID
7000011936,1000011936,20241007,GATEWAY,74126.7,PAID
7000011937,1000011937,20240508,CARD,30303.0,PAID
7000011938,1000011938,20240518,CASH,35574.0,PAID
7000011939,1000011939,20250617,GATEWAY,45004.5,PAID
7000011940,1000011940,20250826,CARD,42582.0,PENDING
7000011941,1000011941,20250807,GATEWAY,17835.0,PAID
7000011942,1000011942,20240708,GATEWAY,39433.5,PAID
7000011943,1000011943,20241118,CARD,11761.2,PAID
7000011944,1000011944,20250511,CARD,68079.12,PAID
7000011945,1000011945,20250319,CARD,32670.0,PAID
7000011946,1000011946,20241211,CARD,17535.0,FAILED
7000011947,1000011947,20240827,CARD,69333.0,PAID
7000011948,1000011948,20240113,CASH,57717.0,PAID
7000011949,1000011949,20250808,CARD,72600.0,PAID
7000011950,1000011950,20241112,CASH,65122.2,PAID
7000011951,1000011951,20241015,CARD,19350.0,PAID
7000011952,1000011952,20250722,GATEWAY,49005.0,PAID
7000011953,1000011953,20250731,CASH,41382.0,PAID
7000011954,1000011954,20240303,CARD,38443.8,PAID
7000011955,1000011955,20240901,CARD,17235.0,REFUNDED
7000011956,1000011956,20250212,CARD,70959.0,PAID
7000011957,1000011957,20240810,CASH,12806.64,PAID
7000011958,1000011958,20250209,CARD,111017.1,PAID
7000011959,1000011959,20250129,CASH,39204.0,PAID
7000011960,1000011960,20241211,CARD,26136.0,PENDING
7000011961,1000011961,20250728,CARD,15173.4,PAID
7000011962,1000011962,20240529,CARD,37500.0,PAID
7000011963,1000011963,20240102,TRANSFER,57208.8,PAID
7000011964,1000011964,20250514,CARD,45520.2,PAID
7000011965,1000011965,20250104,CARD,27036.0,PAID
7000011966,1000011966,20250226,CASH,44823.24,PAID
7000011967,1000011967,20241022,CARD,15429.6,PAID
7000011968,1000011968,20250514,GATEWAY,33570.0,PAID
7000011969,1000011969,20250519,CARD,35685.0,PAID
7000011970,1000011970,20250918,CARD,46938.0,PAID
7000011971,1000011971,20250713,CARD,13968.0,PAID
7000011972,1000011972,20250722,CARD,95287.5,PAID
7000011973,1000011973,20250811,CARD,29359.2,REFUNDED
7000011974,1000011974,20250425,GATEWAY,31692.0,PAID
7000011975,1000011975,20241103,CARD,29940.0,PENDING
7000011976,1000011976,20250330,CARD,18966.75,PAID
7000011977,1000011977,20250114,CARD,68655.0,PAID
7000011978,1000011978,20241016,CASH,29040.0,REFUNDED
7000011979,1000011979,20240104,TRANSFER,42834.0,PAID
7000011980,1000011980,20240923,CARD,52635.0,PAID
7000011981,1000011981,20240811,CARD,40631.4,FAILED
7000011982,1000011982,20240219,CARD,54016.5,PAID
7000011983,1000011983,20240423,CARD,47509.2,PAID
7000011984,1000011984,20240529,CASH,37243.8,PAID
7000011985,1000011985,20240905,CARD,113149.2,PAID
7000011986,1000011986,20250320,TRANSFER,65957.1,PAID
7000011987,1000011987,20240719,CARD,34485.0,PAID
7000011988,1000011988,20240628,GATEWAY,65354.28,FAILED
7000011989,1000011989,20250422,TRANSFER,16335.0,FAILED
7000011990,1000011990,20240313,CARD,36483.6,PAID
7000011991,1000011991,20250131,CASH,16335.0,PAID
7000011992,1000011992,20250222,GATEWAY,49116.0,PAID
7000011993,1000011993,20240927,GATEWAY,60831.3,PAID
7000011994,1000011994,20240721,CASH,18150.0,PAID
7000011995,1000011995,20250611,CARD,32670.0,PAID
7000011996,1000011996,20240903,GATEWAY,25613.28,PAID
7000011997,1000011997,20250504,CARD,78964.2,REFUNDED
7000011998,1000011998,20250720,CARD,17242.5,PAID
7000011999,1000011999,20250820,CARD,68325.96,PAID
